ISO-10303-21;
HEADER;
/* Generated by software containing ST-Developer
 * from STEP Tools, Inc. (www.steptools.com) 
 */
/* OPTION: using custom renumber hook */

FILE_DESCRIPTION(
/* description */ ('STEP AP242 Edition 2',
'CAx-IF Rec.Pracs.---Representation and Presentation of Product Manufa
cturing Information (PMI)---4.0---2014-10-13',
'CAx-IF Rec.Pracs.---3D Tessellated Geometry---0.4---2014-09-14','2;1',
'CAx-IF Rec.Pracs.---User Defined Attributes---1.5---2016-08-15'),
/* implementation_level */ '2;1');

FILE_NAME(
/* name */ 'Chasis - Front Base',
/* time_stamp */ '2026-08-09T23:11:47Z',
/* author */ (''),
/* organization */ (''),
/* preprocessor_version */ 'ST-DEVELOPER v20',
/* originating_system */ 'ONSHAPE BY PTC INC, 1.219',
/* authorisation */ '  ');

FILE_SCHEMA (('AP242_MANAGED_MODEL_BASED_3D_ENGINEERING_MIM_LF { 1 0 10303 442 3 1 4 }'));
ENDSEC;

DATA;
#10=SHAPE_REPRESENTATION_RELATIONSHIP('','',#1823,#11);
#11=ADVANCED_BREP_SHAPE_REPRESENTATION('',(#1821),#3031);
#12=CYLINDRICAL_SURFACE('',#1884,0.00165);
#13=CYLINDRICAL_SURFACE('',#1885,0.00165);
#14=CYLINDRICAL_SURFACE('',#1886,0.0084);
#15=CYLINDRICAL_SURFACE('',#1888,0.0084);
#16=CYLINDRICAL_SURFACE('',#1890,0.0104);
#17=CYLINDRICAL_SURFACE('',#1895,0.0104);
#18=CYLINDRICAL_SURFACE('',#1901,0.00250738645117617);
#19=CYLINDRICAL_SURFACE('',#1905,0.00250738645117593);
#20=CYLINDRICAL_SURFACE('',#1910,0.00250738645117593);
#21=CYLINDRICAL_SURFACE('',#1913,0.00250738645117619);
#22=CYLINDRICAL_SURFACE('',#1918,0.00250738645117593);
#23=CYLINDRICAL_SURFACE('',#1920,0.000775);
#24=CYLINDRICAL_SURFACE('',#1926,0.00250738645117593);
#25=CYLINDRICAL_SURFACE('',#1928,0.000775);
#26=CYLINDRICAL_SURFACE('',#1933,0.00250738645117593);
#27=CYLINDRICAL_SURFACE('',#1936,0.000775);
#28=CYLINDRICAL_SURFACE('',#1941,0.000775);
#29=CYLINDRICAL_SURFACE('',#1944,0.00250738645117593);
#30=CYLINDRICAL_SURFACE('',#1951,0.002);
#31=CYLINDRICAL_SURFACE('',#1954,0.002);
#32=CYLINDRICAL_SURFACE('',#1957,0.002);
#33=CYLINDRICAL_SURFACE('',#1960,0.002);
#34=CYLINDRICAL_SURFACE('',#1967,0.004);
#35=CYLINDRICAL_SURFACE('',#1968,0.004);
#36=CYLINDRICAL_SURFACE('',#1982,0.0051);
#37=CYLINDRICAL_SURFACE('',#1986,0.0051);
#38=CYLINDRICAL_SURFACE('',#1990,0.00165);
#39=CYLINDRICAL_SURFACE('',#1991,0.00165);
#40=CYLINDRICAL_SURFACE('',#1992,0.00165);
#41=CYLINDRICAL_SURFACE('',#1993,0.00165);
#42=CYLINDRICAL_SURFACE('',#1994,0.00165);
#43=CYLINDRICAL_SURFACE('',#1995,0.00165);
#44=CYLINDRICAL_SURFACE('',#1996,0.00165);
#45=CYLINDRICAL_SURFACE('',#1997,0.00165);
#46=CYLINDRICAL_SURFACE('',#1998,0.00165);
#47=CIRCLE('',#1828,0.00165);
#48=CIRCLE('',#1829,0.00165);
#49=CIRCLE('',#1831,0.00165);
#50=CIRCLE('',#1832,0.00165);
#51=CIRCLE('',#1834,0.00165);
#52=CIRCLE('',#1835,0.00165);
#53=CIRCLE('',#1837,0.002);
#54=CIRCLE('',#1838,0.002);
#55=CIRCLE('',#1839,0.002);
#56=CIRCLE('',#1840,0.002);
#57=CIRCLE('',#1842,0.00250738645117593);
#58=CIRCLE('',#1843,0.00250738645117593);
#59=CIRCLE('',#1844,0.00250738645117593);
#60=CIRCLE('',#1845,0.0104);
#61=CIRCLE('',#1846,0.00250738645117619);
#62=CIRCLE('',#1848,0.00250738645117593);
#63=CIRCLE('',#1849,0.00250738645117593);
#64=CIRCLE('',#1850,0.0104);
#65=CIRCLE('',#1851,0.00250738645117617);
#66=CIRCLE('',#1852,0.00250738645117593);
#67=CIRCLE('',#1854,0.0084);
#68=CIRCLE('',#1855,0.0084);
#69=CIRCLE('',#1859,0.00165);
#70=CIRCLE('',#1860,0.00165);
#71=CIRCLE('',#1862,0.00165);
#72=CIRCLE('',#1863,0.00165);
#73=CIRCLE('',#1864,0.00165);
#74=CIRCLE('',#1865,0.00165);
#75=CIRCLE('',#1866,0.004);
#76=CIRCLE('',#1867,0.004);
#77=CIRCLE('',#1872,0.00165);
#78=CIRCLE('',#1873,0.00165);
#79=CIRCLE('',#1878,0.004);
#80=CIRCLE('',#1879,0.004);
#81=CIRCLE('',#1880,0.00165);
#82=CIRCLE('',#1881,0.00165);
#83=CIRCLE('',#1883,0.00165);
#84=CIRCLE('',#1887,0.0084);
#85=CIRCLE('',#1889,0.0084);
#86=CIRCLE('',#1891,0.0104);
#87=CIRCLE('',#1892,0.0104);
#88=CIRCLE('',#1893,0.0104);
#89=CIRCLE('',#1896,0.0104);
#90=CIRCLE('',#1897,0.0104);
#91=CIRCLE('',#1898,0.0104);
#92=CIRCLE('',#1902,0.00250738645117593);
#93=CIRCLE('',#1903,0.00250738645117617);
#94=CIRCLE('',#1906,0.00250738645117593);
#95=CIRCLE('',#1907,0.00250738645117593);
#96=CIRCLE('',#1911,0.00250738645117593);
#97=CIRCLE('',#1912,0.00250738645117593);
#98=CIRCLE('',#1914,0.00250738645117594);
#99=CIRCLE('',#1915,0.00250738645117619);
#100=CIRCLE('',#1919,0.00250738645117593);
#101=CIRCLE('',#1921,0.000775);
#102=CIRCLE('',#1922,0.000775);
#103=CIRCLE('',#1927,0.00250738645117593);
#104=CIRCLE('',#1929,0.000775);
#105=CIRCLE('',#1930,0.000775);
#106=CIRCLE('',#1934,0.00250738645117593);
#107=CIRCLE('',#1937,0.000775);
#108=CIRCLE('',#1938,0.000775);
#109=CIRCLE('',#1942,0.000775);
#110=CIRCLE('',#1943,0.000775);
#111=CIRCLE('',#1945,0.00250738645117593);
#112=CIRCLE('',#1952,0.002);
#113=CIRCLE('',#1955,0.002);
#114=CIRCLE('',#1958,0.002);
#115=CIRCLE('',#1961,0.002);
#116=CIRCLE('',#1972,0.00165);
#117=CIRCLE('',#1976,0.00165);
#118=CIRCLE('',#1979,0.00165);
#119=CIRCLE('',#1983,0.0051);
#120=CIRCLE('',#1985,0.00165);
#121=CIRCLE('',#1987,0.0051);
#122=CIRCLE('',#1989,0.00165);
#123=ELLIPSE('',#1826,0.0089469687584777,0.0051);
#124=ELLIPSE('',#1857,0.00894696875847769,0.0051);
#125=ORIENTED_EDGE('',*,*,#613,.F.);
#126=ORIENTED_EDGE('',*,*,#614,.F.);
#127=ORIENTED_EDGE('',*,*,#615,.T.);
#128=ORIENTED_EDGE('',*,*,#616,.T.);
#129=ORIENTED_EDGE('',*,*,#617,.F.);
#130=ORIENTED_EDGE('',*,*,#618,.T.);
#131=ORIENTED_EDGE('',*,*,#619,.F.);
#132=ORIENTED_EDGE('',*,*,#620,.F.);
#133=ORIENTED_EDGE('',*,*,#621,.F.);
#134=ORIENTED_EDGE('',*,*,#622,.F.);
#135=ORIENTED_EDGE('',*,*,#623,.T.);
#136=ORIENTED_EDGE('',*,*,#624,.T.);
#137=ORIENTED_EDGE('',*,*,#625,.T.);
#138=ORIENTED_EDGE('',*,*,#626,.T.);
#139=ORIENTED_EDGE('',*,*,#627,.F.);
#140=ORIENTED_EDGE('',*,*,#628,.F.);
#141=ORIENTED_EDGE('',*,*,#629,.T.);
#142=ORIENTED_EDGE('',*,*,#630,.F.);
#143=ORIENTED_EDGE('',*,*,#631,.T.);
#144=ORIENTED_EDGE('',*,*,#632,.T.);
#145=ORIENTED_EDGE('',*,*,#633,.T.);
#146=ORIENTED_EDGE('',*,*,#634,.F.);
#147=ORIENTED_EDGE('',*,*,#635,.F.);
#148=ORIENTED_EDGE('',*,*,#636,.T.);
#149=ORIENTED_EDGE('',*,*,#637,.F.);
#150=ORIENTED_EDGE('',*,*,#638,.F.);
#151=ORIENTED_EDGE('',*,*,#639,.F.);
#152=ORIENTED_EDGE('',*,*,#622,.T.);
#153=ORIENTED_EDGE('',*,*,#640,.F.);
#154=ORIENTED_EDGE('',*,*,#641,.T.);
#155=ORIENTED_EDGE('',*,*,#642,.T.);
#156=ORIENTED_EDGE('',*,*,#616,.F.);
#157=ORIENTED_EDGE('',*,*,#643,.T.);
#158=ORIENTED_EDGE('',*,*,#644,.T.);
#159=ORIENTED_EDGE('',*,*,#624,.F.);
#160=ORIENTED_EDGE('',*,*,#645,.T.);
#161=ORIENTED_EDGE('',*,*,#646,.T.);
#162=ORIENTED_EDGE('',*,*,#647,.T.);
#163=ORIENTED_EDGE('',*,*,#648,.F.);
#164=ORIENTED_EDGE('',*,*,#649,.F.);
#165=ORIENTED_EDGE('',*,*,#650,.T.);
#166=ORIENTED_EDGE('',*,*,#651,.T.);
#167=ORIENTED_EDGE('',*,*,#652,.F.);
#168=ORIENTED_EDGE('',*,*,#653,.T.);
#169=ORIENTED_EDGE('',*,*,#654,.F.);
#170=ORIENTED_EDGE('',*,*,#655,.F.);
#171=ORIENTED_EDGE('',*,*,#656,.F.);
#172=ORIENTED_EDGE('',*,*,#657,.F.);
#173=ORIENTED_EDGE('',*,*,#658,.F.);
#174=ORIENTED_EDGE('',*,*,#659,.T.);
#175=ORIENTED_EDGE('',*,*,#660,.T.);
#176=ORIENTED_EDGE('',*,*,#661,.T.);
#177=ORIENTED_EDGE('',*,*,#662,.F.);
#178=ORIENTED_EDGE('',*,*,#663,.F.);
#179=ORIENTED_EDGE('',*,*,#664,.T.);
#180=ORIENTED_EDGE('',*,*,#665,.T.);
#181=ORIENTED_EDGE('',*,*,#666,.F.);
#182=ORIENTED_EDGE('',*,*,#667,.F.);
#183=ORIENTED_EDGE('',*,*,#668,.F.);
#184=ORIENTED_EDGE('',*,*,#669,.F.);
#185=ORIENTED_EDGE('',*,*,#670,.T.);
#186=ORIENTED_EDGE('',*,*,#671,.T.);
#187=ORIENTED_EDGE('',*,*,#672,.T.);
#188=ORIENTED_EDGE('',*,*,#673,.T.);
#189=ORIENTED_EDGE('',*,*,#674,.F.);
#190=ORIENTED_EDGE('',*,*,#675,.T.);
#191=ORIENTED_EDGE('',*,*,#676,.F.);
#192=ORIENTED_EDGE('',*,*,#677,.F.);
#193=ORIENTED_EDGE('',*,*,#678,.T.);
#194=ORIENTED_EDGE('',*,*,#679,.F.);
#195=ORIENTED_EDGE('',*,*,#680,.T.);
#196=ORIENTED_EDGE('',*,*,#681,.F.);
#197=ORIENTED_EDGE('',*,*,#682,.T.);
#198=ORIENTED_EDGE('',*,*,#683,.T.);
#199=ORIENTED_EDGE('',*,*,#684,.T.);
#200=ORIENTED_EDGE('',*,*,#685,.F.);
#201=ORIENTED_EDGE('',*,*,#686,.T.);
#202=ORIENTED_EDGE('',*,*,#687,.T.);
#203=ORIENTED_EDGE('',*,*,#688,.F.);
#204=ORIENTED_EDGE('',*,*,#689,.F.);
#205=ORIENTED_EDGE('',*,*,#690,.T.);
#206=ORIENTED_EDGE('',*,*,#691,.T.);
#207=ORIENTED_EDGE('',*,*,#692,.T.);
#208=ORIENTED_EDGE('',*,*,#693,.T.);
#209=ORIENTED_EDGE('',*,*,#632,.F.);
#210=ORIENTED_EDGE('',*,*,#694,.T.);
#211=ORIENTED_EDGE('',*,*,#688,.T.);
#212=ORIENTED_EDGE('',*,*,#695,.F.);
#213=ORIENTED_EDGE('',*,*,#696,.F.);
#214=ORIENTED_EDGE('',*,*,#697,.T.);
#215=ORIENTED_EDGE('',*,*,#698,.F.);
#216=ORIENTED_EDGE('',*,*,#699,.F.);
#217=ORIENTED_EDGE('',*,*,#700,.T.);
#218=ORIENTED_EDGE('',*,*,#701,.T.);
#219=ORIENTED_EDGE('',*,*,#702,.F.);
#220=ORIENTED_EDGE('',*,*,#703,.T.);
#221=ORIENTED_EDGE('',*,*,#681,.T.);
#222=ORIENTED_EDGE('',*,*,#704,.T.);
#223=ORIENTED_EDGE('',*,*,#705,.T.);
#224=ORIENTED_EDGE('',*,*,#613,.T.);
#225=ORIENTED_EDGE('',*,*,#642,.F.);
#226=ORIENTED_EDGE('',*,*,#706,.T.);
#227=ORIENTED_EDGE('',*,*,#707,.T.);
#228=ORIENTED_EDGE('',*,*,#635,.T.);
#229=ORIENTED_EDGE('',*,*,#708,.F.);
#230=ORIENTED_EDGE('',*,*,#709,.T.);
#231=ORIENTED_EDGE('',*,*,#695,.T.);
#232=ORIENTED_EDGE('',*,*,#691,.F.);
#233=ORIENTED_EDGE('',*,*,#710,.T.);
#234=ORIENTED_EDGE('',*,*,#651,.F.);
#235=ORIENTED_EDGE('',*,*,#711,.F.);
#236=ORIENTED_EDGE('',*,*,#712,.T.);
#237=ORIENTED_EDGE('',*,*,#649,.T.);
#238=ORIENTED_EDGE('',*,*,#713,.F.);
#239=ORIENTED_EDGE('',*,*,#714,.F.);
#240=ORIENTED_EDGE('',*,*,#715,.T.);
#241=ORIENTED_EDGE('',*,*,#714,.T.);
#242=ORIENTED_EDGE('',*,*,#716,.F.);
#243=ORIENTED_EDGE('',*,*,#646,.F.);
#244=ORIENTED_EDGE('',*,*,#717,.T.);
#245=ORIENTED_EDGE('',*,*,#718,.F.);
#246=ORIENTED_EDGE('',*,*,#719,.F.);
#247=ORIENTED_EDGE('',*,*,#720,.F.);
#248=ORIENTED_EDGE('',*,*,#630,.T.);
#249=ORIENTED_EDGE('',*,*,#721,.F.);
#250=ORIENTED_EDGE('',*,*,#722,.F.);
#251=ORIENTED_EDGE('',*,*,#723,.F.);
#252=ORIENTED_EDGE('',*,*,#724,.T.);
#253=ORIENTED_EDGE('',*,*,#702,.T.);
#254=ORIENTED_EDGE('',*,*,#690,.F.);
#255=ORIENTED_EDGE('',*,*,#705,.F.);
#256=ORIENTED_EDGE('',*,*,#725,.T.);
#257=ORIENTED_EDGE('',*,*,#726,.T.);
#258=ORIENTED_EDGE('',*,*,#614,.T.);
#259=ORIENTED_EDGE('',*,*,#727,.T.);
#260=ORIENTED_EDGE('',*,*,#712,.F.);
#261=ORIENTED_EDGE('',*,*,#728,.F.);
#262=ORIENTED_EDGE('',*,*,#722,.T.);
#263=ORIENTED_EDGE('',*,*,#683,.F.);
#264=ORIENTED_EDGE('',*,*,#729,.T.);
#265=ORIENTED_EDGE('',*,*,#723,.T.);
#266=ORIENTED_EDGE('',*,*,#689,.T.);
#267=ORIENTED_EDGE('',*,*,#694,.F.);
#268=ORIENTED_EDGE('',*,*,#631,.F.);
#269=ORIENTED_EDGE('',*,*,#720,.T.);
#270=ORIENTED_EDGE('',*,*,#728,.T.);
#271=ORIENTED_EDGE('',*,*,#711,.T.);
#272=ORIENTED_EDGE('',*,*,#650,.F.);
#273=ORIENTED_EDGE('',*,*,#715,.F.);
#274=ORIENTED_EDGE('',*,*,#717,.F.);
#275=ORIENTED_EDGE('',*,*,#645,.F.);
#276=ORIENTED_EDGE('',*,*,#623,.F.);
#277=ORIENTED_EDGE('',*,*,#639,.T.);
#278=ORIENTED_EDGE('',*,*,#615,.F.);
#279=ORIENTED_EDGE('',*,*,#726,.F.);
#280=ORIENTED_EDGE('',*,*,#730,.T.);
#281=ORIENTED_EDGE('',*,*,#731,.T.);
#282=ORIENTED_EDGE('',*,*,#732,.T.);
#283=ORIENTED_EDGE('',*,*,#733,.T.);
#284=ORIENTED_EDGE('',*,*,#625,.F.);
#285=ORIENTED_EDGE('',*,*,#647,.F.);
#286=ORIENTED_EDGE('',*,*,#716,.T.);
#287=ORIENTED_EDGE('',*,*,#713,.T.);
#288=ORIENTED_EDGE('',*,*,#648,.T.);
#289=ORIENTED_EDGE('',*,*,#710,.F.);
#290=ORIENTED_EDGE('',*,*,#727,.F.);
#291=ORIENTED_EDGE('',*,*,#721,.T.);
#292=ORIENTED_EDGE('',*,*,#629,.F.);
#293=ORIENTED_EDGE('',*,*,#734,.F.);
#294=ORIENTED_EDGE('',*,*,#735,.F.);
#295=ORIENTED_EDGE('',*,*,#736,.T.);
#296=ORIENTED_EDGE('',*,*,#732,.F.);
#297=ORIENTED_EDGE('',*,*,#701,.F.);
#298=ORIENTED_EDGE('',*,*,#731,.F.);
#299=ORIENTED_EDGE('',*,*,#700,.F.);
#300=ORIENTED_EDGE('',*,*,#680,.F.);
#301=ORIENTED_EDGE('',*,*,#737,.T.);
#302=ORIENTED_EDGE('',*,*,#685,.T.);
#303=ORIENTED_EDGE('',*,*,#738,.F.);
#304=ORIENTED_EDGE('',*,*,#739,.T.);
#305=ORIENTED_EDGE('',*,*,#740,.T.);
#306=ORIENTED_EDGE('',*,*,#741,.T.);
#307=ORIENTED_EDGE('',*,*,#667,.T.);
#308=ORIENTED_EDGE('',*,*,#742,.F.);
#309=ORIENTED_EDGE('',*,*,#743,.T.);
#310=ORIENTED_EDGE('',*,*,#744,.F.);
#311=ORIENTED_EDGE('',*,*,#745,.F.);
#312=ORIENTED_EDGE('',*,*,#746,.T.);
#313=ORIENTED_EDGE('',*,*,#747,.F.);
#314=ORIENTED_EDGE('',*,*,#739,.F.);
#315=ORIENTED_EDGE('',*,*,#748,.T.);
#316=ORIENTED_EDGE('',*,*,#675,.F.);
#317=ORIENTED_EDGE('',*,*,#749,.F.);
#318=ORIENTED_EDGE('',*,*,#750,.F.);
#319=ORIENTED_EDGE('',*,*,#746,.F.);
#320=ORIENTED_EDGE('',*,*,#751,.T.);
#321=ORIENTED_EDGE('',*,*,#752,.T.);
#322=ORIENTED_EDGE('',*,*,#753,.F.);
#323=ORIENTED_EDGE('',*,*,#754,.T.);
#324=ORIENTED_EDGE('',*,*,#744,.T.);
#325=ORIENTED_EDGE('',*,*,#755,.T.);
#326=ORIENTED_EDGE('',*,*,#752,.F.);
#327=ORIENTED_EDGE('',*,*,#756,.F.);
#328=ORIENTED_EDGE('',*,*,#745,.T.);
#329=ORIENTED_EDGE('',*,*,#756,.T.);
#330=ORIENTED_EDGE('',*,*,#751,.F.);
#331=ORIENTED_EDGE('',*,*,#748,.F.);
#332=ORIENTED_EDGE('',*,*,#738,.T.);
#333=ORIENTED_EDGE('',*,*,#737,.F.);
#334=ORIENTED_EDGE('',*,*,#757,.T.);
#335=ORIENTED_EDGE('',*,*,#758,.T.);
#336=ORIENTED_EDGE('',*,*,#759,.T.);
#337=ORIENTED_EDGE('',*,*,#676,.T.);
#338=ORIENTED_EDGE('',*,*,#754,.F.);
#339=ORIENTED_EDGE('',*,*,#760,.F.);
#340=ORIENTED_EDGE('',*,*,#761,.T.);
#341=ORIENTED_EDGE('',*,*,#762,.F.);
#342=ORIENTED_EDGE('',*,*,#763,.T.);
#343=ORIENTED_EDGE('',*,*,#663,.T.);
#344=ORIENTED_EDGE('',*,*,#764,.F.);
#345=ORIENTED_EDGE('',*,*,#765,.T.);
#346=ORIENTED_EDGE('',*,*,#766,.T.);
#347=ORIENTED_EDGE('',*,*,#679,.T.);
#348=ORIENTED_EDGE('',*,*,#767,.F.);
#349=ORIENTED_EDGE('',*,*,#768,.F.);
#350=ORIENTED_EDGE('',*,*,#757,.F.);
#351=ORIENTED_EDGE('',*,*,#769,.F.);
#352=ORIENTED_EDGE('',*,*,#666,.T.);
#353=ORIENTED_EDGE('',*,*,#770,.F.);
#354=ORIENTED_EDGE('',*,*,#771,.T.);
#355=ORIENTED_EDGE('',*,*,#761,.F.);
#356=ORIENTED_EDGE('',*,*,#772,.F.);
#357=ORIENTED_EDGE('',*,*,#742,.T.);
#358=ORIENTED_EDGE('',*,*,#743,.F.);
#359=ORIENTED_EDGE('',*,*,#772,.T.);
#360=ORIENTED_EDGE('',*,*,#769,.T.);
#361=ORIENTED_EDGE('',*,*,#760,.T.);
#362=ORIENTED_EDGE('',*,*,#753,.T.);
#363=ORIENTED_EDGE('',*,*,#755,.F.);
#364=ORIENTED_EDGE('',*,*,#773,.T.);
#365=ORIENTED_EDGE('',*,*,#774,.T.);
#366=ORIENTED_EDGE('',*,*,#775,.T.);
#367=ORIENTED_EDGE('',*,*,#776,.T.);
#368=ORIENTED_EDGE('',*,*,#671,.F.);
#369=ORIENTED_EDGE('',*,*,#777,.F.);
#370=ORIENTED_EDGE('',*,*,#778,.F.);
#371=ORIENTED_EDGE('',*,*,#779,.T.);
#372=ORIENTED_EDGE('',*,*,#780,.F.);
#373=ORIENTED_EDGE('',*,*,#781,.F.);
#374=ORIENTED_EDGE('',*,*,#782,.F.);
#375=ORIENTED_EDGE('',*,*,#783,.T.);
#376=ORIENTED_EDGE('',*,*,#661,.F.);
#377=ORIENTED_EDGE('',*,*,#784,.F.);
#378=ORIENTED_EDGE('',*,*,#785,.T.);
#379=ORIENTED_EDGE('',*,*,#786,.F.);
#380=ORIENTED_EDGE('',*,*,#674,.T.);
#381=ORIENTED_EDGE('',*,*,#787,.F.);
#382=ORIENTED_EDGE('',*,*,#788,.T.);
#383=ORIENTED_EDGE('',*,*,#774,.F.);
#384=ORIENTED_EDGE('',*,*,#789,.F.);
#385=ORIENTED_EDGE('',*,*,#749,.T.);
#386=ORIENTED_EDGE('',*,*,#786,.T.);
#387=ORIENTED_EDGE('',*,*,#790,.T.);
#388=ORIENTED_EDGE('',*,*,#791,.T.);
#389=ORIENTED_EDGE('',*,*,#668,.T.);
#390=ORIENTED_EDGE('',*,*,#741,.F.);
#391=ORIENTED_EDGE('',*,*,#792,.F.);
#392=ORIENTED_EDGE('',*,*,#773,.F.);
#393=ORIENTED_EDGE('',*,*,#792,.T.);
#394=ORIENTED_EDGE('',*,*,#740,.F.);
#395=ORIENTED_EDGE('',*,*,#747,.T.);
#396=ORIENTED_EDGE('',*,*,#750,.T.);
#397=ORIENTED_EDGE('',*,*,#789,.T.);
#398=ORIENTED_EDGE('',*,*,#669,.T.);
#399=ORIENTED_EDGE('',*,*,#791,.F.);
#400=ORIENTED_EDGE('',*,*,#793,.F.);
#401=ORIENTED_EDGE('',*,*,#794,.T.);
#402=ORIENTED_EDGE('',*,*,#660,.F.);
#403=ORIENTED_EDGE('',*,*,#794,.F.);
#404=ORIENTED_EDGE('',*,*,#795,.T.);
#405=ORIENTED_EDGE('',*,*,#784,.T.);
#406=ORIENTED_EDGE('',*,*,#796,.T.);
#407=ORIENTED_EDGE('',*,*,#797,.T.);
#408=ORIENTED_EDGE('',*,*,#796,.F.);
#409=ORIENTED_EDGE('',*,*,#793,.T.);
#410=ORIENTED_EDGE('',*,*,#790,.F.);
#411=ORIENTED_EDGE('',*,*,#785,.F.);
#412=ORIENTED_EDGE('',*,*,#795,.F.);
#413=ORIENTED_EDGE('',*,*,#797,.F.);
#414=ORIENTED_EDGE('',*,*,#677,.T.);
#415=ORIENTED_EDGE('',*,*,#759,.F.);
#416=ORIENTED_EDGE('',*,*,#798,.F.);
#417=ORIENTED_EDGE('',*,*,#799,.T.);
#418=ORIENTED_EDGE('',*,*,#678,.F.);
#419=ORIENTED_EDGE('',*,*,#799,.F.);
#420=ORIENTED_EDGE('',*,*,#800,.T.);
#421=ORIENTED_EDGE('',*,*,#767,.T.);
#422=ORIENTED_EDGE('',*,*,#801,.T.);
#423=ORIENTED_EDGE('',*,*,#802,.T.);
#424=ORIENTED_EDGE('',*,*,#768,.T.);
#425=ORIENTED_EDGE('',*,*,#800,.F.);
#426=ORIENTED_EDGE('',*,*,#798,.T.);
#427=ORIENTED_EDGE('',*,*,#758,.F.);
#428=ORIENTED_EDGE('',*,*,#801,.F.);
#429=ORIENTED_EDGE('',*,*,#802,.F.);
#430=ORIENTED_EDGE('',*,*,#664,.F.);
#431=ORIENTED_EDGE('',*,*,#763,.F.);
#432=ORIENTED_EDGE('',*,*,#803,.T.);
#433=ORIENTED_EDGE('',*,*,#804,.T.);
#434=ORIENTED_EDGE('',*,*,#665,.F.);
#435=ORIENTED_EDGE('',*,*,#804,.F.);
#436=ORIENTED_EDGE('',*,*,#805,.T.);
#437=ORIENTED_EDGE('',*,*,#770,.T.);
#438=ORIENTED_EDGE('',*,*,#806,.F.);
#439=ORIENTED_EDGE('',*,*,#807,.T.);
#440=ORIENTED_EDGE('',*,*,#762,.T.);
#441=ORIENTED_EDGE('',*,*,#771,.F.);
#442=ORIENTED_EDGE('',*,*,#805,.F.);
#443=ORIENTED_EDGE('',*,*,#803,.F.);
#444=ORIENTED_EDGE('',*,*,#806,.T.);
#445=ORIENTED_EDGE('',*,*,#673,.F.);
#446=ORIENTED_EDGE('',*,*,#808,.F.);
#447=ORIENTED_EDGE('',*,*,#809,.T.);
#448=ORIENTED_EDGE('',*,*,#787,.T.);
#449=ORIENTED_EDGE('',*,*,#810,.F.);
#450=ORIENTED_EDGE('',*,*,#811,.T.);
#451=ORIENTED_EDGE('',*,*,#672,.F.);
#452=ORIENTED_EDGE('',*,*,#776,.F.);
#453=ORIENTED_EDGE('',*,*,#812,.T.);
#454=ORIENTED_EDGE('',*,*,#808,.T.);
#455=ORIENTED_EDGE('',*,*,#810,.T.);
#456=ORIENTED_EDGE('',*,*,#809,.F.);
#457=ORIENTED_EDGE('',*,*,#812,.F.);
#458=ORIENTED_EDGE('',*,*,#775,.F.);
#459=ORIENTED_EDGE('',*,*,#788,.F.);
#460=ORIENTED_EDGE('',*,*,#811,.F.);
#461=ORIENTED_EDGE('',*,*,#807,.F.);
#462=ORIENTED_EDGE('',*,*,#813,.T.);
#463=ORIENTED_EDGE('',*,*,#814,.T.);
#464=ORIENTED_EDGE('',*,*,#779,.F.);
#465=ORIENTED_EDGE('',*,*,#815,.F.);
#466=ORIENTED_EDGE('',*,*,#653,.F.);
#467=ORIENTED_EDGE('',*,*,#816,.F.);
#468=ORIENTED_EDGE('',*,*,#817,.F.);
#469=ORIENTED_EDGE('',*,*,#818,.T.);
#470=ORIENTED_EDGE('',*,*,#819,.F.);
#471=ORIENTED_EDGE('',*,*,#813,.F.);
#472=ORIENTED_EDGE('',*,*,#820,.F.);
#473=ORIENTED_EDGE('',*,*,#821,.T.);
#474=ORIENTED_EDGE('',*,*,#822,.T.);
#475=ORIENTED_EDGE('',*,*,#654,.T.);
#476=ORIENTED_EDGE('',*,*,#821,.F.);
#477=ORIENTED_EDGE('',*,*,#823,.T.);
#478=ORIENTED_EDGE('',*,*,#824,.T.);
#479=ORIENTED_EDGE('',*,*,#655,.T.);
#480=ORIENTED_EDGE('',*,*,#822,.F.);
#481=ORIENTED_EDGE('',*,*,#825,.T.);
#482=ORIENTED_EDGE('',*,*,#826,.T.);
#483=ORIENTED_EDGE('',*,*,#656,.T.);
#484=ORIENTED_EDGE('',*,*,#824,.F.);
#485=ORIENTED_EDGE('',*,*,#827,.T.);
#486=ORIENTED_EDGE('',*,*,#828,.T.);
#487=ORIENTED_EDGE('',*,*,#657,.T.);
#488=ORIENTED_EDGE('',*,*,#826,.F.);
#489=ORIENTED_EDGE('',*,*,#829,.T.);
#490=ORIENTED_EDGE('',*,*,#830,.T.);
#491=ORIENTED_EDGE('',*,*,#658,.T.);
#492=ORIENTED_EDGE('',*,*,#828,.F.);
#493=ORIENTED_EDGE('',*,*,#831,.T.);
#494=ORIENTED_EDGE('',*,*,#659,.F.);
#495=ORIENTED_EDGE('',*,*,#830,.F.);
#496=ORIENTED_EDGE('',*,*,#832,.F.);
#497=ORIENTED_EDGE('',*,*,#833,.T.);
#498=ORIENTED_EDGE('',*,*,#816,.T.);
#499=ORIENTED_EDGE('',*,*,#652,.T.);
#500=ORIENTED_EDGE('',*,*,#833,.F.);
#501=ORIENTED_EDGE('',*,*,#834,.T.);
#502=ORIENTED_EDGE('',*,*,#835,.F.);
#503=ORIENTED_EDGE('',*,*,#818,.F.);
#504=ORIENTED_EDGE('',*,*,#836,.T.);
#505=ORIENTED_EDGE('',*,*,#781,.T.);
#506=ORIENTED_EDGE('',*,*,#764,.T.);
#507=ORIENTED_EDGE('',*,*,#662,.T.);
#508=ORIENTED_EDGE('',*,*,#783,.F.);
#509=ORIENTED_EDGE('',*,*,#837,.T.);
#510=ORIENTED_EDGE('',*,*,#670,.F.);
#511=ORIENTED_EDGE('',*,*,#766,.F.);
#512=ORIENTED_EDGE('',*,*,#838,.F.);
#513=ORIENTED_EDGE('',*,*,#777,.T.);
#514=ORIENTED_EDGE('',*,*,#778,.T.);
#515=ORIENTED_EDGE('',*,*,#838,.T.);
#516=ORIENTED_EDGE('',*,*,#765,.F.);
#517=ORIENTED_EDGE('',*,*,#837,.F.);
#518=ORIENTED_EDGE('',*,*,#782,.T.);
#519=ORIENTED_EDGE('',*,*,#836,.F.);
#520=ORIENTED_EDGE('',*,*,#817,.T.);
#521=ORIENTED_EDGE('',*,*,#834,.F.);
#522=ORIENTED_EDGE('',*,*,#832,.T.);
#523=ORIENTED_EDGE('',*,*,#831,.F.);
#524=ORIENTED_EDGE('',*,*,#829,.F.);
#525=ORIENTED_EDGE('',*,*,#827,.F.);
#526=ORIENTED_EDGE('',*,*,#825,.F.);
#527=ORIENTED_EDGE('',*,*,#823,.F.);
#528=ORIENTED_EDGE('',*,*,#820,.T.);
#529=ORIENTED_EDGE('',*,*,#815,.T.);
#530=ORIENTED_EDGE('',*,*,#819,.T.);
#531=ORIENTED_EDGE('',*,*,#835,.T.);
#532=ORIENTED_EDGE('',*,*,#780,.T.);
#533=ORIENTED_EDGE('',*,*,#814,.F.);
#534=ORIENTED_EDGE('',*,*,#729,.F.);
#535=ORIENTED_EDGE('',*,*,#682,.F.);
#536=ORIENTED_EDGE('',*,*,#703,.F.);
#537=ORIENTED_EDGE('',*,*,#724,.F.);
#538=ORIENTED_EDGE('',*,*,#730,.F.);
#539=ORIENTED_EDGE('',*,*,#725,.F.);
#540=ORIENTED_EDGE('',*,*,#704,.F.);
#541=ORIENTED_EDGE('',*,*,#684,.F.);
#542=ORIENTED_EDGE('',*,*,#628,.T.);
#543=ORIENTED_EDGE('',*,*,#839,.F.);
#544=ORIENTED_EDGE('',*,*,#840,.F.);
#545=ORIENTED_EDGE('',*,*,#734,.T.);
#546=ORIENTED_EDGE('',*,*,#626,.F.);
#547=ORIENTED_EDGE('',*,*,#736,.F.);
#548=ORIENTED_EDGE('',*,*,#841,.T.);
#549=ORIENTED_EDGE('',*,*,#842,.T.);
#550=ORIENTED_EDGE('',*,*,#843,.F.);
#551=ORIENTED_EDGE('',*,*,#627,.T.);
#552=ORIENTED_EDGE('',*,*,#842,.F.);
#553=ORIENTED_EDGE('',*,*,#844,.F.);
#554=ORIENTED_EDGE('',*,*,#839,.T.);
#555=ORIENTED_EDGE('',*,*,#840,.T.);
#556=ORIENTED_EDGE('',*,*,#844,.T.);
#557=ORIENTED_EDGE('',*,*,#841,.F.);
#558=ORIENTED_EDGE('',*,*,#735,.T.);
#559=ORIENTED_EDGE('',*,*,#634,.T.);
#560=ORIENTED_EDGE('',*,*,#845,.F.);
#561=ORIENTED_EDGE('',*,*,#846,.F.);
#562=ORIENTED_EDGE('',*,*,#708,.T.);
#563=ORIENTED_EDGE('',*,*,#847,.T.);
#564=ORIENTED_EDGE('',*,*,#633,.F.);
#565=ORIENTED_EDGE('',*,*,#697,.F.);
#566=ORIENTED_EDGE('',*,*,#848,.T.);
#567=ORIENTED_EDGE('',*,*,#845,.T.);
#568=ORIENTED_EDGE('',*,*,#846,.T.);
#569=ORIENTED_EDGE('',*,*,#848,.F.);
#570=ORIENTED_EDGE('',*,*,#696,.T.);
#571=ORIENTED_EDGE('',*,*,#709,.F.);
#572=ORIENTED_EDGE('',*,*,#849,.F.);
#573=ORIENTED_EDGE('',*,*,#621,.T.);
#574=ORIENTED_EDGE('',*,*,#850,.F.);
#575=ORIENTED_EDGE('',*,*,#851,.F.);
#576=ORIENTED_EDGE('',*,*,#640,.T.);
#577=ORIENTED_EDGE('',*,*,#636,.F.);
#578=ORIENTED_EDGE('',*,*,#707,.F.);
#579=ORIENTED_EDGE('',*,*,#852,.T.);
#580=ORIENTED_EDGE('',*,*,#850,.T.);
#581=ORIENTED_EDGE('',*,*,#851,.T.);
#582=ORIENTED_EDGE('',*,*,#852,.F.);
#583=ORIENTED_EDGE('',*,*,#706,.F.);
#584=ORIENTED_EDGE('',*,*,#641,.F.);
#585=ORIENTED_EDGE('',*,*,#853,.F.);
#586=ORIENTED_EDGE('',*,*,#618,.F.);
#587=ORIENTED_EDGE('',*,*,#854,.F.);
#588=ORIENTED_EDGE('',*,*,#617,.T.);
#589=ORIENTED_EDGE('',*,*,#853,.T.);
#590=ORIENTED_EDGE('',*,*,#855,.T.);
#591=ORIENTED_EDGE('',*,*,#687,.F.);
#592=ORIENTED_EDGE('',*,*,#856,.F.);
#593=ORIENTED_EDGE('',*,*,#855,.F.);
#594=ORIENTED_EDGE('',*,*,#686,.F.);
#595=ORIENTED_EDGE('',*,*,#849,.T.);
#596=ORIENTED_EDGE('',*,*,#698,.T.);
#597=ORIENTED_EDGE('',*,*,#847,.F.);
#598=ORIENTED_EDGE('',*,*,#699,.T.);
#599=ORIENTED_EDGE('',*,*,#733,.F.);
#600=ORIENTED_EDGE('',*,*,#843,.T.);
#601=ORIENTED_EDGE('',*,*,#693,.F.);
#602=ORIENTED_EDGE('',*,*,#719,.T.);
#603=ORIENTED_EDGE('',*,*,#692,.F.);
#604=ORIENTED_EDGE('',*,*,#718,.T.);
#605=ORIENTED_EDGE('',*,*,#644,.F.);
#606=ORIENTED_EDGE('',*,*,#638,.T.);
#607=ORIENTED_EDGE('',*,*,#643,.F.);
#608=ORIENTED_EDGE('',*,*,#637,.T.);
#609=ORIENTED_EDGE('',*,*,#856,.T.);
#610=ORIENTED_EDGE('',*,*,#620,.T.);
#611=ORIENTED_EDGE('',*,*,#854,.T.);
#612=ORIENTED_EDGE('',*,*,#619,.T.);
#613=EDGE_CURVE('',#857,#858,#1031,.T.);
#614=EDGE_CURVE('',#859,#857,#1032,.T.);
#615=EDGE_CURVE('',#859,#860,#1033,.T.);
#616=EDGE_CURVE('',#860,#858,#1034,.T.);
#617=EDGE_CURVE('',#861,#862,#1035,.T.);
#618=EDGE_CURVE('',#861,#862,#123,.F.);
#619=EDGE_CURVE('',#863,#863,#47,.F.);
#620=EDGE_CURVE('',#864,#864,#48,.F.);
#621=EDGE_CURVE('',#865,#866,#1036,.T.);
#622=EDGE_CURVE('',#867,#865,#1037,.T.);
#623=EDGE_CURVE('',#867,#868,#1038,.T.);
#624=EDGE_CURVE('',#868,#869,#1039,.T.);
#625=EDGE_CURVE('',#869,#870,#1040,.T.);
#626=EDGE_CURVE('',#870,#871,#1041,.T.);
#627=EDGE_CURVE('',#872,#871,#1042,.T.);
#628=EDGE_CURVE('',#873,#872,#1043,.T.);
#629=EDGE_CURVE('',#873,#874,#1044,.T.);
#630=EDGE_CURVE('',#875,#874,#1045,.T.);
#631=EDGE_CURVE('',#875,#876,#1046,.T.);
#632=EDGE_CURVE('',#876,#877,#1047,.T.);
#633=EDGE_CURVE('',#877,#878,#1048,.T.);
#634=EDGE_CURVE('',#879,#878,#1049,.T.);
#635=EDGE_CURVE('',#880,#879,#1050,.T.);
#636=EDGE_CURVE('',#880,#866,#1051,.T.);
#637=EDGE_CURVE('',#881,#881,#49,.F.);
#638=EDGE_CURVE('',#882,#882,#50,.F.);
#639=EDGE_CURVE('',#867,#860,#1052,.T.);
#640=EDGE_CURVE('',#883,#865,#1053,.T.);
#641=EDGE_CURVE('',#883,#884,#1054,.T.);
#642=EDGE_CURVE('',#884,#858,#1055,.T.);
#643=EDGE_CURVE('',#885,#885,#51,.F.);
#644=EDGE_CURVE('',#886,#886,#52,.F.);
#645=EDGE_CURVE('',#868,#887,#1056,.T.);
#646=EDGE_CURVE('',#887,#888,#1057,.T.);
#647=EDGE_CURVE('',#888,#869,#1058,.T.);
#648=EDGE_CURVE('',#889,#890,#1059,.T.);
#649=EDGE_CURVE('',#891,#889,#1060,.T.);
#650=EDGE_CURVE('',#891,#892,#1061,.T.);
#651=EDGE_CURVE('',#892,#890,#1062,.T.);
#652=EDGE_CURVE('',#893,#894,#53,.T.);
#653=EDGE_CURVE('',#893,#895,#1063,.T.);
#654=EDGE_CURVE('',#896,#895,#54,.T.);
#655=EDGE_CURVE('',#897,#896,#1064,.T.);
#656=EDGE_CURVE('',#898,#897,#55,.T.);
#657=EDGE_CURVE('',#899,#898,#1065,.T.);
#658=EDGE_CURVE('',#900,#899,#56,.T.);
#659=EDGE_CURVE('',#900,#894,#1066,.T.);
#660=EDGE_CURVE('',#901,#902,#57,.T.);
#661=EDGE_CURVE('',#902,#903,#1067,.T.);
#662=EDGE_CURVE('',#904,#903,#1068,.T.);
#663=EDGE_CURVE('',#905,#904,#1069,.T.);
#664=EDGE_CURVE('',#905,#906,#58,.T.);
#665=EDGE_CURVE('',#906,#907,#1070,.T.);
#666=EDGE_CURVE('',#908,#907,#59,.T.);
#667=EDGE_CURVE('',#909,#908,#60,.T.);
#668=EDGE_CURVE('',#910,#909,#61,.T.);
#669=EDGE_CURVE('',#901,#910,#1071,.T.);
#670=EDGE_CURVE('',#911,#912,#1072,.T.);
#671=EDGE_CURVE('',#912,#913,#1073,.T.);
#672=EDGE_CURVE('',#913,#914,#62,.T.);
#673=EDGE_CURVE('',#914,#915,#1074,.T.);
#674=EDGE_CURVE('',#916,#915,#63,.T.);
#675=EDGE_CURVE('',#916,#917,#64,.T.);
#676=EDGE_CURVE('',#918,#917,#65,.T.);
#677=EDGE_CURVE('',#919,#918,#1075,.T.);
#678=EDGE_CURVE('',#919,#920,#66,.T.);
#679=EDGE_CURVE('',#911,#920,#1076,.T.);
#680=EDGE_CURVE('',#921,#921,#67,.T.);
#681=EDGE_CURVE('',#922,#923,#1077,.T.);
#682=EDGE_CURVE('',#922,#924,#1078,.F.);
#683=EDGE_CURVE('',#924,#925,#1079,.T.);
#684=EDGE_CURVE('',#925,#923,#1080,.T.);
#685=EDGE_CURVE('',#926,#926,#68,.T.);
#686=EDGE_CURVE('',#927,#928,#1081,.T.);
#687=EDGE_CURVE('',#928,#927,#124,.T.);
#688=EDGE_CURVE('',#929,#930,#1082,.T.);
#689=EDGE_CURVE('',#931,#929,#1083,.T.);
#690=EDGE_CURVE('',#931,#932,#1084,.T.);
#691=EDGE_CURVE('',#932,#930,#1085,.T.);
#692=EDGE_CURVE('',#933,#933,#69,.F.);
#693=EDGE_CURVE('',#934,#934,#70,.F.);
#694=EDGE_CURVE('',#876,#929,#1086,.T.);
#695=EDGE_CURVE('',#935,#930,#1087,.T.);
#696=EDGE_CURVE('',#936,#935,#1088,.T.);
#697=EDGE_CURVE('',#936,#877,#1089,.T.);
#698=EDGE_CURVE('',#937,#937,#71,.F.);
#699=EDGE_CURVE('',#938,#938,#72,.F.);
#700=EDGE_CURVE('',#939,#939,#73,.T.);
#701=EDGE_CURVE('',#940,#940,#74,.T.);
#702=EDGE_CURVE('',#941,#932,#1090,.T.);
#703=EDGE_CURVE('',#941,#922,#75,.F.);
#704=EDGE_CURVE('',#923,#942,#76,.F.);
#705=EDGE_CURVE('',#942,#857,#1091,.T.);
#706=EDGE_CURVE('',#884,#943,#1092,.T.);
#707=EDGE_CURVE('',#943,#880,#1093,.T.);
#708=EDGE_CURVE('',#944,#879,#1094,.T.);
#709=EDGE_CURVE('',#944,#935,#1095,.T.);
#710=EDGE_CURVE('',#945,#890,#1096,.T.);
#711=EDGE_CURVE('',#946,#892,#1097,.T.);
#712=EDGE_CURVE('',#946,#945,#1098,.T.);
#713=EDGE_CURVE('',#947,#889,#1099,.T.);
#714=EDGE_CURVE('',#948,#947,#1100,.T.);
#715=EDGE_CURVE('',#948,#891,#1101,.T.);
#716=EDGE_CURVE('',#888,#947,#1102,.T.);
#717=EDGE_CURVE('',#887,#948,#1103,.T.);
#718=EDGE_CURVE('',#949,#949,#77,.F.);
#719=EDGE_CURVE('',#950,#950,#78,.F.);
#720=EDGE_CURVE('',#875,#951,#1104,.T.);
#721=EDGE_CURVE('',#952,#874,#1105,.T.);
#722=EDGE_CURVE('',#951,#952,#1106,.T.);
#723=EDGE_CURVE('',#953,#931,#1107,.T.);
#724=EDGE_CURVE('',#953,#941,#1108,.T.);
#725=EDGE_CURVE('',#942,#954,#1109,.F.);
#726=EDGE_CURVE('',#954,#859,#1110,.T.);
#727=EDGE_CURVE('',#952,#945,#1111,.T.);
#728=EDGE_CURVE('',#951,#946,#1112,.T.);
#729=EDGE_CURVE('',#924,#953,#79,.T.);
#730=EDGE_CURVE('',#954,#925,#80,.T.);
#731=EDGE_CURVE('',#955,#955,#81,.F.);
#732=EDGE_CURVE('',#956,#956,#82,.F.);
#733=EDGE_CURVE('',#957,#957,#83,.T.);
#734=EDGE_CURVE('',#958,#873,#1113,.T.);
#735=EDGE_CURVE('',#959,#958,#1114,.T.);
#736=EDGE_CURVE('',#959,#870,#1115,.T.);
#737=EDGE_CURVE('',#960,#960,#84,.T.);
#738=EDGE_CURVE('',#961,#961,#85,.T.);
#739=EDGE_CURVE('',#962,#963,#1116,.T.);
#740=EDGE_CURVE('',#963,#964,#86,.T.);
#741=EDGE_CURVE('',#964,#909,#1117,.T.);
#742=EDGE_CURVE('',#965,#908,#1118,.T.);
#743=EDGE_CURVE('',#965,#966,#87,.T.);
#744=EDGE_CURVE('',#967,#966,#1119,.T.);
#745=EDGE_CURVE('',#962,#967,#88,.T.);
#746=EDGE_CURVE('',#968,#969,#1120,.T.);
#747=EDGE_CURVE('',#963,#969,#1121,.T.);
#748=EDGE_CURVE('',#962,#968,#1122,.T.);
#749=EDGE_CURVE('',#970,#916,#1123,.T.);
#750=EDGE_CURVE('',#969,#970,#89,.T.);
#751=EDGE_CURVE('',#968,#971,#90,.T.);
#752=EDGE_CURVE('',#971,#972,#1124,.T.);
#753=EDGE_CURVE('',#973,#972,#91,.T.);
#754=EDGE_CURVE('',#973,#917,#1125,.T.);
#755=EDGE_CURVE('',#966,#972,#1126,.T.);
#756=EDGE_CURVE('',#967,#971,#1127,.T.);
#757=EDGE_CURVE('',#974,#975,#1128,.T.);
#758=EDGE_CURVE('',#975,#976,#92,.T.);
#759=EDGE_CURVE('',#976,#918,#1129,.T.);
#760=EDGE_CURVE('',#974,#973,#93,.T.);
#761=EDGE_CURVE('',#977,#978,#1130,.T.);
#762=EDGE_CURVE('',#979,#978,#1131,.T.);
#763=EDGE_CURVE('',#979,#905,#1132,.T.);
#764=EDGE_CURVE('',#980,#904,#1133,.T.);
#765=EDGE_CURVE('',#980,#981,#1134,.T.);
#766=EDGE_CURVE('',#981,#911,#1135,.T.);
#767=EDGE_CURVE('',#982,#920,#1136,.T.);
#768=EDGE_CURVE('',#975,#982,#1137,.T.);
#769=EDGE_CURVE('',#977,#974,#1138,.T.);
#770=EDGE_CURVE('',#983,#907,#1139,.T.);
#771=EDGE_CURVE('',#983,#978,#94,.T.);
#772=EDGE_CURVE('',#965,#977,#95,.T.);
#773=EDGE_CURVE('',#984,#985,#1140,.T.);
#774=EDGE_CURVE('',#985,#986,#1141,.T.);
#775=EDGE_CURVE('',#986,#987,#1142,.T.);
#776=EDGE_CURVE('',#987,#913,#1143,.T.);
#777=EDGE_CURVE('',#988,#912,#1144,.T.);
#778=EDGE_CURVE('',#989,#988,#1145,.T.);
#779=EDGE_CURVE('',#989,#990,#1146,.T.);
#780=EDGE_CURVE('',#991,#990,#1147,.T.);
#781=EDGE_CURVE('',#992,#991,#1148,.T.);
#782=EDGE_CURVE('',#993,#992,#1149,.T.);
#783=EDGE_CURVE('',#993,#903,#1150,.T.);
#784=EDGE_CURVE('',#994,#902,#1151,.T.);
#785=EDGE_CURVE('',#994,#995,#1152,.T.);
#786=EDGE_CURVE('',#984,#995,#1153,.T.);
#787=EDGE_CURVE('',#996,#915,#1154,.T.);
#788=EDGE_CURVE('',#996,#986,#96,.T.);
#789=EDGE_CURVE('',#970,#985,#97,.T.);
#790=EDGE_CURVE('',#995,#997,#98,.T.);
#791=EDGE_CURVE('',#997,#910,#1155,.T.);
#792=EDGE_CURVE('',#984,#964,#99,.T.);
#793=EDGE_CURVE('',#998,#997,#1156,.T.);
#794=EDGE_CURVE('',#998,#901,#1157,.T.);
#795=EDGE_CURVE('',#998,#994,#100,.T.);
#796=EDGE_CURVE('',#999,#999,#101,.T.);
#797=EDGE_CURVE('',#1000,#1000,#102,.F.);
#798=EDGE_CURVE('',#1001,#976,#1158,.T.);
#799=EDGE_CURVE('',#1001,#919,#1159,.T.);
#800=EDGE_CURVE('',#1001,#982,#103,.T.);
#801=EDGE_CURVE('',#1002,#1002,#104,.T.);
#802=EDGE_CURVE('',#1003,#1003,#105,.F.);
#803=EDGE_CURVE('',#979,#1004,#106,.T.);
#804=EDGE_CURVE('',#1004,#906,#1160,.T.);
#805=EDGE_CURVE('',#1004,#983,#1161,.T.);
#806=EDGE_CURVE('',#1005,#1005,#107,.T.);
#807=EDGE_CURVE('',#1006,#1006,#108,.T.);
#808=EDGE_CURVE('',#1007,#914,#1162,.T.);
#809=EDGE_CURVE('',#1007,#996,#1163,.T.);
#810=EDGE_CURVE('',#1008,#1008,#109,.T.);
#811=EDGE_CURVE('',#1009,#1009,#110,.T.);
#812=EDGE_CURVE('',#987,#1007,#111,.T.);
#813=EDGE_CURVE('',#1010,#1011,#1164,.T.);
#814=EDGE_CURVE('',#1011,#990,#1165,.T.);
#815=EDGE_CURVE('',#1010,#989,#1166,.T.);
#816=EDGE_CURVE('',#1012,#893,#1167,.T.);
#817=EDGE_CURVE('',#1013,#1012,#1168,.T.);
#818=EDGE_CURVE('',#1013,#1014,#1169,.T.);
#819=EDGE_CURVE('',#1011,#1014,#1170,.T.);
#820=EDGE_CURVE('',#1015,#1010,#1171,.T.);
#821=EDGE_CURVE('',#1015,#895,#1172,.T.);
#822=EDGE_CURVE('',#1016,#896,#1173,.T.);
#823=EDGE_CURVE('',#1015,#1016,#112,.T.);
#824=EDGE_CURVE('',#1017,#897,#1174,.T.);
#825=EDGE_CURVE('',#1016,#1017,#1175,.T.);
#826=EDGE_CURVE('',#1018,#898,#1176,.T.);
#827=EDGE_CURVE('',#1017,#1018,#113,.T.);
#828=EDGE_CURVE('',#1019,#899,#1177,.T.);
#829=EDGE_CURVE('',#1018,#1019,#1178,.T.);
#830=EDGE_CURVE('',#1020,#900,#1179,.T.);
#831=EDGE_CURVE('',#1019,#1020,#114,.T.);
#832=EDGE_CURVE('',#1021,#1020,#1180,.T.);
#833=EDGE_CURVE('',#1021,#894,#1181,.T.);
#834=EDGE_CURVE('',#1021,#1012,#115,.T.);
#835=EDGE_CURVE('',#1014,#991,#1182,.T.);
#836=EDGE_CURVE('',#1013,#992,#1183,.T.);
#837=EDGE_CURVE('',#993,#980,#1184,.T.);
#838=EDGE_CURVE('',#988,#981,#1185,.T.);
#839=EDGE_CURVE('',#1022,#872,#1186,.T.);
#840=EDGE_CURVE('',#958,#1022,#1187,.T.);
#841=EDGE_CURVE('',#959,#1023,#1188,.T.);
#842=EDGE_CURVE('',#1023,#871,#1189,.T.);
#843=EDGE_CURVE('',#1024,#1024,#116,.F.);
#844=EDGE_CURVE('',#1022,#1023,#1190,.T.);
#845=EDGE_CURVE('',#1025,#878,#1191,.T.);
#846=EDGE_CURVE('',#944,#1025,#1192,.T.);
#847=EDGE_CURVE('',#1026,#1026,#117,.F.);
#848=EDGE_CURVE('',#936,#1025,#1193,.T.);
#849=EDGE_CURVE('',#1027,#1027,#118,.F.);
#850=EDGE_CURVE('',#1028,#866,#1194,.T.);
#851=EDGE_CURVE('',#883,#1028,#1195,.T.);
#852=EDGE_CURVE('',#943,#1028,#1196,.T.);
#853=EDGE_CURVE('',#862,#861,#119,.T.);
#854=EDGE_CURVE('',#1029,#1029,#120,.F.);
#855=EDGE_CURVE('',#928,#927,#121,.T.);
#856=EDGE_CURVE('',#1030,#1030,#122,.F.);
#857=VERTEX_POINT('',#2518);
#858=VERTEX_POINT('',#2519);
#859=VERTEX_POINT('',#2521);
#860=VERTEX_POINT('',#2523);
#861=VERTEX_POINT('',#2526);
#862=VERTEX_POINT('',#2527);
#863=VERTEX_POINT('',#2531);
#864=VERTEX_POINT('',#2533);
#865=VERTEX_POINT('',#2535);
#866=VERTEX_POINT('',#2536);
#867=VERTEX_POINT('',#2538);
#868=VERTEX_POINT('',#2540);
#869=VERTEX_POINT('',#2542);
#870=VERTEX_POINT('',#2544);
#871=VERTEX_POINT('',#2546);
#872=VERTEX_POINT('',#2548);
#873=VERTEX_POINT('',#2550);
#874=VERTEX_POINT('',#2552);
#875=VERTEX_POINT('',#2554);
#876=VERTEX_POINT('',#2556);
#877=VERTEX_POINT('',#2558);
#878=VERTEX_POINT('',#2560);
#879=VERTEX_POINT('',#2562);
#880=VERTEX_POINT('',#2564);
#881=VERTEX_POINT('',#2568);
#882=VERTEX_POINT('',#2570);
#883=VERTEX_POINT('',#2573);
#884=VERTEX_POINT('',#2575);
#885=VERTEX_POINT('',#2579);
#886=VERTEX_POINT('',#2581);
#887=VERTEX_POINT('',#2583);
#888=VERTEX_POINT('',#2585);
#889=VERTEX_POINT('',#2589);
#890=VERTEX_POINT('',#2590);
#891=VERTEX_POINT('',#2592);
#892=VERTEX_POINT('',#2594);
#893=VERTEX_POINT('',#2597);
#894=VERTEX_POINT('',#2598);
#895=VERTEX_POINT('',#2600);
#896=VERTEX_POINT('',#2602);
#897=VERTEX_POINT('',#2604);
#898=VERTEX_POINT('',#2606);
#899=VERTEX_POINT('',#2608);
#900=VERTEX_POINT('',#2610);
#901=VERTEX_POINT('',#2614);
#902=VERTEX_POINT('',#2615);
#903=VERTEX_POINT('',#2617);
#904=VERTEX_POINT('',#2619);
#905=VERTEX_POINT('',#2621);
#906=VERTEX_POINT('',#2623);
#907=VERTEX_POINT('',#2625);
#908=VERTEX_POINT('',#2627);
#909=VERTEX_POINT('',#2629);
#910=VERTEX_POINT('',#2631);
#911=VERTEX_POINT('',#2635);
#912=VERTEX_POINT('',#2636);
#913=VERTEX_POINT('',#2638);
#914=VERTEX_POINT('',#2640);
#915=VERTEX_POINT('',#2642);
#916=VERTEX_POINT('',#2644);
#917=VERTEX_POINT('',#2646);
#918=VERTEX_POINT('',#2648);
#919=VERTEX_POINT('',#2650);
#920=VERTEX_POINT('',#2652);
#921=VERTEX_POINT('',#2656);
#922=VERTEX_POINT('',#2658);
#923=VERTEX_POINT('',#2659);
#924=VERTEX_POINT('',#2661);
#925=VERTEX_POINT('',#2663);
#926=VERTEX_POINT('',#2666);
#927=VERTEX_POINT('',#2669);
#928=VERTEX_POINT('',#2670);
#929=VERTEX_POINT('',#2673);
#930=VERTEX_POINT('',#2674);
#931=VERTEX_POINT('',#2676);
#932=VERTEX_POINT('',#2678);
#933=VERTEX_POINT('',#2682);
#934=VERTEX_POINT('',#2684);
#935=VERTEX_POINT('',#2687);
#936=VERTEX_POINT('',#2689);
#937=VERTEX_POINT('',#2693);
#938=VERTEX_POINT('',#2695);
#939=VERTEX_POINT('',#2697);
#940=VERTEX_POINT('',#2699);
#941=VERTEX_POINT('',#2701);
#942=VERTEX_POINT('',#2704);
#943=VERTEX_POINT('',#2707);
#944=VERTEX_POINT('',#2710);
#945=VERTEX_POINT('',#2714);
#946=VERTEX_POINT('',#2716);
#947=VERTEX_POINT('',#2720);
#948=VERTEX_POINT('',#2722);
#949=VERTEX_POINT('',#2729);
#950=VERTEX_POINT('',#2731);
#951=VERTEX_POINT('',#2733);
#952=VERTEX_POINT('',#2735);
#953=VERTEX_POINT('',#2739);
#954=VERTEX_POINT('',#2743);
#955=VERTEX_POINT('',#2752);
#956=VERTEX_POINT('',#2754);
#957=VERTEX_POINT('',#2757);
#958=VERTEX_POINT('',#2759);
#959=VERTEX_POINT('',#2761);
#960=VERTEX_POINT('',#2767);
#961=VERTEX_POINT('',#2770);
#962=VERTEX_POINT('',#2773);
#963=VERTEX_POINT('',#2774);
#964=VERTEX_POINT('',#2776);
#965=VERTEX_POINT('',#2779);
#966=VERTEX_POINT('',#2781);
#967=VERTEX_POINT('',#2783);
#968=VERTEX_POINT('',#2787);
#969=VERTEX_POINT('',#2788);
#970=VERTEX_POINT('',#2793);
#971=VERTEX_POINT('',#2796);
#972=VERTEX_POINT('',#2798);
#973=VERTEX_POINT('',#2800);
#974=VERTEX_POINT('',#2808);
#975=VERTEX_POINT('',#2809);
#976=VERTEX_POINT('',#2811);
#977=VERTEX_POINT('',#2816);
#978=VERTEX_POINT('',#2817);
#979=VERTEX_POINT('',#2819);
#980=VERTEX_POINT('',#2822);
#981=VERTEX_POINT('',#2824);
#982=VERTEX_POINT('',#2827);
#983=VERTEX_POINT('',#2832);
#984=VERTEX_POINT('',#2838);
#985=VERTEX_POINT('',#2839);
#986=VERTEX_POINT('',#2841);
#987=VERTEX_POINT('',#2843);
#988=VERTEX_POINT('',#2846);
#989=VERTEX_POINT('',#2848);
#990=VERTEX_POINT('',#2850);
#991=VERTEX_POINT('',#2852);
#992=VERTEX_POINT('',#2854);
#993=VERTEX_POINT('',#2856);
#994=VERTEX_POINT('',#2859);
#995=VERTEX_POINT('',#2861);
#996=VERTEX_POINT('',#2865);
#997=VERTEX_POINT('',#2870);
#998=VERTEX_POINT('',#2876);
#999=VERTEX_POINT('',#2882);
#1000=VERTEX_POINT('',#2884);
#1001=VERTEX_POINT('',#2889);
#1002=VERTEX_POINT('',#2895);
#1003=VERTEX_POINT('',#2897);
#1004=VERTEX_POINT('',#2902);
#1005=VERTEX_POINT('',#2908);
#1006=VERTEX_POINT('',#2910);
#1007=VERTEX_POINT('',#2914);
#1008=VERTEX_POINT('',#2918);
#1009=VERTEX_POINT('',#2920);
#1010=VERTEX_POINT('',#2928);
#1011=VERTEX_POINT('',#2929);
#1012=VERTEX_POINT('',#2934);
#1013=VERTEX_POINT('',#2936);
#1014=VERTEX_POINT('',#2938);
#1015=VERTEX_POINT('',#2941);
#1016=VERTEX_POINT('',#2945);
#1017=VERTEX_POINT('',#2949);
#1018=VERTEX_POINT('',#2953);
#1019=VERTEX_POINT('',#2957);
#1020=VERTEX_POINT('',#2961);
#1021=VERTEX_POINT('',#2965);
#1022=VERTEX_POINT('',#2982);
#1023=VERTEX_POINT('',#2986);
#1024=VERTEX_POINT('',#2990);
#1025=VERTEX_POINT('',#2995);
#1026=VERTEX_POINT('',#2999);
#1027=VERTEX_POINT('',#3004);
#1028=VERTEX_POINT('',#3006);
#1029=VERTEX_POINT('',#3015);
#1030=VERTEX_POINT('',#3020);
#1031=LINE('',#2517,#1197);
#1032=LINE('',#2520,#1198);
#1033=LINE('',#2522,#1199);
#1034=LINE('',#2524,#1200);
#1035=LINE('',#2525,#1201);
#1036=LINE('',#2534,#1202);
#1037=LINE('',#2537,#1203);
#1038=LINE('',#2539,#1204);
#1039=LINE('',#2541,#1205);
#1040=LINE('',#2543,#1206);
#1041=LINE('',#2545,#1207);
#1042=LINE('',#2547,#1208);
#1043=LINE('',#2549,#1209);
#1044=LINE('',#2551,#1210);
#1045=LINE('',#2553,#1211);
#1046=LINE('',#2555,#1212);
#1047=LINE('',#2557,#1213);
#1048=LINE('',#2559,#1214);
#1049=LINE('',#2561,#1215);
#1050=LINE('',#2563,#1216);
#1051=LINE('',#2565,#1217);
#1052=LINE('',#2571,#1218);
#1053=LINE('',#2572,#1219);
#1054=LINE('',#2574,#1220);
#1055=LINE('',#2576,#1221);
#1056=LINE('',#2582,#1222);
#1057=LINE('',#2584,#1223);
#1058=LINE('',#2586,#1224);
#1059=LINE('',#2588,#1225);
#1060=LINE('',#2591,#1226);
#1061=LINE('',#2593,#1227);
#1062=LINE('',#2595,#1228);
#1063=LINE('',#2599,#1229);
#1064=LINE('',#2603,#1230);
#1065=LINE('',#2607,#1231);
#1066=LINE('',#2611,#1232);
#1067=LINE('',#2616,#1233);
#1068=LINE('',#2618,#1234);
#1069=LINE('',#2620,#1235);
#1070=LINE('',#2624,#1236);
#1071=LINE('',#2632,#1237);
#1072=LINE('',#2634,#1238);
#1073=LINE('',#2637,#1239);
#1074=LINE('',#2641,#1240);
#1075=LINE('',#2649,#1241);
#1076=LINE('',#2653,#1242);
#1077=LINE('',#2657,#1243);
#1078=LINE('',#2660,#1244);
#1079=LINE('',#2662,#1245);
#1080=LINE('',#2664,#1246);
#1081=LINE('',#2668,#1247);
#1082=LINE('',#2672,#1248);
#1083=LINE('',#2675,#1249);
#1084=LINE('',#2677,#1250);
#1085=LINE('',#2679,#1251);
#1086=LINE('',#2685,#1252);
#1087=LINE('',#2686,#1253);
#1088=LINE('',#2688,#1254);
#1089=LINE('',#2690,#1255);
#1090=LINE('',#2700,#1256);
#1091=LINE('',#2705,#1257);
#1092=LINE('',#2706,#1258);
#1093=LINE('',#2708,#1259);
#1094=LINE('',#2709,#1260);
#1095=LINE('',#2711,#1261);
#1096=LINE('',#2713,#1262);
#1097=LINE('',#2715,#1263);
#1098=LINE('',#2717,#1264);
#1099=LINE('',#2719,#1265);
#1100=LINE('',#2721,#1266);
#1101=LINE('',#2723,#1267);
#1102=LINE('',#2725,#1268);
#1103=LINE('',#2726,#1269);
#1104=LINE('',#2732,#1270);
#1105=LINE('',#2734,#1271);
#1106=LINE('',#2736,#1272);
#1107=LINE('',#2738,#1273);
#1108=LINE('',#2740,#1274);
#1109=LINE('',#2742,#1275);
#1110=LINE('',#2744,#1276);
#1111=LINE('',#2746,#1277);
#1112=LINE('',#2747,#1278);
#1113=LINE('',#2758,#1279);
#1114=LINE('',#2760,#1280);
#1115=LINE('',#2762,#1281);
#1116=LINE('',#2772,#1282);
#1117=LINE('',#2777,#1283);
#1118=LINE('',#2778,#1284);
#1119=LINE('',#2782,#1285);
#1120=LINE('',#2786,#1286);
#1121=LINE('',#2789,#1287);
#1122=LINE('',#2790,#1288);
#1123=LINE('',#2792,#1289);
#1124=LINE('',#2797,#1290);
#1125=LINE('',#2801,#1291);
#1126=LINE('',#2803,#1292);
#1127=LINE('',#2804,#1293);
#1128=LINE('',#2807,#1294);
#1129=LINE('',#2812,#1295);
#1130=LINE('',#2815,#1296);
#1131=LINE('',#2818,#1297);
#1132=LINE('',#2820,#1298);
#1133=LINE('',#2821,#1299);
#1134=LINE('',#2823,#1300);
#1135=LINE('',#2825,#1301);
#1136=LINE('',#2826,#1302);
#1137=LINE('',#2828,#1303);
#1138=LINE('',#2829,#1304);
#1139=LINE('',#2831,#1305);
#1140=LINE('',#2837,#1306);
#1141=LINE('',#2840,#1307);
#1142=LINE('',#2842,#1308);
#1143=LINE('',#2844,#1309);
#1144=LINE('',#2845,#1310);
#1145=LINE('',#2847,#1311);
#1146=LINE('',#2849,#1312);
#1147=LINE('',#2851,#1313);
#1148=LINE('',#2853,#1314);
#1149=LINE('',#2855,#1315);
#1150=LINE('',#2857,#1316);
#1151=LINE('',#2858,#1317);
#1152=LINE('',#2860,#1318);
#1153=LINE('',#2862,#1319);
#1154=LINE('',#2864,#1320);
#1155=LINE('',#2871,#1321);
#1156=LINE('',#2875,#1322);
#1157=LINE('',#2877,#1323);
#1158=LINE('',#2888,#1324);
#1159=LINE('',#2890,#1325);
#1160=LINE('',#2903,#1326);
#1161=LINE('',#2905,#1327);
#1162=LINE('',#2913,#1328);
#1163=LINE('',#2915,#1329);
#1164=LINE('',#2927,#1330);
#1165=LINE('',#2930,#1331);
#1166=LINE('',#2931,#1332);
#1167=LINE('',#2933,#1333);
#1168=LINE('',#2935,#1334);
#1169=LINE('',#2937,#1335);
#1170=LINE('',#2939,#1336);
#1171=LINE('',#2940,#1337);
#1172=LINE('',#2942,#1338);
#1173=LINE('',#2944,#1339);
#1174=LINE('',#2948,#1340);
#1175=LINE('',#2950,#1341);
#1176=LINE('',#2952,#1342);
#1177=LINE('',#2956,#1343);
#1178=LINE('',#2958,#1344);
#1179=LINE('',#2960,#1345);
#1180=LINE('',#2964,#1346);
#1181=LINE('',#2966,#1347);
#1182=LINE('',#2970,#1348);
#1183=LINE('',#2971,#1349);
#1184=LINE('',#2973,#1350);
#1185=LINE('',#2975,#1351);
#1186=LINE('',#2981,#1352);
#1187=LINE('',#2983,#1353);
#1188=LINE('',#2985,#1354);
#1189=LINE('',#2987,#1355);
#1190=LINE('',#2991,#1356);
#1191=LINE('',#2994,#1357);
#1192=LINE('',#2996,#1358);
#1193=LINE('',#3000,#1359);
#1194=LINE('',#3005,#1360);
#1195=LINE('',#3007,#1361);
#1196=LINE('',#3009,#1362);
#1197=VECTOR('',#2003,1.);
#1198=VECTOR('',#2004,1.);
#1199=VECTOR('',#2005,1.);
#1200=VECTOR('',#2006,1.);
#1201=VECTOR('',#2007,1.);
#1202=VECTOR('',#2016,1.);
#1203=VECTOR('',#2017,1.);
#1204=VECTOR('',#2018,1.);
#1205=VECTOR('',#2019,1.);
#1206=VECTOR('',#2020,1.);
#1207=VECTOR('',#2021,1.);
#1208=VECTOR('',#2022,1.);
#1209=VECTOR('',#2023,1.);
#1210=VECTOR('',#2024,1.);
#1211=VECTOR('',#2025,1.);
#1212=VECTOR('',#2026,1.);
#1213=VECTOR('',#2027,1.);
#1214=VECTOR('',#2028,1.);
#1215=VECTOR('',#2029,1.);
#1216=VECTOR('',#2030,1.);
#1217=VECTOR('',#2031,1.);
#1218=VECTOR('',#2038,1.);
#1219=VECTOR('',#2039,1.);
#1220=VECTOR('',#2040,1.);
#1221=VECTOR('',#2041,1.);
#1222=VECTOR('',#2048,1.);
#1223=VECTOR('',#2049,1.);
#1224=VECTOR('',#2050,1.);
#1225=VECTOR('',#2053,1.);
#1226=VECTOR('',#2054,1.);
#1227=VECTOR('',#2055,1.);
#1228=VECTOR('',#2056,1.);
#1229=VECTOR('',#2059,1.);
#1230=VECTOR('',#2062,1.);
#1231=VECTOR('',#2065,1.);
#1232=VECTOR('',#2068,1.);
#1233=VECTOR('',#2073,1.);
#1234=VECTOR('',#2074,1.);
#1235=VECTOR('',#2075,1.);
#1236=VECTOR('',#2078,1.);
#1237=VECTOR('',#2085,1.);
#1238=VECTOR('',#2088,1.);
#1239=VECTOR('',#2089,1.);
#1240=VECTOR('',#2092,1.);
#1241=VECTOR('',#2099,1.);
#1242=VECTOR('',#2102,1.);
#1243=VECTOR('',#2107,1.);
#1244=VECTOR('',#2108,1.);
#1245=VECTOR('',#2109,1.);
#1246=VECTOR('',#2110,1.);
#1247=VECTOR('',#2115,1.);
#1248=VECTOR('',#2118,1.);
#1249=VECTOR('',#2119,1.);
#1250=VECTOR('',#2120,1.);
#1251=VECTOR('',#2121,1.);
#1252=VECTOR('',#2128,1.);
#1253=VECTOR('',#2129,1.);
#1254=VECTOR('',#2130,1.);
#1255=VECTOR('',#2131,1.);
#1256=VECTOR('',#2142,1.);
#1257=VECTOR('',#2147,1.);
#1258=VECTOR('',#2148,1.);
#1259=VECTOR('',#2149,1.);
#1260=VECTOR('',#2150,1.);
#1261=VECTOR('',#2151,1.);
#1262=VECTOR('',#2154,1.);
#1263=VECTOR('',#2155,1.);
#1264=VECTOR('',#2156,1.);
#1265=VECTOR('',#2159,1.);
#1266=VECTOR('',#2160,1.);
#1267=VECTOR('',#2161,1.);
#1268=VECTOR('',#2164,1.);
#1269=VECTOR('',#2165,1.);
#1270=VECTOR('',#2172,1.);
#1271=VECTOR('',#2173,1.);
#1272=VECTOR('',#2174,1.);
#1273=VECTOR('',#2177,1.);
#1274=VECTOR('',#2178,1.);
#1275=VECTOR('',#2181,1.);
#1276=VECTOR('',#2182,1.);
#1277=VECTOR('',#2185,1.);
#1278=VECTOR('',#2186,1.);
#1279=VECTOR('',#2201,1.);
#1280=VECTOR('',#2202,1.);
#1281=VECTOR('',#2203,1.);
#1282=VECTOR('',#2218,1.);
#1283=VECTOR('',#2221,1.);
#1284=VECTOR('',#2222,1.);
#1285=VECTOR('',#2225,1.);
#1286=VECTOR('',#2230,1.);
#1287=VECTOR('',#2231,1.);
#1288=VECTOR('',#2232,1.);
#1289=VECTOR('',#2235,1.);
#1290=VECTOR('',#2240,1.);
#1291=VECTOR('',#2243,1.);
#1292=VECTOR('',#2246,1.);
#1293=VECTOR('',#2247,1.);
#1294=VECTOR('',#2252,1.);
#1295=VECTOR('',#2255,1.);
#1296=VECTOR('',#2260,1.);
#1297=VECTOR('',#2261,1.);
#1298=VECTOR('',#2262,1.);
#1299=VECTOR('',#2263,1.);
#1300=VECTOR('',#2264,1.);
#1301=VECTOR('',#2265,1.);
#1302=VECTOR('',#2266,1.);
#1303=VECTOR('',#2267,1.);
#1304=VECTOR('',#2268,1.);
#1305=VECTOR('',#2271,1.);
#1306=VECTOR('',#2280,1.);
#1307=VECTOR('',#2281,1.);
#1308=VECTOR('',#2282,1.);
#1309=VECTOR('',#2283,1.);
#1310=VECTOR('',#2284,1.);
#1311=VECTOR('',#2285,1.);
#1312=VECTOR('',#2286,1.);
#1313=VECTOR('',#2287,1.);
#1314=VECTOR('',#2288,1.);
#1315=VECTOR('',#2289,1.);
#1316=VECTOR('',#2290,1.);
#1317=VECTOR('',#2291,1.);
#1318=VECTOR('',#2292,1.);
#1319=VECTOR('',#2293,1.);
#1320=VECTOR('',#2296,1.);
#1321=VECTOR('',#2305,1.);
#1322=VECTOR('',#2312,1.);
#1323=VECTOR('',#2313,1.);
#1324=VECTOR('',#2330,1.);
#1325=VECTOR('',#2331,1.);
#1326=VECTOR('',#2350,1.);
#1327=VECTOR('',#2353,1.);
#1328=VECTOR('',#2364,1.);
#1329=VECTOR('',#2365,1.);
#1330=VECTOR('',#2384,1.);
#1331=VECTOR('',#2385,1.);
#1332=VECTOR('',#2386,1.);
#1333=VECTOR('',#2389,1.);
#1334=VECTOR('',#2390,1.);
#1335=VECTOR('',#2391,1.);
#1336=VECTOR('',#2392,1.);
#1337=VECTOR('',#2393,1.);
#1338=VECTOR('',#2394,1.);
#1339=VECTOR('',#2397,1.);
#1340=VECTOR('',#2402,1.);
#1341=VECTOR('',#2403,1.);
#1342=VECTOR('',#2406,1.);
#1343=VECTOR('',#2411,1.);
#1344=VECTOR('',#2412,1.);
#1345=VECTOR('',#2415,1.);
#1346=VECTOR('',#2420,1.);
#1347=VECTOR('',#2421,1.);
#1348=VECTOR('',#2428,1.);
#1349=VECTOR('',#2429,1.);
#1350=VECTOR('',#2432,1.);
#1351=VECTOR('',#2435,1.);
#1352=VECTOR('',#2446,1.);
#1353=VECTOR('',#2447,1.);
#1354=VECTOR('',#2450,1.);
#1355=VECTOR('',#2451,1.);
#1356=VECTOR('',#2456,1.);
#1357=VECTOR('',#2461,1.);
#1358=VECTOR('',#2462,1.);
#1359=VECTOR('',#2467,1.);
#1360=VECTOR('',#2474,1.);
#1361=VECTOR('',#2475,1.);
#1362=VECTOR('',#2478,1.);
#1363=EDGE_LOOP('',(#125,#126,#127,#128));
#1364=EDGE_LOOP('',(#129,#130));
#1365=EDGE_LOOP('',(#131));
#1366=EDGE_LOOP('',(#132));
#1367=EDGE_LOOP('',(#133,#134,#135,#136,#137,#138,#139,#140,#141,#142,#143,
#144,#145,#146,#147,#148));
#1368=EDGE_LOOP('',(#149));
#1369=EDGE_LOOP('',(#150));
#1370=EDGE_LOOP('',(#151,#152,#153,#154,#155,#156));
#1371=EDGE_LOOP('',(#157));
#1372=EDGE_LOOP('',(#158));
#1373=EDGE_LOOP('',(#159,#160,#161,#162));
#1374=EDGE_LOOP('',(#163,#164,#165,#166));
#1375=EDGE_LOOP('',(#167,#168,#169,#170,#171,#172,#173,#174));
#1376=EDGE_LOOP('',(#175,#176,#177,#178,#179,#180,#181,#182,#183,#184));
#1377=EDGE_LOOP('',(#185,#186,#187,#188,#189,#190,#191,#192,#193,#194));
#1378=EDGE_LOOP('',(#195));
#1379=EDGE_LOOP('',(#196,#197,#198,#199));
#1380=EDGE_LOOP('',(#200));
#1381=EDGE_LOOP('',(#201,#202));
#1382=EDGE_LOOP('',(#203,#204,#205,#206));
#1383=EDGE_LOOP('',(#207));
#1384=EDGE_LOOP('',(#208));
#1385=EDGE_LOOP('',(#209,#210,#211,#212,#213,#214));
#1386=EDGE_LOOP('',(#215));
#1387=EDGE_LOOP('',(#216));
#1388=EDGE_LOOP('',(#217));
#1389=EDGE_LOOP('',(#218));
#1390=EDGE_LOOP('',(#219,#220,#221,#222,#223,#224,#225,#226,#227,#228,#229,
#230,#231,#232));
#1391=EDGE_LOOP('',(#233,#234,#235,#236));
#1392=EDGE_LOOP('',(#237,#238,#239,#240));
#1393=EDGE_LOOP('',(#241,#242,#243,#244));
#1394=EDGE_LOOP('',(#245));
#1395=EDGE_LOOP('',(#246));
#1396=EDGE_LOOP('',(#247,#248,#249,#250));
#1397=EDGE_LOOP('',(#251,#252,#253,#254));
#1398=EDGE_LOOP('',(#255,#256,#257,#258));
#1399=EDGE_LOOP('',(#259,#260,#261,#262));
#1400=EDGE_LOOP('',(#263,#264,#265,#266,#267,#268,#269,#270,#271,#272,#273,
#274,#275,#276,#277,#278,#279,#280));
#1401=EDGE_LOOP('',(#281));
#1402=EDGE_LOOP('',(#282));
#1403=EDGE_LOOP('',(#283));
#1404=EDGE_LOOP('',(#284,#285,#286,#287,#288,#289,#290,#291,#292,#293,#294,
#295));
#1405=EDGE_LOOP('',(#296));
#1406=EDGE_LOOP('',(#297));
#1407=EDGE_LOOP('',(#298));
#1408=EDGE_LOOP('',(#299));
#1409=EDGE_LOOP('',(#300));
#1410=EDGE_LOOP('',(#301));
#1411=EDGE_LOOP('',(#302));
#1412=EDGE_LOOP('',(#303));
#1413=EDGE_LOOP('',(#304,#305,#306,#307,#308,#309,#310,#311));
#1414=EDGE_LOOP('',(#312,#313,#314,#315));
#1415=EDGE_LOOP('',(#316,#317,#318,#319,#320,#321,#322,#323));
#1416=EDGE_LOOP('',(#324,#325,#326,#327));
#1417=EDGE_LOOP('',(#328,#329,#330,#331));
#1418=EDGE_LOOP('',(#332));
#1419=EDGE_LOOP('',(#333));
#1420=EDGE_LOOP('',(#334,#335,#336,#337,#338,#339));
#1421=EDGE_LOOP('',(#340,#341,#342,#343,#344,#345,#346,#347,#348,#349,#350,
#351));
#1422=EDGE_LOOP('',(#352,#353,#354,#355,#356,#357));
#1423=EDGE_LOOP('',(#358,#359,#360,#361,#362,#363));
#1424=EDGE_LOOP('',(#364,#365,#366,#367,#368,#369,#370,#371,#372,#373,#374,
#375,#376,#377,#378,#379));
#1425=EDGE_LOOP('',(#380,#381,#382,#383,#384,#385));
#1426=EDGE_LOOP('',(#386,#387,#388,#389,#390,#391));
#1427=EDGE_LOOP('',(#392,#393,#394,#395,#396,#397));
#1428=EDGE_LOOP('',(#398,#399,#400,#401));
#1429=EDGE_LOOP('',(#402,#403,#404,#405));
#1430=EDGE_LOOP('',(#406));
#1431=EDGE_LOOP('',(#407));
#1432=EDGE_LOOP('',(#408));
#1433=EDGE_LOOP('',(#409,#410,#411,#412));
#1434=EDGE_LOOP('',(#413));
#1435=EDGE_LOOP('',(#414,#415,#416,#417));
#1436=EDGE_LOOP('',(#418,#419,#420,#421));
#1437=EDGE_LOOP('',(#422));
#1438=EDGE_LOOP('',(#423));
#1439=EDGE_LOOP('',(#424,#425,#426,#427));
#1440=EDGE_LOOP('',(#428));
#1441=EDGE_LOOP('',(#429));
#1442=EDGE_LOOP('',(#430,#431,#432,#433));
#1443=EDGE_LOOP('',(#434,#435,#436,#437));
#1444=EDGE_LOOP('',(#438));
#1445=EDGE_LOOP('',(#439));
#1446=EDGE_LOOP('',(#440,#441,#442,#443));
#1447=EDGE_LOOP('',(#444));
#1448=EDGE_LOOP('',(#445,#446,#447,#448));
#1449=EDGE_LOOP('',(#449));
#1450=EDGE_LOOP('',(#450));
#1451=EDGE_LOOP('',(#451,#452,#453,#454));
#1452=EDGE_LOOP('',(#455));
#1453=EDGE_LOOP('',(#456,#457,#458,#459));
#1454=EDGE_LOOP('',(#460));
#1455=EDGE_LOOP('',(#461));
#1456=EDGE_LOOP('',(#462,#463,#464,#465));
#1457=EDGE_LOOP('',(#466,#467,#468,#469,#470,#471,#472,#473));
#1458=EDGE_LOOP('',(#474,#475,#476,#477));
#1459=EDGE_LOOP('',(#478,#479,#480,#481));
#1460=EDGE_LOOP('',(#482,#483,#484,#485));
#1461=EDGE_LOOP('',(#486,#487,#488,#489));
#1462=EDGE_LOOP('',(#490,#491,#492,#493));
#1463=EDGE_LOOP('',(#494,#495,#496,#497));
#1464=EDGE_LOOP('',(#498,#499,#500,#501));
#1465=EDGE_LOOP('',(#502,#503,#504,#505));
#1466=EDGE_LOOP('',(#506,#507,#508,#509));
#1467=EDGE_LOOP('',(#510,#511,#512,#513));
#1468=EDGE_LOOP('',(#514,#515,#516,#517,#518,#519,#520,#521,#522,#523,#524,
#525,#526,#527,#528,#529));
#1469=EDGE_LOOP('',(#530,#531,#532,#533));
#1470=EDGE_LOOP('',(#534,#535,#536,#537));
#1471=EDGE_LOOP('',(#538,#539,#540,#541));
#1472=EDGE_LOOP('',(#542,#543,#544,#545));
#1473=EDGE_LOOP('',(#546,#547,#548,#549));
#1474=EDGE_LOOP('',(#550));
#1475=EDGE_LOOP('',(#551,#552,#553,#554));
#1476=EDGE_LOOP('',(#555,#556,#557,#558));
#1477=EDGE_LOOP('',(#559,#560,#561,#562));
#1478=EDGE_LOOP('',(#563));
#1479=EDGE_LOOP('',(#564,#565,#566,#567));
#1480=EDGE_LOOP('',(#568,#569,#570,#571));
#1481=EDGE_LOOP('',(#572));
#1482=EDGE_LOOP('',(#573,#574,#575,#576));
#1483=EDGE_LOOP('',(#577,#578,#579,#580));
#1484=EDGE_LOOP('',(#581,#582,#583,#584));
#1485=EDGE_LOOP('',(#585,#586));
#1486=EDGE_LOOP('',(#587));
#1487=EDGE_LOOP('',(#588,#589));
#1488=EDGE_LOOP('',(#590,#591));
#1489=EDGE_LOOP('',(#592));
#1490=EDGE_LOOP('',(#593,#594));
#1491=EDGE_LOOP('',(#595));
#1492=EDGE_LOOP('',(#596));
#1493=EDGE_LOOP('',(#597));
#1494=EDGE_LOOP('',(#598));
#1495=EDGE_LOOP('',(#599));
#1496=EDGE_LOOP('',(#600));
#1497=EDGE_LOOP('',(#601));
#1498=EDGE_LOOP('',(#602));
#1499=EDGE_LOOP('',(#603));
#1500=EDGE_LOOP('',(#604));
#1501=EDGE_LOOP('',(#605));
#1502=EDGE_LOOP('',(#606));
#1503=EDGE_LOOP('',(#607));
#1504=EDGE_LOOP('',(#608));
#1505=EDGE_LOOP('',(#609));
#1506=EDGE_LOOP('',(#610));
#1507=EDGE_LOOP('',(#611));
#1508=EDGE_LOOP('',(#612));
#1509=FACE_BOUND('',#1363,.T.);
#1510=FACE_BOUND('',#1364,.T.);
#1511=FACE_BOUND('',#1365,.T.);
#1512=FACE_BOUND('',#1366,.T.);
#1513=FACE_BOUND('',#1367,.T.);
#1514=FACE_BOUND('',#1368,.T.);
#1515=FACE_BOUND('',#1369,.T.);
#1516=FACE_BOUND('',#1370,.T.);
#1517=FACE_BOUND('',#1371,.T.);
#1518=FACE_BOUND('',#1372,.T.);
#1519=FACE_BOUND('',#1373,.T.);
#1520=FACE_BOUND('',#1374,.T.);
#1521=FACE_BOUND('',#1375,.T.);
#1522=FACE_BOUND('',#1376,.T.);
#1523=FACE_BOUND('',#1377,.T.);
#1524=FACE_BOUND('',#1378,.T.);
#1525=FACE_BOUND('',#1379,.T.);
#1526=FACE_BOUND('',#1380,.T.);
#1527=FACE_BOUND('',#1381,.T.);
#1528=FACE_BOUND('',#1382,.T.);
#1529=FACE_BOUND('',#1383,.T.);
#1530=FACE_BOUND('',#1384,.T.);
#1531=FACE_BOUND('',#1385,.T.);
#1532=FACE_BOUND('',#1386,.T.);
#1533=FACE_BOUND('',#1387,.T.);
#1534=FACE_BOUND('',#1388,.T.);
#1535=FACE_BOUND('',#1389,.T.);
#1536=FACE_BOUND('',#1390,.T.);
#1537=FACE_BOUND('',#1391,.T.);
#1538=FACE_BOUND('',#1392,.T.);
#1539=FACE_BOUND('',#1393,.T.);
#1540=FACE_BOUND('',#1394,.T.);
#1541=FACE_BOUND('',#1395,.T.);
#1542=FACE_BOUND('',#1396,.T.);
#1543=FACE_BOUND('',#1397,.T.);
#1544=FACE_BOUND('',#1398,.T.);
#1545=FACE_BOUND('',#1399,.T.);
#1546=FACE_BOUND('',#1400,.T.);
#1547=FACE_BOUND('',#1401,.T.);
#1548=FACE_BOUND('',#1402,.T.);
#1549=FACE_BOUND('',#1403,.T.);
#1550=FACE_BOUND('',#1404,.T.);
#1551=FACE_BOUND('',#1405,.T.);
#1552=FACE_BOUND('',#1406,.T.);
#1553=FACE_BOUND('',#1407,.T.);
#1554=FACE_BOUND('',#1408,.T.);
#1555=FACE_BOUND('',#1409,.T.);
#1556=FACE_BOUND('',#1410,.T.);
#1557=FACE_BOUND('',#1411,.T.);
#1558=FACE_BOUND('',#1412,.T.);
#1559=FACE_BOUND('',#1413,.T.);
#1560=FACE_BOUND('',#1414,.T.);
#1561=FACE_BOUND('',#1415,.T.);
#1562=FACE_BOUND('',#1416,.T.);
#1563=FACE_BOUND('',#1417,.T.);
#1564=FACE_BOUND('',#1418,.T.);
#1565=FACE_BOUND('',#1419,.T.);
#1566=FACE_BOUND('',#1420,.T.);
#1567=FACE_BOUND('',#1421,.T.);
#1568=FACE_BOUND('',#1422,.T.);
#1569=FACE_BOUND('',#1423,.T.);
#1570=FACE_BOUND('',#1424,.T.);
#1571=FACE_BOUND('',#1425,.T.);
#1572=FACE_BOUND('',#1426,.T.);
#1573=FACE_BOUND('',#1427,.T.);
#1574=FACE_BOUND('',#1428,.T.);
#1575=FACE_BOUND('',#1429,.T.);
#1576=FACE_BOUND('',#1430,.T.);
#1577=FACE_BOUND('',#1431,.T.);
#1578=FACE_BOUND('',#1432,.T.);
#1579=FACE_BOUND('',#1433,.T.);
#1580=FACE_BOUND('',#1434,.T.);
#1581=FACE_BOUND('',#1435,.T.);
#1582=FACE_BOUND('',#1436,.T.);
#1583=FACE_BOUND('',#1437,.T.);
#1584=FACE_BOUND('',#1438,.T.);
#1585=FACE_BOUND('',#1439,.T.);
#1586=FACE_BOUND('',#1440,.T.);
#1587=FACE_BOUND('',#1441,.T.);
#1588=FACE_BOUND('',#1442,.T.);
#1589=FACE_BOUND('',#1443,.T.);
#1590=FACE_BOUND('',#1444,.T.);
#1591=FACE_BOUND('',#1445,.T.);
#1592=FACE_BOUND('',#1446,.T.);
#1593=FACE_BOUND('',#1447,.T.);
#1594=FACE_BOUND('',#1448,.T.);
#1595=FACE_BOUND('',#1449,.T.);
#1596=FACE_BOUND('',#1450,.T.);
#1597=FACE_BOUND('',#1451,.T.);
#1598=FACE_BOUND('',#1452,.T.);
#1599=FACE_BOUND('',#1453,.T.);
#1600=FACE_BOUND('',#1454,.T.);
#1601=FACE_BOUND('',#1455,.T.);
#1602=FACE_BOUND('',#1456,.T.);
#1603=FACE_BOUND('',#1457,.T.);
#1604=FACE_BOUND('',#1458,.T.);
#1605=FACE_BOUND('',#1459,.T.);
#1606=FACE_BOUND('',#1460,.T.);
#1607=FACE_BOUND('',#1461,.T.);
#1608=FACE_BOUND('',#1462,.T.);
#1609=FACE_BOUND('',#1463,.T.);
#1610=FACE_BOUND('',#1464,.T.);
#1611=FACE_BOUND('',#1465,.T.);
#1612=FACE_BOUND('',#1466,.T.);
#1613=FACE_BOUND('',#1467,.T.);
#1614=FACE_BOUND('',#1468,.T.);
#1615=FACE_BOUND('',#1469,.T.);
#1616=FACE_BOUND('',#1470,.T.);
#1617=FACE_BOUND('',#1471,.T.);
#1618=FACE_BOUND('',#1472,.T.);
#1619=FACE_BOUND('',#1473,.T.);
#1620=FACE_BOUND('',#1474,.T.);
#1621=FACE_BOUND('',#1475,.T.);
#1622=FACE_BOUND('',#1476,.T.);
#1623=FACE_BOUND('',#1477,.T.);
#1624=FACE_BOUND('',#1478,.T.);
#1625=FACE_BOUND('',#1479,.T.);
#1626=FACE_BOUND('',#1480,.T.);
#1627=FACE_BOUND('',#1481,.T.);
#1628=FACE_BOUND('',#1482,.T.);
#1629=FACE_BOUND('',#1483,.T.);
#1630=FACE_BOUND('',#1484,.T.);
#1631=FACE_BOUND('',#1485,.T.);
#1632=FACE_BOUND('',#1486,.T.);
#1633=FACE_BOUND('',#1487,.T.);
#1634=FACE_BOUND('',#1488,.T.);
#1635=FACE_BOUND('',#1489,.T.);
#1636=FACE_BOUND('',#1490,.T.);
#1637=FACE_BOUND('',#1491,.T.);
#1638=FACE_BOUND('',#1492,.T.);
#1639=FACE_BOUND('',#1493,.T.);
#1640=FACE_BOUND('',#1494,.T.);
#1641=FACE_BOUND('',#1495,.T.);
#1642=FACE_BOUND('',#1496,.T.);
#1643=FACE_BOUND('',#1497,.T.);
#1644=FACE_BOUND('',#1498,.T.);
#1645=FACE_BOUND('',#1499,.T.);
#1646=FACE_BOUND('',#1500,.T.);
#1647=FACE_BOUND('',#1501,.T.);
#1648=FACE_BOUND('',#1502,.T.);
#1649=FACE_BOUND('',#1503,.T.);
#1650=FACE_BOUND('',#1504,.T.);
#1651=FACE_BOUND('',#1505,.T.);
#1652=FACE_BOUND('',#1506,.T.);
#1653=FACE_BOUND('',#1507,.T.);
#1654=FACE_BOUND('',#1508,.T.);
#1655=PLANE('',#1825);
#1656=PLANE('',#1827);
#1657=PLANE('',#1830);
#1658=PLANE('',#1833);
#1659=PLANE('',#1836);
#1660=PLANE('',#1841);
#1661=PLANE('',#1847);
#1662=PLANE('',#1853);
#1663=PLANE('',#1856);
#1664=PLANE('',#1858);
#1665=PLANE('',#1861);
#1666=PLANE('',#1868);
#1667=PLANE('',#1869);
#1668=PLANE('',#1870);
#1669=PLANE('',#1871);
#1670=PLANE('',#1874);
#1671=PLANE('',#1875);
#1672=PLANE('',#1876);
#1673=PLANE('',#1877);
#1674=PLANE('',#1882);
#1675=PLANE('',#1894);
#1676=PLANE('',#1899);
#1677=PLANE('',#1900);
#1678=PLANE('',#1904);
#1679=PLANE('',#1908);
#1680=PLANE('',#1909);
#1681=PLANE('',#1916);
#1682=PLANE('',#1917);
#1683=PLANE('',#1923);
#1684=PLANE('',#1924);
#1685=PLANE('',#1925);
#1686=PLANE('',#1931);
#1687=PLANE('',#1932);
#1688=PLANE('',#1935);
#1689=PLANE('',#1939);
#1690=PLANE('',#1940);
#1691=PLANE('',#1946);
#1692=PLANE('',#1947);
#1693=PLANE('',#1948);
#1694=PLANE('',#1949);
#1695=PLANE('',#1950);
#1696=PLANE('',#1953);
#1697=PLANE('',#1956);
#1698=PLANE('',#1959);
#1699=PLANE('',#1962);
#1700=PLANE('',#1963);
#1701=PLANE('',#1964);
#1702=PLANE('',#1965);
#1703=PLANE('',#1966);
#1704=PLANE('',#1969);
#1705=PLANE('',#1970);
#1706=PLANE('',#1971);
#1707=PLANE('',#1973);
#1708=PLANE('',#1974);
#1709=PLANE('',#1975);
#1710=PLANE('',#1977);
#1711=PLANE('',#1978);
#1712=PLANE('',#1980);
#1713=PLANE('',#1981);
#1714=PLANE('',#1984);
#1715=PLANE('',#1988);
#1716=ADVANCED_FACE('',(#1509,#1510),#1655,.T.);
#1717=ADVANCED_FACE('',(#1511,#1512,#1513),#1656,.F.);
#1718=ADVANCED_FACE('',(#1514,#1515,#1516),#1657,.F.);
#1719=ADVANCED_FACE('',(#1517,#1518,#1519),#1658,.T.);
#1720=ADVANCED_FACE('',(#1520,#1521),#1659,.T.);
#1721=ADVANCED_FACE('',(#1522),#1660,.T.);
#1722=ADVANCED_FACE('',(#1523),#1661,.T.);
#1723=ADVANCED_FACE('',(#1524,#1525,#1526),#1662,.T.);
#1724=ADVANCED_FACE('',(#1527,#1528),#1663,.F.);
#1725=ADVANCED_FACE('',(#1529,#1530,#1531),#1664,.T.);
#1726=ADVANCED_FACE('',(#1532,#1533,#1534,#1535,#1536),#1665,.F.);
#1727=ADVANCED_FACE('',(#1537),#1666,.F.);
#1728=ADVANCED_FACE('',(#1538),#1667,.T.);
#1729=ADVANCED_FACE('',(#1539),#1668,.T.);
#1730=ADVANCED_FACE('',(#1540,#1541,#1542),#1669,.F.);
#1731=ADVANCED_FACE('',(#1543),#1670,.F.);
#1732=ADVANCED_FACE('',(#1544),#1671,.T.);
#1733=ADVANCED_FACE('',(#1545),#1672,.F.);
#1734=ADVANCED_FACE('',(#1546,#1547,#1548),#1673,.T.);
#1735=ADVANCED_FACE('',(#1549,#1550),#1674,.T.);
#1736=ADVANCED_FACE('',(#1551,#1552),#12,.F.);
#1737=ADVANCED_FACE('',(#1553,#1554),#13,.F.);
#1738=ADVANCED_FACE('',(#1555,#1556),#14,.F.);
#1739=ADVANCED_FACE('',(#1557,#1558),#15,.F.);
#1740=ADVANCED_FACE('',(#1559),#16,.T.);
#1741=ADVANCED_FACE('',(#1560),#1675,.T.);
#1742=ADVANCED_FACE('',(#1561),#17,.T.);
#1743=ADVANCED_FACE('',(#1562),#1676,.F.);
#1744=ADVANCED_FACE('',(#1563,#1564,#1565),#1677,.F.);
#1745=ADVANCED_FACE('',(#1566),#18,.T.);
#1746=ADVANCED_FACE('',(#1567),#1678,.F.);
#1747=ADVANCED_FACE('',(#1568),#19,.T.);
#1748=ADVANCED_FACE('',(#1569),#1679,.F.);
#1749=ADVANCED_FACE('',(#1570),#1680,.T.);
#1750=ADVANCED_FACE('',(#1571),#20,.T.);
#1751=ADVANCED_FACE('',(#1572),#21,.T.);
#1752=ADVANCED_FACE('',(#1573),#1681,.F.);
#1753=ADVANCED_FACE('',(#1574),#1682,.F.);
#1754=ADVANCED_FACE('',(#1575),#22,.T.);
#1755=ADVANCED_FACE('',(#1576,#1577),#23,.F.);
#1756=ADVANCED_FACE('',(#1578,#1579),#1683,.F.);
#1757=ADVANCED_FACE('',(#1580),#1684,.T.);
#1758=ADVANCED_FACE('',(#1581),#1685,.F.);
#1759=ADVANCED_FACE('',(#1582),#24,.T.);
#1760=ADVANCED_FACE('',(#1583,#1584),#25,.F.);
#1761=ADVANCED_FACE('',(#1585,#1586),#1686,.F.);
#1762=ADVANCED_FACE('',(#1587),#1687,.T.);
#1763=ADVANCED_FACE('',(#1588),#26,.T.);
#1764=ADVANCED_FACE('',(#1589),#1688,.T.);
#1765=ADVANCED_FACE('',(#1590,#1591),#27,.F.);
#1766=ADVANCED_FACE('',(#1592,#1593),#1689,.F.);
#1767=ADVANCED_FACE('',(#1594),#1690,.T.);
#1768=ADVANCED_FACE('',(#1595,#1596),#28,.F.);
#1769=ADVANCED_FACE('',(#1597),#29,.T.);
#1770=ADVANCED_FACE('',(#1598,#1599),#1691,.F.);
#1771=ADVANCED_FACE('',(#1600),#1692,.T.);
#1772=ADVANCED_FACE('',(#1601),#1693,.T.);
#1773=ADVANCED_FACE('',(#1602),#1694,.F.);
#1774=ADVANCED_FACE('',(#1603),#1695,.F.);
#1775=ADVANCED_FACE('',(#1604),#30,.T.);
#1776=ADVANCED_FACE('',(#1605),#1696,.T.);
#1777=ADVANCED_FACE('',(#1606),#31,.T.);
#1778=ADVANCED_FACE('',(#1607),#1697,.T.);
#1779=ADVANCED_FACE('',(#1608),#32,.T.);
#1780=ADVANCED_FACE('',(#1609),#1698,.F.);
#1781=ADVANCED_FACE('',(#1610),#33,.T.);
#1782=ADVANCED_FACE('',(#1611),#1699,.T.);
#1783=ADVANCED_FACE('',(#1612),#1700,.T.);
#1784=ADVANCED_FACE('',(#1613),#1701,.F.);
#1785=ADVANCED_FACE('',(#1614),#1702,.F.);
#1786=ADVANCED_FACE('',(#1615),#1703,.F.);
#1787=ADVANCED_FACE('',(#1616),#34,.T.);
#1788=ADVANCED_FACE('',(#1617),#35,.T.);
#1789=ADVANCED_FACE('',(#1618),#1704,.F.);
#1790=ADVANCED_FACE('',(#1619),#1705,.T.);
#1791=ADVANCED_FACE('',(#1620,#1621),#1706,.F.);
#1792=ADVANCED_FACE('',(#1622),#1707,.F.);
#1793=ADVANCED_FACE('',(#1623),#1708,.F.);
#1794=ADVANCED_FACE('',(#1624,#1625),#1709,.T.);
#1795=ADVANCED_FACE('',(#1626),#1710,.F.);
#1796=ADVANCED_FACE('',(#1627,#1628),#1711,.F.);
#1797=ADVANCED_FACE('',(#1629),#1712,.T.);
#1798=ADVANCED_FACE('',(#1630),#1713,.F.);
#1799=ADVANCED_FACE('',(#1631),#36,.F.);
#1800=ADVANCED_FACE('',(#1632,#1633),#1714,.F.);
#1801=ADVANCED_FACE('',(#1634),#37,.F.);
#1802=ADVANCED_FACE('',(#1635,#1636),#1715,.F.);
#1803=ADVANCED_FACE('',(#1637,#1638),#38,.F.);
#1804=ADVANCED_FACE('',(#1639,#1640),#39,.F.);
#1805=ADVANCED_FACE('',(#1641,#1642),#40,.F.);
#1806=ADVANCED_FACE('',(#1643,#1644),#41,.F.);
#1807=ADVANCED_FACE('',(#1645,#1646),#42,.F.);
#1808=ADVANCED_FACE('',(#1647,#1648),#43,.F.);
#1809=ADVANCED_FACE('',(#1649,#1650),#44,.F.);
#1810=ADVANCED_FACE('',(#1651,#1652),#45,.F.);
#1811=ADVANCED_FACE('',(#1653,#1654),#46,.F.);
#1812=CLOSED_SHELL('',(#1716,#1717,#1718,#1719,#1720,#1721,#1722,#1723,
#1724,#1725,#1726,#1727,#1728,#1729,#1730,#1731,#1732,#1733,#1734,#1735,
#1736,#1737,#1738,#1739,#1740,#1741,#1742,#1743,#1744,#1745,#1746,#1747,
#1748,#1749,#1750,#1751,#1752,#1753,#1754,#1755,#1756,#1757,#1758,#1759,
#1760,#1761,#1762,#1763,#1764,#1765,#1766,#1767,#1768,#1769,#1770,#1771,
#1772,#1773,#1774,#1775,#1776,#1777,#1778,#1779,#1780,#1781,#1782,#1783,
#1784,#1785,#1786,#1787,#1788,#1789,#1790,#1791,#1792,#1793,#1794,#1795,
#1796,#1797,#1798,#1799,#1800,#1801,#1802,#1803,#1804,#1805,#1806,#1807,
#1808,#1809,#1810,#1811));
#1813=STYLED_ITEM('',(#1814),#1821);
#1814=PRESENTATION_STYLE_ASSIGNMENT((#1815));
#1815=SURFACE_STYLE_USAGE(.BOTH.,#1816);
#1816=SURFACE_SIDE_STYLE('',(#1817));
#1817=SURFACE_STYLE_FILL_AREA(#1818);
#1818=FILL_AREA_STYLE('',(#1819));
#1819=FILL_AREA_STYLE_COLOUR('',#1820);
#1820=COLOUR_RGB('',0.105882352941176,0.333333333333334,0.);
#1821=MANIFOLD_SOLID_BREP('Front Base',#1812);
#1822=SHAPE_DEFINITION_REPRESENTATION(#3036,#1823);
#1823=SHAPE_REPRESENTATION('Front Base',(#1824),#3031);
#1824=AXIS2_PLACEMENT_3D('',#2515,#1999,#2000);
#1825=AXIS2_PLACEMENT_3D('',#2516,#2001,#2002);
#1826=AXIS2_PLACEMENT_3D('',#2528,#2008,#2009);
#1827=AXIS2_PLACEMENT_3D('',#2529,#2010,#2011);
#1828=AXIS2_PLACEMENT_3D('',#2530,#2012,#2013);
#1829=AXIS2_PLACEMENT_3D('',#2532,#2014,#2015);
#1830=AXIS2_PLACEMENT_3D('',#2566,#2032,#2033);
#1831=AXIS2_PLACEMENT_3D('',#2567,#2034,#2035);
#1832=AXIS2_PLACEMENT_3D('',#2569,#2036,#2037);
#1833=AXIS2_PLACEMENT_3D('',#2577,#2042,#2043);
#1834=AXIS2_PLACEMENT_3D('',#2578,#2044,#2045);
#1835=AXIS2_PLACEMENT_3D('',#2580,#2046,#2047);
#1836=AXIS2_PLACEMENT_3D('',#2587,#2051,#2052);
#1837=AXIS2_PLACEMENT_3D('',#2596,#2057,#2058);
#1838=AXIS2_PLACEMENT_3D('',#2601,#2060,#2061);
#1839=AXIS2_PLACEMENT_3D('',#2605,#2063,#2064);
#1840=AXIS2_PLACEMENT_3D('',#2609,#2066,#2067);
#1841=AXIS2_PLACEMENT_3D('',#2612,#2069,#2070);
#1842=AXIS2_PLACEMENT_3D('',#2613,#2071,#2072);
#1843=AXIS2_PLACEMENT_3D('',#2622,#2076,#2077);
#1844=AXIS2_PLACEMENT_3D('',#2626,#2079,#2080);
#1845=AXIS2_PLACEMENT_3D('',#2628,#2081,#2082);
#1846=AXIS2_PLACEMENT_3D('',#2630,#2083,#2084);
#1847=AXIS2_PLACEMENT_3D('',#2633,#2086,#2087);
#1848=AXIS2_PLACEMENT_3D('',#2639,#2090,#2091);
#1849=AXIS2_PLACEMENT_3D('',#2643,#2093,#2094);
#1850=AXIS2_PLACEMENT_3D('',#2645,#2095,#2096);
#1851=AXIS2_PLACEMENT_3D('',#2647,#2097,#2098);
#1852=AXIS2_PLACEMENT_3D('',#2651,#2100,#2101);
#1853=AXIS2_PLACEMENT_3D('',#2654,#2103,#2104);
#1854=AXIS2_PLACEMENT_3D('',#2655,#2105,#2106);
#1855=AXIS2_PLACEMENT_3D('',#2665,#2111,#2112);
#1856=AXIS2_PLACEMENT_3D('',#2667,#2113,#2114);
#1857=AXIS2_PLACEMENT_3D('',#2671,#2116,#2117);
#1858=AXIS2_PLACEMENT_3D('',#2680,#2122,#2123);
#1859=AXIS2_PLACEMENT_3D('',#2681,#2124,#2125);
#1860=AXIS2_PLACEMENT_3D('',#2683,#2126,#2127);
#1861=AXIS2_PLACEMENT_3D('',#2691,#2132,#2133);
#1862=AXIS2_PLACEMENT_3D('',#2692,#2134,#2135);
#1863=AXIS2_PLACEMENT_3D('',#2694,#2136,#2137);
#1864=AXIS2_PLACEMENT_3D('',#2696,#2138,#2139);
#1865=AXIS2_PLACEMENT_3D('',#2698,#2140,#2141);
#1866=AXIS2_PLACEMENT_3D('',#2702,#2143,#2144);
#1867=AXIS2_PLACEMENT_3D('',#2703,#2145,#2146);
#1868=AXIS2_PLACEMENT_3D('',#2712,#2152,#2153);
#1869=AXIS2_PLACEMENT_3D('',#2718,#2157,#2158);
#1870=AXIS2_PLACEMENT_3D('',#2724,#2162,#2163);
#1871=AXIS2_PLACEMENT_3D('',#2727,#2166,#2167);
#1872=AXIS2_PLACEMENT_3D('',#2728,#2168,#2169);
#1873=AXIS2_PLACEMENT_3D('',#2730,#2170,#2171);
#1874=AXIS2_PLACEMENT_3D('',#2737,#2175,#2176);
#1875=AXIS2_PLACEMENT_3D('',#2741,#2179,#2180);
#1876=AXIS2_PLACEMENT_3D('',#2745,#2183,#2184);
#1877=AXIS2_PLACEMENT_3D('',#2748,#2187,#2188);
#1878=AXIS2_PLACEMENT_3D('',#2749,#2189,#2190);
#1879=AXIS2_PLACEMENT_3D('',#2750,#2191,#2192);
#1880=AXIS2_PLACEMENT_3D('',#2751,#2193,#2194);
#1881=AXIS2_PLACEMENT_3D('',#2753,#2195,#2196);
#1882=AXIS2_PLACEMENT_3D('',#2755,#2197,#2198);
#1883=AXIS2_PLACEMENT_3D('',#2756,#2199,#2200);
#1884=AXIS2_PLACEMENT_3D('',#2763,#2204,#2205);
#1885=AXIS2_PLACEMENT_3D('',#2764,#2206,#2207);
#1886=AXIS2_PLACEMENT_3D('',#2765,#2208,#2209);
#1887=AXIS2_PLACEMENT_3D('',#2766,#2210,#2211);
#1888=AXIS2_PLACEMENT_3D('',#2768,#2212,#2213);
#1889=AXIS2_PLACEMENT_3D('',#2769,#2214,#2215);
#1890=AXIS2_PLACEMENT_3D('',#2771,#2216,#2217);
#1891=AXIS2_PLACEMENT_3D('',#2775,#2219,#2220);
#1892=AXIS2_PLACEMENT_3D('',#2780,#2223,#2224);
#1893=AXIS2_PLACEMENT_3D('',#2784,#2226,#2227);
#1894=AXIS2_PLACEMENT_3D('',#2785,#2228,#2229);
#1895=AXIS2_PLACEMENT_3D('',#2791,#2233,#2234);
#1896=AXIS2_PLACEMENT_3D('',#2794,#2236,#2237);
#1897=AXIS2_PLACEMENT_3D('',#2795,#2238,#2239);
#1898=AXIS2_PLACEMENT_3D('',#2799,#2241,#2242);
#1899=AXIS2_PLACEMENT_3D('',#2802,#2244,#2245);
#1900=AXIS2_PLACEMENT_3D('',#2805,#2248,#2249);
#1901=AXIS2_PLACEMENT_3D('',#2806,#2250,#2251);
#1902=AXIS2_PLACEMENT_3D('',#2810,#2253,#2254);
#1903=AXIS2_PLACEMENT_3D('',#2813,#2256,#2257);
#1904=AXIS2_PLACEMENT_3D('',#2814,#2258,#2259);
#1905=AXIS2_PLACEMENT_3D('',#2830,#2269,#2270);
#1906=AXIS2_PLACEMENT_3D('',#2833,#2272,#2273);
#1907=AXIS2_PLACEMENT_3D('',#2834,#2274,#2275);
#1908=AXIS2_PLACEMENT_3D('',#2835,#2276,#2277);
#1909=AXIS2_PLACEMENT_3D('',#2836,#2278,#2279);
#1910=AXIS2_PLACEMENT_3D('',#2863,#2294,#2295);
#1911=AXIS2_PLACEMENT_3D('',#2866,#2297,#2298);
#1912=AXIS2_PLACEMENT_3D('',#2867,#2299,#2300);
#1913=AXIS2_PLACEMENT_3D('',#2868,#2301,#2302);
#1914=AXIS2_PLACEMENT_3D('',#2869,#2303,#2304);
#1915=AXIS2_PLACEMENT_3D('',#2872,#2306,#2307);
#1916=AXIS2_PLACEMENT_3D('',#2873,#2308,#2309);
#1917=AXIS2_PLACEMENT_3D('',#2874,#2310,#2311);
#1918=AXIS2_PLACEMENT_3D('',#2878,#2314,#2315);
#1919=AXIS2_PLACEMENT_3D('',#2879,#2316,#2317);
#1920=AXIS2_PLACEMENT_3D('',#2880,#2318,#2319);
#1921=AXIS2_PLACEMENT_3D('',#2881,#2320,#2321);
#1922=AXIS2_PLACEMENT_3D('',#2883,#2322,#2323);
#1923=AXIS2_PLACEMENT_3D('',#2885,#2324,#2325);
#1924=AXIS2_PLACEMENT_3D('',#2886,#2326,#2327);
#1925=AXIS2_PLACEMENT_3D('',#2887,#2328,#2329);
#1926=AXIS2_PLACEMENT_3D('',#2891,#2332,#2333);
#1927=AXIS2_PLACEMENT_3D('',#2892,#2334,#2335);
#1928=AXIS2_PLACEMENT_3D('',#2893,#2336,#2337);
#1929=AXIS2_PLACEMENT_3D('',#2894,#2338,#2339);
#1930=AXIS2_PLACEMENT_3D('',#2896,#2340,#2341);
#1931=AXIS2_PLACEMENT_3D('',#2898,#2342,#2343);
#1932=AXIS2_PLACEMENT_3D('',#2899,#2344,#2345);
#1933=AXIS2_PLACEMENT_3D('',#2900,#2346,#2347);
#1934=AXIS2_PLACEMENT_3D('',#2901,#2348,#2349);
#1935=AXIS2_PLACEMENT_3D('',#2904,#2351,#2352);
#1936=AXIS2_PLACEMENT_3D('',#2906,#2354,#2355);
#1937=AXIS2_PLACEMENT_3D('',#2907,#2356,#2357);
#1938=AXIS2_PLACEMENT_3D('',#2909,#2358,#2359);
#1939=AXIS2_PLACEMENT_3D('',#2911,#2360,#2361);
#1940=AXIS2_PLACEMENT_3D('',#2912,#2362,#2363);
#1941=AXIS2_PLACEMENT_3D('',#2916,#2366,#2367);
#1942=AXIS2_PLACEMENT_3D('',#2917,#2368,#2369);
#1943=AXIS2_PLACEMENT_3D('',#2919,#2370,#2371);
#1944=AXIS2_PLACEMENT_3D('',#2921,#2372,#2373);
#1945=AXIS2_PLACEMENT_3D('',#2922,#2374,#2375);
#1946=AXIS2_PLACEMENT_3D('',#2923,#2376,#2377);
#1947=AXIS2_PLACEMENT_3D('',#2924,#2378,#2379);
#1948=AXIS2_PLACEMENT_3D('',#2925,#2380,#2381);
#1949=AXIS2_PLACEMENT_3D('',#2926,#2382,#2383);
#1950=AXIS2_PLACEMENT_3D('',#2932,#2387,#2388);
#1951=AXIS2_PLACEMENT_3D('',#2943,#2395,#2396);
#1952=AXIS2_PLACEMENT_3D('',#2946,#2398,#2399);
#1953=AXIS2_PLACEMENT_3D('',#2947,#2400,#2401);
#1954=AXIS2_PLACEMENT_3D('',#2951,#2404,#2405);
#1955=AXIS2_PLACEMENT_3D('',#2954,#2407,#2408);
#1956=AXIS2_PLACEMENT_3D('',#2955,#2409,#2410);
#1957=AXIS2_PLACEMENT_3D('',#2959,#2413,#2414);
#1958=AXIS2_PLACEMENT_3D('',#2962,#2416,#2417);
#1959=AXIS2_PLACEMENT_3D('',#2963,#2418,#2419);
#1960=AXIS2_PLACEMENT_3D('',#2967,#2422,#2423);
#1961=AXIS2_PLACEMENT_3D('',#2968,#2424,#2425);
#1962=AXIS2_PLACEMENT_3D('',#2969,#2426,#2427);
#1963=AXIS2_PLACEMENT_3D('',#2972,#2430,#2431);
#1964=AXIS2_PLACEMENT_3D('',#2974,#2433,#2434);
#1965=AXIS2_PLACEMENT_3D('',#2976,#2436,#2437);
#1966=AXIS2_PLACEMENT_3D('',#2977,#2438,#2439);
#1967=AXIS2_PLACEMENT_3D('',#2978,#2440,#2441);
#1968=AXIS2_PLACEMENT_3D('',#2979,#2442,#2443);
#1969=AXIS2_PLACEMENT_3D('',#2980,#2444,#2445);
#1970=AXIS2_PLACEMENT_3D('',#2984,#2448,#2449);
#1971=AXIS2_PLACEMENT_3D('',#2988,#2452,#2453);
#1972=AXIS2_PLACEMENT_3D('',#2989,#2454,#2455);
#1973=AXIS2_PLACEMENT_3D('',#2992,#2457,#2458);
#1974=AXIS2_PLACEMENT_3D('',#2993,#2459,#2460);
#1975=AXIS2_PLACEMENT_3D('',#2997,#2463,#2464);
#1976=AXIS2_PLACEMENT_3D('',#2998,#2465,#2466);
#1977=AXIS2_PLACEMENT_3D('',#3001,#2468,#2469);
#1978=AXIS2_PLACEMENT_3D('',#3002,#2470,#2471);
#1979=AXIS2_PLACEMENT_3D('',#3003,#2472,#2473);
#1980=AXIS2_PLACEMENT_3D('',#3008,#2476,#2477);
#1981=AXIS2_PLACEMENT_3D('',#3010,#2479,#2480);
#1982=AXIS2_PLACEMENT_3D('',#3011,#2481,#2482);
#1983=AXIS2_PLACEMENT_3D('',#3012,#2483,#2484);
#1984=AXIS2_PLACEMENT_3D('',#3013,#2485,#2486);
#1985=AXIS2_PLACEMENT_3D('',#3014,#2487,#2488);
#1986=AXIS2_PLACEMENT_3D('',#3016,#2489,#2490);
#1987=AXIS2_PLACEMENT_3D('',#3017,#2491,#2492);
#1988=AXIS2_PLACEMENT_3D('',#3018,#2493,#2494);
#1989=AXIS2_PLACEMENT_3D('',#3019,#2495,#2496);
#1990=AXIS2_PLACEMENT_3D('',#3021,#2497,#2498);
#1991=AXIS2_PLACEMENT_3D('',#3022,#2499,#2500);
#1992=AXIS2_PLACEMENT_3D('',#3023,#2501,#2502);
#1993=AXIS2_PLACEMENT_3D('',#3024,#2503,#2504);
#1994=AXIS2_PLACEMENT_3D('',#3025,#2505,#2506);
#1995=AXIS2_PLACEMENT_3D('',#3026,#2507,#2508);
#1996=AXIS2_PLACEMENT_3D('',#3027,#2509,#2510);
#1997=AXIS2_PLACEMENT_3D('',#3028,#2511,#2512);
#1998=AXIS2_PLACEMENT_3D('',#3029,#2513,#2514);
#1999=DIRECTION('',(0.,0.,1.));
#2000=DIRECTION('',(1.,0.,0.));
#2001=DIRECTION('',(-0.821627027718881,0.,0.57002546199432));
#2002=DIRECTION('',(0.57002546199432,0.,0.821627027718881));
#2003=DIRECTION('',(-0.57002546199432,0.,-0.821627027718881));
#2004=DIRECTION('',(0.,-1.,0.));
#2005=DIRECTION('',(-0.57002546199432,0.,-0.821627027718881));
#2006=DIRECTION('',(0.,-1.,0.));
#2007=DIRECTION('',(0.,-1.,0.));
#2008=DIRECTION('',(-0.821627027718881,0.,0.57002546199432));
#2009=DIRECTION('',(-0.57002546199432,0.,-0.821627027718881));
#2010=DIRECTION('',(0.,0.,1.));
#2011=DIRECTION('',(1.,0.,0.));
#2012=DIRECTION('',(0.,0.,1.));
#2013=DIRECTION('',(0.,-1.,0.));
#2014=DIRECTION('',(0.,0.,1.));
#2015=DIRECTION('',(0.,-1.,0.));
#2016=DIRECTION('',(1.,0.,0.));
#2017=DIRECTION('',(0.,-1.,0.));
#2018=DIRECTION('',(1.,0.,0.));
#2019=DIRECTION('',(0.,-1.,0.));
#2020=DIRECTION('',(1.,0.,0.));
#2021=DIRECTION('',(0.,-1.,0.));
#2022=DIRECTION('',(-1.,0.,0.));
#2023=DIRECTION('',(0.,-1.,0.));
#2024=DIRECTION('',(1.,0.,0.));
#2025=DIRECTION('',(0.,-1.,0.));
#2026=DIRECTION('',(1.,0.,0.));
#2027=DIRECTION('',(0.,-1.,0.));
#2028=DIRECTION('',(-1.,-8.451572774959E-15,0.));
#2029=DIRECTION('',(-5.55111512312578E-15,1.,0.));
#2030=DIRECTION('',(1.,0.,0.));
#2031=DIRECTION('',(0.,1.,0.));
#2032=DIRECTION('',(1.,0.,0.));
#2033=DIRECTION('',(0.,-1.,0.));
#2034=DIRECTION('',(1.,0.,0.));
#2035=DIRECTION('',(0.,-1.,0.));
#2036=DIRECTION('',(1.,0.,0.));
#2037=DIRECTION('',(0.,-1.,0.));
#2038=DIRECTION('',(0.,0.,1.));
#2039=DIRECTION('',(0.,0.,1.));
#2040=DIRECTION('',(0.,-1.,0.));
#2041=DIRECTION('',(0.,0.,1.));
#2042=DIRECTION('',(1.,0.,0.));
#2043=DIRECTION('',(0.,-1.,0.));
#2044=DIRECTION('',(1.,0.,0.));
#2045=DIRECTION('',(0.,-1.,0.));
#2046=DIRECTION('',(1.,0.,0.));
#2047=DIRECTION('',(0.,-1.,0.));
#2048=DIRECTION('',(0.,0.,1.));
#2049=DIRECTION('',(0.,-1.,0.));
#2050=DIRECTION('',(0.,0.,-1.));
#2051=DIRECTION('',(0.,0.,-1.));
#2052=DIRECTION('',(0.,1.,0.));
#2053=DIRECTION('',(1.,0.,0.));
#2054=DIRECTION('',(0.,-1.,0.));
#2055=DIRECTION('',(1.,0.,0.));
#2056=DIRECTION('',(0.,-1.,0.));
#2057=DIRECTION('',(0.,0.,-1.));
#2058=DIRECTION('',(0.,1.,0.));
#2059=DIRECTION('',(-1.,0.,0.));
#2060=DIRECTION('',(0.,0.,-1.));
#2061=DIRECTION('',(0.,1.,0.));
#2062=DIRECTION('',(0.,1.,0.));
#2063=DIRECTION('',(0.,0.,-1.));
#2064=DIRECTION('',(0.,1.,0.));
#2065=DIRECTION('',(-1.,0.,0.));
#2066=DIRECTION('',(0.,0.,-1.));
#2067=DIRECTION('',(0.,1.,0.));
#2068=DIRECTION('',(0.,1.,0.));
#2069=DIRECTION('',(0.,0.,-1.));
#2070=DIRECTION('',(0.,1.,0.));
#2071=DIRECTION('',(0.,0.,1.));
#2072=DIRECTION('',(0.,-1.,0.));
#2073=DIRECTION('',(1.,0.,0.));
#2074=DIRECTION('',(0.,1.,0.));
#2075=DIRECTION('',(1.,0.,0.));
#2076=DIRECTION('',(0.,0.,1.));
#2077=DIRECTION('',(0.,-1.,0.));
#2078=DIRECTION('',(-0.852822378956207,-0.522201101063064,0.));
#2079=DIRECTION('',(0.,0.,1.));
#2080=DIRECTION('',(0.,-1.,0.));
#2081=DIRECTION('',(0.,0.,-1.));
#2082=DIRECTION('',(0.,-1.,0.));
#2083=DIRECTION('',(0.,0.,1.));
#2084=DIRECTION('',(0.,-1.,0.));
#2085=DIRECTION('',(-0.852822378956207,0.522201101063064,0.));
#2086=DIRECTION('',(0.,0.,-1.));
#2087=DIRECTION('',(0.,1.,0.));
#2088=DIRECTION('',(0.,1.,0.));
#2089=DIRECTION('',(1.,0.,0.));
#2090=DIRECTION('',(0.,0.,1.));
#2091=DIRECTION('',(0.,-1.,0.));
#2092=DIRECTION('',(0.852822378956208,0.522201101063063,0.));
#2093=DIRECTION('',(0.,0.,1.));
#2094=DIRECTION('',(0.,-1.,0.));
#2095=DIRECTION('',(0.,0.,1.));
#2096=DIRECTION('',(0.,-1.,0.));
#2097=DIRECTION('',(0.,0.,1.));
#2098=DIRECTION('',(0.,-1.,0.));
#2099=DIRECTION('',(0.852822378956207,-0.522201101063064,0.));
#2100=DIRECTION('',(0.,0.,1.));
#2101=DIRECTION('',(0.,-1.,0.));
#2102=DIRECTION('',(1.,0.,0.));
#2103=DIRECTION('',(0.,0.,1.));
#2104=DIRECTION('',(0.,-1.,0.));
#2105=DIRECTION('',(0.,0.,-1.));
#2106=DIRECTION('',(0.,-1.,0.));
#2107=DIRECTION('',(-1.,0.,0.));
#2108=DIRECTION('',(0.,-1.,0.));
#2109=DIRECTION('',(-1.,0.,0.));
#2110=DIRECTION('',(0.,-1.,0.));
#2111=DIRECTION('',(0.,0.,1.));
#2112=DIRECTION('',(0.,-1.,0.));
#2113=DIRECTION('',(-0.821627027718881,0.,-0.57002546199432));
#2114=DIRECTION('',(-0.57002546199432,0.,0.821627027718881));
#2115=DIRECTION('',(0.,-1.,0.));
#2116=DIRECTION('',(-0.821627027718881,0.,-0.57002546199432));
#2117=DIRECTION('',(0.57002546199432,0.,-0.821627027718881));
#2118=DIRECTION('',(0.,-1.,0.));
#2119=DIRECTION('',(0.57002546199432,0.,-0.821627027718881));
#2120=DIRECTION('',(0.,-1.,0.));
#2121=DIRECTION('',(0.57002546199432,0.,-0.821627027718881));
#2122=DIRECTION('',(1.,0.,0.));
#2123=DIRECTION('',(0.,-1.,0.));
#2124=DIRECTION('',(1.,0.,0.));
#2125=DIRECTION('',(0.,-1.,0.));
#2126=DIRECTION('',(1.,0.,0.));
#2127=DIRECTION('',(0.,-1.,0.));
#2128=DIRECTION('',(0.,0.,1.));
#2129=DIRECTION('',(0.,0.,1.));
#2130=DIRECTION('',(0.,-1.,0.));
#2131=DIRECTION('',(0.,0.,1.));
#2132=DIRECTION('',(0.,1.,0.));
#2133=DIRECTION('',(1.,0.,0.));
#2134=DIRECTION('',(0.,1.,0.));
#2135=DIRECTION('',(1.,0.,0.));
#2136=DIRECTION('',(0.,1.,0.));
#2137=DIRECTION('',(1.,0.,0.));
#2138=DIRECTION('',(0.,1.,0.));
#2139=DIRECTION('',(1.,0.,0.));
#2140=DIRECTION('',(0.,1.,0.));
#2141=DIRECTION('',(1.,0.,0.));
#2142=DIRECTION('',(0.23780003071277,0.,-0.971314133220044));
#2143=DIRECTION('',(0.,1.,0.));
#2144=DIRECTION('',(1.,0.,0.));
#2145=DIRECTION('',(0.,1.,0.));
#2146=DIRECTION('',(1.,0.,0.));
#2147=DIRECTION('',(-0.23780003071277,0.,-0.971314133220044));
#2148=DIRECTION('',(1.,0.,0.));
#2149=DIRECTION('',(0.,0.,1.));
#2150=DIRECTION('',(0.,0.,1.));
#2151=DIRECTION('',(1.,0.,0.));
#2152=DIRECTION('',(0.971314133220044,0.,0.237800030712769));
#2153=DIRECTION('',(0.237800030712769,0.,-0.971314133220044));
#2154=DIRECTION('',(-0.237800030712769,0.,0.971314133220044));
#2155=DIRECTION('',(-0.237800030712769,0.,0.971314133220044));
#2156=DIRECTION('',(0.,-1.,0.));
#2157=DIRECTION('',(0.971314133220044,0.,-0.23780003071277));
#2158=DIRECTION('',(-0.23780003071277,0.,-0.971314133220044));
#2159=DIRECTION('',(0.23780003071277,0.,0.971314133220044));
#2160=DIRECTION('',(0.,-1.,0.));
#2161=DIRECTION('',(0.23780003071277,0.,0.971314133220044));
#2162=DIRECTION('',(0.821627027718881,0.,-0.57002546199432));
#2163=DIRECTION('',(-0.57002546199432,0.,-0.821627027718881));
#2164=DIRECTION('',(0.57002546199432,0.,0.821627027718881));
#2165=DIRECTION('',(0.57002546199432,0.,0.821627027718881));
#2166=DIRECTION('',(1.,0.,0.));
#2167=DIRECTION('',(0.,-1.,0.));
#2168=DIRECTION('',(1.,0.,0.));
#2169=DIRECTION('',(0.,-1.,0.));
#2170=DIRECTION('',(1.,0.,0.));
#2171=DIRECTION('',(0.,-1.,0.));
#2172=DIRECTION('',(0.,0.,1.));
#2173=DIRECTION('',(0.,0.,-1.));
#2174=DIRECTION('',(0.,-1.,0.));
#2175=DIRECTION('',(-0.971314133220044,0.,-0.23780003071277));
#2176=DIRECTION('',(-0.23780003071277,0.,0.971314133220044));
#2177=DIRECTION('',(0.23780003071277,0.,-0.971314133220044));
#2178=DIRECTION('',(0.,-1.,0.));
#2179=DIRECTION('',(-0.971314133220044,0.,0.23780003071277));
#2180=DIRECTION('',(0.23780003071277,0.,0.971314133220044));
#2181=DIRECTION('',(0.,-1.,0.));
#2182=DIRECTION('',(-0.23780003071277,0.,-0.971314133220044));
#2183=DIRECTION('',(0.821627027718881,0.,0.57002546199432));
#2184=DIRECTION('',(0.57002546199432,0.,-0.821627027718881));
#2185=DIRECTION('',(-0.57002546199432,0.,0.821627027718881));
#2186=DIRECTION('',(-0.57002546199432,0.,0.821627027718881));
#2187=DIRECTION('',(0.,1.,0.));
#2188=DIRECTION('',(1.,0.,0.));
#2189=DIRECTION('',(0.,1.,0.));
#2190=DIRECTION('',(1.,0.,0.));
#2191=DIRECTION('',(0.,1.,0.));
#2192=DIRECTION('',(1.,0.,0.));
#2193=DIRECTION('',(0.,1.,0.));
#2194=DIRECTION('',(1.,0.,0.));
#2195=DIRECTION('',(0.,1.,0.));
#2196=DIRECTION('',(1.,0.,0.));
#2197=DIRECTION('',(0.,1.,0.));
#2198=DIRECTION('',(1.,0.,0.));
#2199=DIRECTION('',(0.,-1.,0.));
#2200=DIRECTION('',(-1.,0.,0.));
#2201=DIRECTION('',(0.,0.,1.));
#2202=DIRECTION('',(1.,0.,0.));
#2203=DIRECTION('',(0.,0.,1.));
#2204=DIRECTION('',(0.,1.,0.));
#2205=DIRECTION('',(1.,0.,0.));
#2206=DIRECTION('',(0.,1.,0.));
#2207=DIRECTION('',(1.,0.,0.));
#2208=DIRECTION('',(0.,0.,1.));
#2209=DIRECTION('',(0.,-1.,0.));
#2210=DIRECTION('',(0.,0.,-1.));
#2211=DIRECTION('',(0.,-1.,0.));
#2212=DIRECTION('',(0.,0.,1.));
#2213=DIRECTION('',(0.,-1.,0.));
#2214=DIRECTION('',(0.,0.,1.));
#2215=DIRECTION('',(0.,-1.,0.));
#2216=DIRECTION('',(0.,0.,1.));
#2217=DIRECTION('',(0.,-1.,0.));
#2218=DIRECTION('',(0.,0.,1.));
#2219=DIRECTION('',(0.,0.,-1.));
#2220=DIRECTION('',(0.,-1.,0.));
#2221=DIRECTION('',(0.,0.,-1.));
#2222=DIRECTION('',(0.,0.,-1.));
#2223=DIRECTION('',(0.,0.,-1.));
#2224=DIRECTION('',(0.,-1.,0.));
#2225=DIRECTION('',(0.,0.,1.));
#2226=DIRECTION('',(0.,0.,-1.));
#2227=DIRECTION('',(0.,-1.,0.));
#2228=DIRECTION('',(0.,1.,0.));
#2229=DIRECTION('',(1.,0.,0.));
#2230=DIRECTION('',(0.,0.,1.));
#2231=DIRECTION('',(-1.,0.,0.));
#2232=DIRECTION('',(-1.,0.,0.));
#2233=DIRECTION('',(0.,0.,1.));
#2234=DIRECTION('',(0.,-1.,0.));
#2235=DIRECTION('',(0.,0.,-1.));
#2236=DIRECTION('',(0.,0.,1.));
#2237=DIRECTION('',(0.,-1.,0.));
#2238=DIRECTION('',(0.,0.,1.));
#2239=DIRECTION('',(0.,-1.,0.));
#2240=DIRECTION('',(0.,0.,1.));
#2241=DIRECTION('',(0.,0.,1.));
#2242=DIRECTION('',(0.,-1.,0.));
#2243=DIRECTION('',(0.,0.,-1.));
#2244=DIRECTION('',(0.,1.,0.));
#2245=DIRECTION('',(1.,0.,0.));
#2246=DIRECTION('',(-1.,0.,0.));
#2247=DIRECTION('',(-1.,0.,0.));
#2248=DIRECTION('',(0.,0.,1.));
#2249=DIRECTION('',(1.,0.,0.));
#2250=DIRECTION('',(0.,0.,-1.));
#2251=DIRECTION('',(0.,1.,0.));
#2252=DIRECTION('',(0.,0.,-1.));
#2253=DIRECTION('',(0.,0.,1.));
#2254=DIRECTION('',(0.,-1.,0.));
#2255=DIRECTION('',(0.,0.,1.));
#2256=DIRECTION('',(0.,0.,1.));
#2257=DIRECTION('',(0.,-1.,0.));
#2258=DIRECTION('',(0.,-1.,0.));
#2259=DIRECTION('',(-1.,0.,0.));
#2260=DIRECTION('',(0.,0.,-1.));
#2261=DIRECTION('',(-1.,0.,0.));
#2262=DIRECTION('',(0.,0.,1.));
#2263=DIRECTION('',(0.,0.,1.));
#2264=DIRECTION('',(-1.,0.,0.));
#2265=DIRECTION('',(0.,0.,1.));
#2266=DIRECTION('',(0.,0.,1.));
#2267=DIRECTION('',(-1.,0.,0.));
#2268=DIRECTION('',(-1.,0.,0.));
#2269=DIRECTION('',(0.,0.,-1.));
#2270=DIRECTION('',(0.,1.,0.));
#2271=DIRECTION('',(0.,0.,1.));
#2272=DIRECTION('',(0.,0.,1.));
#2273=DIRECTION('',(0.,-1.,0.));
#2274=DIRECTION('',(0.,0.,1.));
#2275=DIRECTION('',(0.,-1.,0.));
#2276=DIRECTION('',(0.,0.,1.));
#2277=DIRECTION('',(1.,0.,0.));
#2278=DIRECTION('',(0.,-1.,0.));
#2279=DIRECTION('',(-1.,0.,0.));
#2280=DIRECTION('',(-1.,0.,0.));
#2281=DIRECTION('',(0.,0.,-1.));
#2282=DIRECTION('',(-1.,0.,0.));
#2283=DIRECTION('',(0.,0.,1.));
#2284=DIRECTION('',(0.,0.,1.));
#2285=DIRECTION('',(-1.,0.,0.));
#2286=DIRECTION('',(0.,0.,1.));
#2287=DIRECTION('',(-1.,0.,0.));
#2288=DIRECTION('',(0.,0.,1.));
#2289=DIRECTION('',(-1.,0.,0.));
#2290=DIRECTION('',(0.,0.,1.));
#2291=DIRECTION('',(0.,0.,1.));
#2292=DIRECTION('',(-1.,0.,0.));
#2293=DIRECTION('',(0.,0.,-1.));
#2294=DIRECTION('',(0.,0.,-1.));
#2295=DIRECTION('',(0.,1.,0.));
#2296=DIRECTION('',(0.,0.,1.));
#2297=DIRECTION('',(0.,0.,1.));
#2298=DIRECTION('',(0.,-1.,0.));
#2299=DIRECTION('',(0.,0.,1.));
#2300=DIRECTION('',(0.,-1.,0.));
#2301=DIRECTION('',(0.,0.,-1.));
#2302=DIRECTION('',(0.,1.,0.));
#2303=DIRECTION('',(0.,0.,1.));
#2304=DIRECTION('',(0.,-1.,0.));
#2305=DIRECTION('',(0.,0.,1.));
#2306=DIRECTION('',(0.,0.,1.));
#2307=DIRECTION('',(0.,-1.,0.));
#2308=DIRECTION('',(0.,0.,1.));
#2309=DIRECTION('',(1.,0.,0.));
#2310=DIRECTION('',(0.522201101063064,0.852822378956207,0.));
#2311=DIRECTION('',(0.852822378956207,-0.522201101063064,0.));
#2312=DIRECTION('',(-0.852822378956207,0.522201101063064,0.));
#2313=DIRECTION('',(0.,0.,1.));
#2314=DIRECTION('',(0.,0.,1.));
#2315=DIRECTION('',(0.,-1.,0.));
#2316=DIRECTION('',(0.,0.,1.));
#2317=DIRECTION('',(0.,-1.,0.));
#2318=DIRECTION('',(0.,0.,1.));
#2319=DIRECTION('',(0.,-1.,0.));
#2320=DIRECTION('',(0.,0.,-1.));
#2321=DIRECTION('',(0.,-1.,0.));
#2322=DIRECTION('',(0.,0.,-1.));
#2323=DIRECTION('',(0.,1.,0.));
#2324=DIRECTION('',(0.,0.,1.));
#2325=DIRECTION('',(1.,0.,0.));
#2326=DIRECTION('',(0.,0.,-1.));
#2327=DIRECTION('',(0.,1.,0.));
#2328=DIRECTION('',(-0.522201101063064,-0.852822378956207,0.));
#2329=DIRECTION('',(-0.852822378956207,0.522201101063064,0.));
#2330=DIRECTION('',(0.852822378956207,-0.522201101063064,0.));
#2331=DIRECTION('',(0.,0.,1.));
#2332=DIRECTION('',(0.,0.,1.));
#2333=DIRECTION('',(0.,-1.,0.));
#2334=DIRECTION('',(0.,0.,1.));
#2335=DIRECTION('',(0.,-1.,0.));
#2336=DIRECTION('',(0.,0.,1.));
#2337=DIRECTION('',(0.,-1.,0.));
#2338=DIRECTION('',(0.,0.,-1.));
#2339=DIRECTION('',(0.,-1.,0.));
#2340=DIRECTION('',(0.,0.,-1.));
#2341=DIRECTION('',(0.,1.,0.));
#2342=DIRECTION('',(0.,0.,1.));
#2343=DIRECTION('',(1.,0.,0.));
#2344=DIRECTION('',(0.,0.,-1.));
#2345=DIRECTION('',(0.,1.,0.));
#2346=DIRECTION('',(0.,0.,1.));
#2347=DIRECTION('',(0.,-1.,0.));
#2348=DIRECTION('',(0.,0.,1.));
#2349=DIRECTION('',(0.,-1.,0.));
#2350=DIRECTION('',(0.,0.,1.));
#2351=DIRECTION('',(-0.522201101063064,0.852822378956207,0.));
#2352=DIRECTION('',(0.852822378956207,0.522201101063064,0.));
#2353=DIRECTION('',(-0.852822378956207,-0.522201101063064,0.));
#2354=DIRECTION('',(0.,0.,1.));
#2355=DIRECTION('',(0.,-1.,0.));
#2356=DIRECTION('',(0.,0.,1.));
#2357=DIRECTION('',(0.,-1.,0.));
#2358=DIRECTION('',(0.,0.,1.));
#2359=DIRECTION('',(0.,-1.,0.));
#2360=DIRECTION('',(0.,0.,1.));
#2361=DIRECTION('',(1.,0.,0.));
#2362=DIRECTION('',(0.522201101063063,-0.852822378956207,0.));
#2363=DIRECTION('',(-0.852822378956207,-0.522201101063063,0.));
#2364=DIRECTION('',(0.,0.,1.));
#2365=DIRECTION('',(0.852822378956208,0.522201101063063,0.));
#2366=DIRECTION('',(0.,0.,1.));
#2367=DIRECTION('',(0.,-1.,0.));
#2368=DIRECTION('',(0.,0.,1.));
#2369=DIRECTION('',(0.,-1.,0.));
#2370=DIRECTION('',(0.,0.,1.));
#2371=DIRECTION('',(0.,-1.,0.));
#2372=DIRECTION('',(0.,0.,1.));
#2373=DIRECTION('',(0.,-1.,0.));
#2374=DIRECTION('',(0.,0.,1.));
#2375=DIRECTION('',(0.,-1.,0.));
#2376=DIRECTION('',(0.,0.,1.));
#2377=DIRECTION('',(1.,0.,0.));
#2378=DIRECTION('',(0.,0.,-1.));
#2379=DIRECTION('',(0.,1.,0.));
#2380=DIRECTION('',(0.,0.,-1.));
#2381=DIRECTION('',(0.,1.,0.));
#2382=DIRECTION('',(-1.,0.,0.));
#2383=DIRECTION('',(0.,1.,0.));
#2384=DIRECTION('',(0.,0.,1.));
#2385=DIRECTION('',(0.,-1.,0.));
#2386=DIRECTION('',(0.,-1.,0.));
#2387=DIRECTION('',(0.,-1.,0.));
#2388=DIRECTION('',(-1.,0.,0.));
#2389=DIRECTION('',(0.,0.,1.));
#2390=DIRECTION('',(1.,0.,0.));
#2391=DIRECTION('',(0.,0.,1.));
#2392=DIRECTION('',(1.,0.,0.));
#2393=DIRECTION('',(1.,0.,0.));
#2394=DIRECTION('',(0.,0.,1.));
#2395=DIRECTION('',(0.,0.,1.));
#2396=DIRECTION('',(0.,-1.,0.));
#2397=DIRECTION('',(0.,0.,1.));
#2398=DIRECTION('',(0.,0.,1.));
#2399=DIRECTION('',(0.,-1.,0.));
#2400=DIRECTION('',(-1.,0.,0.));
#2401=DIRECTION('',(0.,1.,0.));
#2402=DIRECTION('',(0.,0.,1.));
#2403=DIRECTION('',(0.,-1.,0.));
#2404=DIRECTION('',(0.,0.,1.));
#2405=DIRECTION('',(0.,-1.,0.));
#2406=DIRECTION('',(0.,0.,1.));
#2407=DIRECTION('',(0.,0.,1.));
#2408=DIRECTION('',(0.,-1.,0.));
#2409=DIRECTION('',(0.,-1.,0.));
#2410=DIRECTION('',(-1.,0.,0.));
#2411=DIRECTION('',(0.,0.,1.));
#2412=DIRECTION('',(1.,0.,0.));
#2413=DIRECTION('',(0.,0.,1.));
#2414=DIRECTION('',(0.,-1.,0.));
#2415=DIRECTION('',(0.,0.,1.));
#2416=DIRECTION('',(0.,0.,1.));
#2417=DIRECTION('',(0.,-1.,0.));
#2418=DIRECTION('',(-1.,0.,0.));
#2419=DIRECTION('',(0.,1.,0.));
#2420=DIRECTION('',(0.,-1.,0.));
#2421=DIRECTION('',(0.,0.,1.));
#2422=DIRECTION('',(0.,0.,1.));
#2423=DIRECTION('',(0.,-1.,0.));
#2424=DIRECTION('',(0.,0.,1.));
#2425=DIRECTION('',(0.,-1.,0.));
#2426=DIRECTION('',(-1.,0.,0.));
#2427=DIRECTION('',(0.,1.,0.));
#2428=DIRECTION('',(0.,-1.,0.));
#2429=DIRECTION('',(0.,-1.,0.));
#2430=DIRECTION('',(-1.,0.,0.));
#2431=DIRECTION('',(0.,1.,0.));
#2432=DIRECTION('',(0.,-1.,0.));
#2433=DIRECTION('',(-1.,0.,0.));
#2434=DIRECTION('',(0.,1.,0.));
#2435=DIRECTION('',(0.,-1.,0.));
#2436=DIRECTION('',(0.,0.,1.));
#2437=DIRECTION('',(1.,0.,0.));
#2438=DIRECTION('',(0.,0.,1.));
#2439=DIRECTION('',(1.,0.,0.));
#2440=DIRECTION('',(0.,1.,0.));
#2441=DIRECTION('',(1.,0.,0.));
#2442=DIRECTION('',(0.,-1.,0.));
#2443=DIRECTION('',(-1.,0.,0.));
#2444=DIRECTION('',(-1.,0.,0.));
#2445=DIRECTION('',(0.,1.,0.));
#2446=DIRECTION('',(0.,0.,1.));
#2447=DIRECTION('',(0.,-1.,0.));
#2448=DIRECTION('',(-1.,0.,0.));
#2449=DIRECTION('',(0.,1.,0.));
#2450=DIRECTION('',(0.,-1.,0.));
#2451=DIRECTION('',(0.,0.,1.));
#2452=DIRECTION('',(0.,1.,0.));
#2453=DIRECTION('',(1.,0.,0.));
#2454=DIRECTION('',(0.,1.,0.));
#2455=DIRECTION('',(1.,0.,0.));
#2456=DIRECTION('',(-1.,0.,0.));
#2457=DIRECTION('',(0.,0.,1.));
#2458=DIRECTION('',(1.,0.,0.));
#2459=DIRECTION('',(1.,5.55111512312578E-15,0.));
#2460=DIRECTION('',(5.55111512312578E-15,-1.,0.));
#2461=DIRECTION('',(0.,0.,1.));
#2462=DIRECTION('',(-5.55111512312578E-15,1.,0.));
#2463=DIRECTION('',(-8.451572774959E-15,1.,0.));
#2464=DIRECTION('',(1.,8.451572774959E-15,0.));
#2465=DIRECTION('',(-8.451572774959E-15,1.,0.));
#2466=DIRECTION('',(1.,8.451572774959E-15,0.));
#2467=DIRECTION('',(-1.,-8.451572774959E-15,0.));
#2468=DIRECTION('',(0.,0.,1.));
#2469=DIRECTION('',(1.,0.,0.));
#2470=DIRECTION('',(0.,-1.,0.));
#2471=DIRECTION('',(-1.,0.,0.));
#2472=DIRECTION('',(0.,-1.,0.));
#2473=DIRECTION('',(-1.,0.,0.));
#2474=DIRECTION('',(0.,0.,1.));
#2475=DIRECTION('',(1.,0.,0.));
#2476=DIRECTION('',(1.,0.,0.));
#2477=DIRECTION('',(0.,-1.,0.));
#2478=DIRECTION('',(0.,1.,0.));
#2479=DIRECTION('',(0.,0.,1.));
#2480=DIRECTION('',(1.,0.,0.));
#2481=DIRECTION('',(0.,0.,-1.));
#2482=DIRECTION('',(0.,1.,0.));
#2483=DIRECTION('',(0.,0.,1.));
#2484=DIRECTION('',(0.,1.,0.));
#2485=DIRECTION('',(0.,0.,-1.));
#2486=DIRECTION('',(-1.,0.,0.));
#2487=DIRECTION('',(0.,0.,-1.));
#2488=DIRECTION('',(0.,1.,0.));
#2489=DIRECTION('',(0.,0.,-1.));
#2490=DIRECTION('',(0.,1.,0.));
#2491=DIRECTION('',(0.,0.,-1.));
#2492=DIRECTION('',(0.,1.,0.));
#2493=DIRECTION('',(0.,0.,-1.));
#2494=DIRECTION('',(-1.,0.,0.));
#2495=DIRECTION('',(0.,0.,-1.));
#2496=DIRECTION('',(0.,1.,0.));
#2497=DIRECTION('',(0.,-1.,0.));
#2498=DIRECTION('',(-1.,0.,0.));
#2499=DIRECTION('',(0.,-1.,0.));
#2500=DIRECTION('',(-1.,0.,0.));
#2501=DIRECTION('',(0.,-1.,0.));
#2502=DIRECTION('',(-1.,0.,0.));
#2503=DIRECTION('',(-1.,0.,0.));
#2504=DIRECTION('',(0.,1.,0.));
#2505=DIRECTION('',(-1.,0.,0.));
#2506=DIRECTION('',(0.,1.,0.));
#2507=DIRECTION('',(-1.,0.,0.));
#2508=DIRECTION('',(0.,1.,0.));
#2509=DIRECTION('',(-1.,0.,0.));
#2510=DIRECTION('',(0.,1.,0.));
#2511=DIRECTION('',(0.,0.,1.));
#2512=DIRECTION('',(0.,-1.,0.));
#2513=DIRECTION('',(0.,0.,1.));
#2514=DIRECTION('',(0.,-1.,0.));
#2515=CARTESIAN_POINT('',(0.,0.,0.));
#2516=CARTESIAN_POINT('',(-0.09625,0.005,0.0354051995206777));
#2517=CARTESIAN_POINT('',(-0.09625,0.,0.0354051995206777));
#2518=CARTESIAN_POINT('',(-0.0526804038507602,0.,0.0982058289132092));
#2519=CARTESIAN_POINT('',(-0.1,0.,0.03));
#2520=CARTESIAN_POINT('',(-0.0526804038507602,0.035,0.0982058289132092));
#2521=CARTESIAN_POINT('',(-0.0526804038507602,0.035,0.0982058289132092));
#2522=CARTESIAN_POINT('',(-0.0725902019253801,0.035,0.0695081139772824));
#2523=CARTESIAN_POINT('',(-0.1,0.035,0.03));
#2524=CARTESIAN_POINT('',(-0.1,0.005,0.03));
#2525=CARTESIAN_POINT('',(-0.0999995933146849,0.005,0.0300005861907386));
#2526=CARTESIAN_POINT('',(-0.0999995933146849,0.0209569567504482,0.0300005861907386));
#2527=CARTESIAN_POINT('',(-0.0999995933146849,0.0140430432495517,0.0300005861907386));
#2528=CARTESIAN_POINT('',(-0.09625,0.0175,0.0354051995206777));
#2529=CARTESIAN_POINT('',(-0.09,0.07,0.00142058619073867));
#2530=CARTESIAN_POINT('',(-0.09625,0.0175,0.00142058619073867));
#2531=CARTESIAN_POINT('',(-0.09625,0.01585,0.00142058619073867));
#2532=CARTESIAN_POINT('',(0.09625,0.0175,0.00142058619073867));
#2533=CARTESIAN_POINT('',(0.09625,0.01585,0.00142058619073867));
#2534=CARTESIAN_POINT('',(-0.06875,0.0025,0.00142058619073867));
#2535=CARTESIAN_POINT('',(-0.1,0.0025,0.00142058619073867));
#2536=CARTESIAN_POINT('',(-0.0375,0.0025,0.00142058619073867));
#2537=CARTESIAN_POINT('',(-0.1,0.005,0.00142058619073867));
#2538=CARTESIAN_POINT('',(-0.1,0.035,0.00142058619073867));
#2539=CARTESIAN_POINT('',(-1.38777878078145E-17,0.035,0.00142058619073867));
#2540=CARTESIAN_POINT('',(-0.0925,0.035,0.00142058619073867));
#2541=CARTESIAN_POINT('',(-0.0925,0.035,0.00142058619073867));
#2542=CARTESIAN_POINT('',(-0.0925,0.005,0.00142058619073867));
#2543=CARTESIAN_POINT('',(-1.38777878078145E-17,0.005,0.00142058619073867));
#2544=CARTESIAN_POINT('',(-0.031,0.005,0.00142058619073867));
#2545=CARTESIAN_POINT('',(-0.031,0.00375,0.00142058619073867));
#2546=CARTESIAN_POINT('',(-0.031,0.0025,0.00142058619073867));
#2547=CARTESIAN_POINT('',(0.,0.0025,0.00142058619073867));
#2548=CARTESIAN_POINT('',(0.031,0.0025,0.00142058619073867));
#2549=CARTESIAN_POINT('',(0.031,0.00375,0.00142058619073867));
#2550=CARTESIAN_POINT('',(0.031,0.005,0.00142058619073867));
#2551=CARTESIAN_POINT('',(-1.38777878078145E-17,0.005,0.00142058619073867));
#2552=CARTESIAN_POINT('',(0.0925,0.005,0.00142058619073867));
#2553=CARTESIAN_POINT('',(0.0925,0.035,0.00142058619073867));
#2554=CARTESIAN_POINT('',(0.0925,0.035,0.00142058619073867));
#2555=CARTESIAN_POINT('',(-1.38777878078145E-17,0.035,0.00142058619073867));
#2556=CARTESIAN_POINT('',(0.1,0.035,0.00142058619073867));
#2557=CARTESIAN_POINT('',(0.1,0.005,0.00142058619073867));
#2558=CARTESIAN_POINT('',(0.1,0.00250000000000084,0.00142058619073867));
#2559=CARTESIAN_POINT('',(0.06875,0.00250000000000058,0.00142058619073867));
#2560=CARTESIAN_POINT('',(0.0375,0.00250000000000031,0.00142058619073867));
#2561=CARTESIAN_POINT('',(0.0375,0.00125000000000032,0.00142058619073867));
#2562=CARTESIAN_POINT('',(0.0375,0.,0.00142058619073867));
#2563=CARTESIAN_POINT('',(-1.38777878078145E-17,0.,0.00142058619073867));
#2564=CARTESIAN_POINT('',(-0.0375,0.,0.00142058619073867));
#2565=CARTESIAN_POINT('',(-0.0375,0.00125,0.00142058619073867));
#2566=CARTESIAN_POINT('',(-0.1,0.005,-0.058));
#2567=CARTESIAN_POINT('',(-0.1,0.02625,0.008));
#2568=CARTESIAN_POINT('',(-0.1,0.0246,0.008));
#2569=CARTESIAN_POINT('',(-0.1,0.00875,0.008));
#2570=CARTESIAN_POINT('',(-0.1,0.0071,0.008));
#2571=CARTESIAN_POINT('',(-0.1,0.035,-0.058));
#2572=CARTESIAN_POINT('',(-0.1,0.0025,-0.00857941380926133));
#2573=CARTESIAN_POINT('',(-0.1,0.0025,-0.00857941380926133));
#2574=CARTESIAN_POINT('',(-0.1,0.005,-0.00857941380926133));
#2575=CARTESIAN_POINT('',(-0.1,0.,-0.00857941380926133));
#2576=CARTESIAN_POINT('',(-0.1,0.,-0.058));
#2577=CARTESIAN_POINT('',(-0.0925,0.035,-0.0574234539782031));
#2578=CARTESIAN_POINT('',(-0.0925,0.02625,0.008));
#2579=CARTESIAN_POINT('',(-0.0925,0.0246,0.008));
#2580=CARTESIAN_POINT('',(-0.0925,0.00875,0.008));
#2581=CARTESIAN_POINT('',(-0.0925,0.0071,0.008));
#2582=CARTESIAN_POINT('',(-0.0925,0.035,-0.0574234539782031));
#2583=CARTESIAN_POINT('',(-0.0925,0.035,0.0276530920435938));
#2584=CARTESIAN_POINT('',(-0.0925,0.035,0.0276530920435938));
#2585=CARTESIAN_POINT('',(-0.0925,0.005,0.0276530920435938));
#2586=CARTESIAN_POINT('',(-0.0925,0.005,0.));
#2587=CARTESIAN_POINT('',(2.08166817117217E-17,0.035,0.1425));
#2588=CARTESIAN_POINT('',(2.08166817117217E-17,0.005,0.1425));
#2589=CARTESIAN_POINT('',(-0.0341146745690777,0.005,0.1425));
#2590=CARTESIAN_POINT('',(0.0341146745690777,0.005,0.1425));
#2591=CARTESIAN_POINT('',(-0.0341146745690777,0.035,0.1425));
#2592=CARTESIAN_POINT('',(-0.0341146745690777,0.035,0.1425));
#2593=CARTESIAN_POINT('',(2.08166817117217E-17,0.035,0.1425));
#2594=CARTESIAN_POINT('',(0.0341146745690777,0.035,0.1425));
#2595=CARTESIAN_POINT('',(0.0341146745690777,0.035,0.1425));
#2596=CARTESIAN_POINT('',(0.02395,0.02795,0.1425));
#2597=CARTESIAN_POINT('',(0.02395,0.02995,0.1425));
#2598=CARTESIAN_POINT('',(0.02595,0.02795,0.1425));
#2599=CARTESIAN_POINT('',(2.08166817117217E-17,0.02995,0.1425));
#2600=CARTESIAN_POINT('',(-0.02395,0.02995,0.1425));
#2601=CARTESIAN_POINT('',(-0.02395,0.02795,0.1425));
#2602=CARTESIAN_POINT('',(-0.02595,0.02795,0.1425));
#2603=CARTESIAN_POINT('',(-0.02595,0.035,0.1425));
#2604=CARTESIAN_POINT('',(-0.02595,0.00705,0.1425));
#2605=CARTESIAN_POINT('',(-0.02395,0.00705,0.1425));
#2606=CARTESIAN_POINT('',(-0.02395,0.00505,0.1425));
#2607=CARTESIAN_POINT('',(2.08166817117217E-17,0.00505,0.1425));
#2608=CARTESIAN_POINT('',(0.02395,0.00505,0.1425));
#2609=CARTESIAN_POINT('',(0.02395,0.00705,0.1425));
#2610=CARTESIAN_POINT('',(0.02595,0.00705,0.1425));
#2611=CARTESIAN_POINT('',(0.02595,0.035,0.1425));
#2612=CARTESIAN_POINT('',(2.08166817117217E-17,0.035,0.1425));
#2613=CARTESIAN_POINT('',(0.02135,0.027125,0.1425));
#2614=CARTESIAN_POINT('',(0.0210021019578962,0.024641866139766,0.1425));
#2615=CARTESIAN_POINT('',(0.0236383098163362,0.02815,0.1425));
#2616=CARTESIAN_POINT('',(2.08166817117217E-17,0.02815,0.1425));
#2617=CARTESIAN_POINT('',(0.02415,0.02815,0.1425));
#2618=CARTESIAN_POINT('',(0.02415,0.035,0.1425));
#2619=CARTESIAN_POINT('',(0.02415,0.00685,0.1425));
#2620=CARTESIAN_POINT('',(2.08166817117217E-17,0.00685,0.1425));
#2621=CARTESIAN_POINT('',(0.0236383098163362,0.00685,0.1425));
#2622=CARTESIAN_POINT('',(0.02135,0.007875,0.1425));
#2623=CARTESIAN_POINT('',(0.0210021019578962,0.0103581338602341,0.1425));
#2624=CARTESIAN_POINT('',(0.02014927957894,0.00983593275917099,0.1425));
#2625=CARTESIAN_POINT('',(0.0192964571999837,0.00931373165810794,0.1425));
#2626=CARTESIAN_POINT('',(0.02135,0.007875,0.1425));
#2627=CARTESIAN_POINT('',(0.0196793656262884,0.00974475067988064,0.1425));
#2628=CARTESIAN_POINT('',(0.01275,0.0175,0.1425));
#2629=CARTESIAN_POINT('',(0.0196793656262884,0.0252552493201194,0.1425));
#2630=CARTESIAN_POINT('',(0.02135,0.027125,0.1425));
#2631=CARTESIAN_POINT('',(0.0192964571999837,0.0256862683418921,0.1425));
#2632=CARTESIAN_POINT('',(0.02014927957894,0.025164067240829,0.1425));
#2633=CARTESIAN_POINT('',(2.08166817117217E-17,0.035,0.1425));
#2634=CARTESIAN_POINT('',(-0.02415,0.035,0.1425));
#2635=CARTESIAN_POINT('',(-0.02415,0.00685,0.1425));
#2636=CARTESIAN_POINT('',(-0.02415,0.02815,0.1425));
#2637=CARTESIAN_POINT('',(2.08166817117217E-17,0.02815,0.1425));
#2638=CARTESIAN_POINT('',(-0.0236383098163362,0.02815,0.1425));
#2639=CARTESIAN_POINT('',(-0.02135,0.027125,0.1425));
#2640=CARTESIAN_POINT('',(-0.0210021019578962,0.024641866139766,0.1425));
#2641=CARTESIAN_POINT('',(-0.02014927957894,0.025164067240829,0.1425));
#2642=CARTESIAN_POINT('',(-0.0192964571999838,0.025686268341892,0.1425));
#2643=CARTESIAN_POINT('',(-0.02135,0.027125,0.1425));
#2644=CARTESIAN_POINT('',(-0.0196793656262885,0.0252552493201194,0.1425));
#2645=CARTESIAN_POINT('',(-0.01275,0.0175,0.1425));
#2646=CARTESIAN_POINT('',(-0.0196793656262885,0.00974475067988064,0.1425));
#2647=CARTESIAN_POINT('',(-0.02135,0.00787499999999983,0.1425));
#2648=CARTESIAN_POINT('',(-0.0192964571999838,0.00931373165810794,0.1425));
#2649=CARTESIAN_POINT('',(-0.02014927957894,0.009835932759171,0.1425));
#2650=CARTESIAN_POINT('',(-0.0210021019578962,0.0103581338602341,0.1425));
#2651=CARTESIAN_POINT('',(-0.02135,0.007875,0.1425));
#2652=CARTESIAN_POINT('',(-0.0236383098163362,0.00685,0.1425));
#2653=CARTESIAN_POINT('',(2.08166817117217E-17,0.00685,0.1425));
#2654=CARTESIAN_POINT('',(0.,0.035,0.15));
#2655=CARTESIAN_POINT('',(0.01275,0.0175,0.15));
#2656=CARTESIAN_POINT('',(0.01275,0.0091,0.15));
#2657=CARTESIAN_POINT('',(0.,0.,0.15));
#2658=CARTESIAN_POINT('',(0.0368611597701747,0.,0.15));
#2659=CARTESIAN_POINT('',(-0.0368611597701747,0.,0.15));
#2660=CARTESIAN_POINT('',(0.0368611597701747,0.035,0.15));
#2661=CARTESIAN_POINT('',(0.0368611597701747,0.035,0.15));
#2662=CARTESIAN_POINT('',(0.,0.035,0.15));
#2663=CARTESIAN_POINT('',(-0.0368611597701747,0.035,0.15));
#2664=CARTESIAN_POINT('',(-0.0368611597701747,0.035,0.15));
#2665=CARTESIAN_POINT('',(-0.01275,0.0175,0.15));
#2666=CARTESIAN_POINT('',(-0.01275,0.0091,0.15));
#2667=CARTESIAN_POINT('',(0.09625,0.005,0.0354051995206777));
#2668=CARTESIAN_POINT('',(0.0999995933146849,0.005,0.0300005861907386));
#2669=CARTESIAN_POINT('',(0.0999995933146849,0.0209569567504483,0.0300005861907386));
#2670=CARTESIAN_POINT('',(0.0999995933146849,0.0140430432495517,0.0300005861907386));
#2671=CARTESIAN_POINT('',(0.09625,0.0175,0.0354051995206777));
#2672=CARTESIAN_POINT('',(0.1,0.005,0.03));
#2673=CARTESIAN_POINT('',(0.1,0.035,0.03));
#2674=CARTESIAN_POINT('',(0.1,0.,0.03));
#2675=CARTESIAN_POINT('',(0.0725902019253801,0.035,0.0695081139772824));
#2676=CARTESIAN_POINT('',(0.0526804038507602,0.035,0.0982058289132092));
#2677=CARTESIAN_POINT('',(0.0526804038507602,0.035,0.0982058289132092));
#2678=CARTESIAN_POINT('',(0.0526804038507602,0.,0.0982058289132092));
#2679=CARTESIAN_POINT('',(0.09625,0.,0.0354051995206777));
#2680=CARTESIAN_POINT('',(0.1,0.005,-0.058));
#2681=CARTESIAN_POINT('',(0.1,0.02625,0.008));
#2682=CARTESIAN_POINT('',(0.1,0.0246,0.008));
#2683=CARTESIAN_POINT('',(0.1,0.00875,0.008));
#2684=CARTESIAN_POINT('',(0.1,0.0071,0.008));
#2685=CARTESIAN_POINT('',(0.1,0.035,-0.058));
#2686=CARTESIAN_POINT('',(0.1,0.,-0.058));
#2687=CARTESIAN_POINT('',(0.1,0.,-0.00857941380926133));
#2688=CARTESIAN_POINT('',(0.1,0.005,-0.00857941380926133));
#2689=CARTESIAN_POINT('',(0.1,0.00250000000000084,-0.00857941380926133));
#2690=CARTESIAN_POINT('',(0.1,0.00250000000000084,-0.00857941380926133));
#2691=CARTESIAN_POINT('',(-1.38777878078145E-17,0.,0.));
#2692=CARTESIAN_POINT('',(-0.06225,0.,-0.00357941380926133));
#2693=CARTESIAN_POINT('',(-0.0606,0.,-0.00357941380926133));
#2694=CARTESIAN_POINT('',(0.06225,0.,-0.00357941380926133));
#2695=CARTESIAN_POINT('',(0.0639,0.,-0.00357941380926133));
#2696=CARTESIAN_POINT('',(0.0366692321856073,0.,0.145838319548901));
#2697=CARTESIAN_POINT('',(0.0383192321856073,0.,0.145838319548901));
#2698=CARTESIAN_POINT('',(-0.0366692321856073,0.,0.145838319548901));
#2699=CARTESIAN_POINT('',(-0.0350192321856073,0.,0.145838319548901));
#2700=CARTESIAN_POINT('',(0.0472582881393803,0.,0.120352914456605));
#2701=CARTESIAN_POINT('',(0.0407464163030549,0.,0.146951200122851));
#2702=CARTESIAN_POINT('',(0.0368611597701747,0.,0.146));
#2703=CARTESIAN_POINT('',(-0.0368611597701747,0.,0.146));
#2704=CARTESIAN_POINT('',(-0.0407464163030549,0.,0.146951200122851));
#2705=CARTESIAN_POINT('',(-0.0472582881393803,0.,0.120352914456605));
#2706=CARTESIAN_POINT('',(-1.38777878078145E-17,0.,-0.00857941380926133));
#2707=CARTESIAN_POINT('',(-0.0375,0.,-0.00857941380926133));
#2708=CARTESIAN_POINT('',(-0.0375,0.,-0.00857941380926133));
#2709=CARTESIAN_POINT('',(0.0375,0.,-0.00857941380926133));
#2710=CARTESIAN_POINT('',(0.0375,0.,-0.00857941380926133));
#2711=CARTESIAN_POINT('',(-1.38777878078145E-17,0.,-0.00857941380926133));
#2712=CARTESIAN_POINT('',(0.0399203492410517,0.035,0.118786235771864));
#2713=CARTESIAN_POINT('',(0.0399203492410517,0.005,0.118786235771864));
#2714=CARTESIAN_POINT('',(0.0457260239130258,0.005,0.0950724715437284));
#2715=CARTESIAN_POINT('',(0.0399203492410517,0.035,0.118786235771864));
#2716=CARTESIAN_POINT('',(0.0457260239130258,0.035,0.0950724715437284));
#2717=CARTESIAN_POINT('',(0.0457260239130258,0.035,0.0950724715437284));
#2718=CARTESIAN_POINT('',(-0.0399203492410517,0.035,0.118786235771864));
#2719=CARTESIAN_POINT('',(-0.0399203492410517,0.005,0.118786235771864));
#2720=CARTESIAN_POINT('',(-0.0457260239130258,0.005,0.0950724715437284));
#2721=CARTESIAN_POINT('',(-0.0457260239130258,0.035,0.0950724715437284));
#2722=CARTESIAN_POINT('',(-0.0457260239130258,0.035,0.0950724715437284));
#2723=CARTESIAN_POINT('',(-0.0399203492410517,0.035,0.118786235771864));
#2724=CARTESIAN_POINT('',(-0.0691130119565129,0.035,0.0613627817936611));
#2725=CARTESIAN_POINT('',(-0.0691130119565129,0.005,0.0613627817936611));
#2726=CARTESIAN_POINT('',(-0.0691130119565129,0.035,0.0613627817936611));
#2727=CARTESIAN_POINT('',(0.0925,0.035,-0.0574234539782031));
#2728=CARTESIAN_POINT('',(0.0925,0.02625,0.008));
#2729=CARTESIAN_POINT('',(0.0925,0.0246,0.008));
#2730=CARTESIAN_POINT('',(0.0925,0.00875,0.008));
#2731=CARTESIAN_POINT('',(0.0925,0.0071,0.008));
#2732=CARTESIAN_POINT('',(0.0925,0.035,-0.0574234539782031));
#2733=CARTESIAN_POINT('',(0.0925,0.035,0.0276530920435938));
#2734=CARTESIAN_POINT('',(0.0925,0.005,0.));
#2735=CARTESIAN_POINT('',(0.0925,0.005,0.0276530920435938));
#2736=CARTESIAN_POINT('',(0.0925,0.035,0.0276530920435938));
#2737=CARTESIAN_POINT('',(0.0472582881393803,0.035,0.120352914456605));
#2738=CARTESIAN_POINT('',(0.0472582881393803,0.035,0.120352914456605));
#2739=CARTESIAN_POINT('',(0.0407464163030549,0.035,0.146951200122851));
#2740=CARTESIAN_POINT('',(0.0407464163030549,0.,0.146951200122851));
#2741=CARTESIAN_POINT('',(-0.0472582881393803,0.035,0.120352914456605));
#2742=CARTESIAN_POINT('',(-0.0407464163030549,0.035,0.146951200122851));
#2743=CARTESIAN_POINT('',(-0.0407464163030549,0.035,0.146951200122851));
#2744=CARTESIAN_POINT('',(-0.0472582881393803,0.035,0.120352914456605));
#2745=CARTESIAN_POINT('',(0.0691130119565129,0.035,0.0613627817936611));
#2746=CARTESIAN_POINT('',(0.0691130119565129,0.005,0.0613627817936611));
#2747=CARTESIAN_POINT('',(0.0691130119565129,0.035,0.0613627817936611));
#2748=CARTESIAN_POINT('',(-1.38777878078145E-17,0.035,0.));
#2749=CARTESIAN_POINT('',(0.0368611597701747,0.035,0.146));
#2750=CARTESIAN_POINT('',(-0.0368611597701747,0.035,0.146));
#2751=CARTESIAN_POINT('',(0.0366692321856073,0.035,0.145838319548901));
#2752=CARTESIAN_POINT('',(0.0383192321856073,0.035,0.145838319548901));
#2753=CARTESIAN_POINT('',(-0.0366692321856073,0.035,0.145838319548901));
#2754=CARTESIAN_POINT('',(-0.0350192321856073,0.035,0.145838319548901));
#2755=CARTESIAN_POINT('',(-1.38777878078145E-17,0.005,0.));
#2756=CARTESIAN_POINT('',(0.,0.005,-0.00357941380926133));
#2757=CARTESIAN_POINT('',(-0.00165,0.005,-0.00357941380926133));
#2758=CARTESIAN_POINT('',(0.031,0.005,-0.00857941380926133));
#2759=CARTESIAN_POINT('',(0.031,0.005,-0.00857941380926133));
#2760=CARTESIAN_POINT('',(-1.38777878078145E-17,0.005,-0.00857941380926133));
#2761=CARTESIAN_POINT('',(-0.031,0.005,-0.00857941380926133));
#2762=CARTESIAN_POINT('',(-0.031,0.005,-0.00857941380926133));
#2763=CARTESIAN_POINT('',(-0.0366692321856073,0.,0.145838319548901));
#2764=CARTESIAN_POINT('',(0.0366692321856073,0.,0.145838319548901));
#2765=CARTESIAN_POINT('',(0.01275,0.0175,0.125));
#2766=CARTESIAN_POINT('',(0.01275,0.0175,0.142));
#2767=CARTESIAN_POINT('',(0.01275,0.0091,0.142));
#2768=CARTESIAN_POINT('',(-0.01275,0.0175,0.125));
#2769=CARTESIAN_POINT('',(-0.01275,0.0175,0.142));
#2770=CARTESIAN_POINT('',(-0.01275,0.0091,0.142));
#2771=CARTESIAN_POINT('',(0.01275,0.0175,0.142));
#2772=CARTESIAN_POINT('',(0.00254411934226153,0.0195,0.142));
#2773=CARTESIAN_POINT('',(0.00254411934226153,0.0195,0.142));
#2774=CARTESIAN_POINT('',(0.00254411934226153,0.0195,0.1475));
#2775=CARTESIAN_POINT('',(0.01275,0.0175,0.1475));
#2776=CARTESIAN_POINT('',(0.0196793656262884,0.0252552493201194,0.1475));
#2777=CARTESIAN_POINT('',(0.0196793656262884,0.0252552493201194,0.1475));
#2778=CARTESIAN_POINT('',(0.0196793656262884,0.00974475067988064,0.1475));
#2779=CARTESIAN_POINT('',(0.0196793656262884,0.00974475067988064,0.1475));
#2780=CARTESIAN_POINT('',(0.01275,0.0175,0.1475));
#2781=CARTESIAN_POINT('',(0.00254411934226154,0.0155,0.1475));
#2782=CARTESIAN_POINT('',(0.00254411934226154,0.0155,0.142));
#2783=CARTESIAN_POINT('',(0.00254411934226154,0.0155,0.142));
#2784=CARTESIAN_POINT('',(0.01275,0.0175,0.142));
#2785=CARTESIAN_POINT('',(-1.04083408558608E-17,0.0195,0.142));
#2786=CARTESIAN_POINT('',(-0.00254411934226155,0.0195,0.142));
#2787=CARTESIAN_POINT('',(-0.00254411934226155,0.0195,0.142));
#2788=CARTESIAN_POINT('',(-0.00254411934226155,0.0195,0.1475));
#2789=CARTESIAN_POINT('',(-1.04083408558608E-17,0.0195,0.1475));
#2790=CARTESIAN_POINT('',(-1.04083408558608E-17,0.0195,0.142));
#2791=CARTESIAN_POINT('',(-0.01275,0.0175,0.142));
#2792=CARTESIAN_POINT('',(-0.0196793656262885,0.0252552493201194,0.1475));
#2793=CARTESIAN_POINT('',(-0.0196793656262885,0.0252552493201194,0.1475));
#2794=CARTESIAN_POINT('',(-0.01275,0.0175,0.1475));
#2795=CARTESIAN_POINT('',(-0.01275,0.0175,0.142));
#2796=CARTESIAN_POINT('',(-0.00254411934226155,0.0155,0.142));
#2797=CARTESIAN_POINT('',(-0.00254411934226155,0.0155,0.142));
#2798=CARTESIAN_POINT('',(-0.00254411934226155,0.0155,0.1475));
#2799=CARTESIAN_POINT('',(-0.01275,0.0175,0.1475));
#2800=CARTESIAN_POINT('',(-0.0196793656262885,0.00974475067988064,0.1475));
#2801=CARTESIAN_POINT('',(-0.0196793656262885,0.00974475067988064,0.1475));
#2802=CARTESIAN_POINT('',(-9.97465998686664E-18,0.0155,0.142));
#2803=CARTESIAN_POINT('',(-9.97465998686664E-18,0.0155,0.1475));
#2804=CARTESIAN_POINT('',(-9.97465998686664E-18,0.0155,0.142));
#2805=CARTESIAN_POINT('',(-1.38777878078145E-17,0.0175,0.142));
#2806=CARTESIAN_POINT('',(-0.02135,0.00787499999999983,0.1475));
#2807=CARTESIAN_POINT('',(-0.0190616901836638,0.00685,0.1475));
#2808=CARTESIAN_POINT('',(-0.0190616901836638,0.00685,0.1475));
#2809=CARTESIAN_POINT('',(-0.0190616901836638,0.00685,0.139));
#2810=CARTESIAN_POINT('',(-0.02135,0.007875,0.139));
#2811=CARTESIAN_POINT('',(-0.0192964571999838,0.00931373165810794,0.139));
#2812=CARTESIAN_POINT('',(-0.0192964571999838,0.00931373165810794,0.139));
#2813=CARTESIAN_POINT('',(-0.02135,0.00787499999999983,0.1475));
#2814=CARTESIAN_POINT('',(-1.38777878078145E-17,0.00685,0.1475));
#2815=CARTESIAN_POINT('',(0.0190616901836638,0.00685,0.1475));
#2816=CARTESIAN_POINT('',(0.0190616901836638,0.00685,0.1475));
#2817=CARTESIAN_POINT('',(0.0190616901836638,0.00685,0.139));
#2818=CARTESIAN_POINT('',(0.02135,0.00685,0.139));
#2819=CARTESIAN_POINT('',(0.0236383098163362,0.00685,0.139));
#2820=CARTESIAN_POINT('',(0.0236383098163362,0.00685,0.139));
#2821=CARTESIAN_POINT('',(0.02415,0.00685,0.132));
#2822=CARTESIAN_POINT('',(0.02415,0.00685,0.132));
#2823=CARTESIAN_POINT('',(0.0238941549081681,0.00685,0.132));
#2824=CARTESIAN_POINT('',(-0.02415,0.00685,0.132));
#2825=CARTESIAN_POINT('',(-0.02415,0.00685,0.132));
#2826=CARTESIAN_POINT('',(-0.0236383098163362,0.00685,0.139));
#2827=CARTESIAN_POINT('',(-0.0236383098163362,0.00685,0.139));
#2828=CARTESIAN_POINT('',(-0.02135,0.00685,0.139));
#2829=CARTESIAN_POINT('',(-1.38777878078145E-17,0.00685,0.1475));
#2830=CARTESIAN_POINT('',(0.02135,0.007875,0.1475));
#2831=CARTESIAN_POINT('',(0.0192964571999838,0.00931373165810793,0.139));
#2832=CARTESIAN_POINT('',(0.0192964571999838,0.00931373165810793,0.139));
#2833=CARTESIAN_POINT('',(0.02135,0.007875,0.139));
#2834=CARTESIAN_POINT('',(0.02135,0.007875,0.1475));
#2835=CARTESIAN_POINT('',(-1.38777878078145E-17,0.0175,0.1475));
#2836=CARTESIAN_POINT('',(2.60208521396521E-18,0.02815,0.1475));
#2837=CARTESIAN_POINT('',(2.60208521396521E-18,0.02815,0.1475));
#2838=CARTESIAN_POINT('',(0.0190616901836638,0.02815,0.1475));
#2839=CARTESIAN_POINT('',(-0.0190616901836638,0.02815,0.1475));
#2840=CARTESIAN_POINT('',(-0.0190616901836638,0.02815,0.1475));
#2841=CARTESIAN_POINT('',(-0.0190616901836638,0.02815,0.139));
#2842=CARTESIAN_POINT('',(-0.02135,0.02815,0.139));
#2843=CARTESIAN_POINT('',(-0.0236383098163362,0.02815,0.139));
#2844=CARTESIAN_POINT('',(-0.0236383098163362,0.02815,0.139));
#2845=CARTESIAN_POINT('',(-0.02415,0.02815,0.132));
#2846=CARTESIAN_POINT('',(-0.02415,0.02815,0.132));
#2847=CARTESIAN_POINT('',(-0.0124058450918319,0.02815,0.132));
#2848=CARTESIAN_POINT('',(-0.00575,0.02815,0.132));
#2849=CARTESIAN_POINT('',(-0.00575,0.02815,0.132));
#2850=CARTESIAN_POINT('',(-0.00575,0.02815,0.136));
#2851=CARTESIAN_POINT('',(2.60208521396521E-18,0.02815,0.136));
#2852=CARTESIAN_POINT('',(0.00575,0.02815,0.136));
#2853=CARTESIAN_POINT('',(0.00575,0.02815,0.132));
#2854=CARTESIAN_POINT('',(0.00575,0.02815,0.132));
#2855=CARTESIAN_POINT('',(0.0124058450918319,0.02815,0.132));
#2856=CARTESIAN_POINT('',(0.02415,0.02815,0.132));
#2857=CARTESIAN_POINT('',(0.02415,0.02815,0.132));
#2858=CARTESIAN_POINT('',(0.0236383098163362,0.02815,0.139));
#2859=CARTESIAN_POINT('',(0.0236383098163362,0.02815,0.139));
#2860=CARTESIAN_POINT('',(0.02135,0.02815,0.139));
#2861=CARTESIAN_POINT('',(0.0190616901836638,0.02815,0.139));
#2862=CARTESIAN_POINT('',(0.0190616901836638,0.02815,0.1475));
#2863=CARTESIAN_POINT('',(-0.02135,0.027125,0.1475));
#2864=CARTESIAN_POINT('',(-0.0192964571999838,0.025686268341892,0.139));
#2865=CARTESIAN_POINT('',(-0.0192964571999838,0.025686268341892,0.139));
#2866=CARTESIAN_POINT('',(-0.02135,0.027125,0.139));
#2867=CARTESIAN_POINT('',(-0.02135,0.027125,0.1475));
#2868=CARTESIAN_POINT('',(0.02135,0.027125,0.1475));
#2869=CARTESIAN_POINT('',(0.02135,0.027125,0.139));
#2870=CARTESIAN_POINT('',(0.0192964571999837,0.0256862683418921,0.139));
#2871=CARTESIAN_POINT('',(0.0192964571999837,0.0256862683418921,0.139));
#2872=CARTESIAN_POINT('',(0.02135,0.027125,0.1475));
#2873=CARTESIAN_POINT('',(-1.38777878078145E-17,0.0175,0.1475));
#2874=CARTESIAN_POINT('',(0.02014927957894,0.025164067240829,0.139));
#2875=CARTESIAN_POINT('',(0.02014927957894,0.025164067240829,0.139));
#2876=CARTESIAN_POINT('',(0.0210021019578962,0.024641866139766,0.139));
#2877=CARTESIAN_POINT('',(0.0210021019578962,0.024641866139766,0.139));
#2878=CARTESIAN_POINT('',(0.02135,0.027125,0.139));
#2879=CARTESIAN_POINT('',(0.02135,0.027125,0.139));
#2880=CARTESIAN_POINT('',(0.02135,0.027125,0.139));
#2881=CARTESIAN_POINT('',(0.02135,0.027125,0.139));
#2882=CARTESIAN_POINT('',(0.02135,0.02635,0.139));
#2883=CARTESIAN_POINT('',(0.02135,0.027125,0.1425));
#2884=CARTESIAN_POINT('',(0.02135,0.0279,0.1425));
#2885=CARTESIAN_POINT('',(-1.38777878078145E-17,0.0175,0.139));
#2886=CARTESIAN_POINT('',(2.08166817117217E-17,0.035,0.1425));
#2887=CARTESIAN_POINT('',(-0.02014927957894,0.009835932759171,0.139));
#2888=CARTESIAN_POINT('',(-0.02014927957894,0.009835932759171,0.139));
#2889=CARTESIAN_POINT('',(-0.0210021019578962,0.0103581338602341,0.139));
#2890=CARTESIAN_POINT('',(-0.0210021019578962,0.0103581338602341,0.139));
#2891=CARTESIAN_POINT('',(-0.02135,0.007875,0.139));
#2892=CARTESIAN_POINT('',(-0.02135,0.007875,0.139));
#2893=CARTESIAN_POINT('',(-0.02135,0.007875,0.139));
#2894=CARTESIAN_POINT('',(-0.02135,0.007875,0.139));
#2895=CARTESIAN_POINT('',(-0.02135,0.0071,0.139));
#2896=CARTESIAN_POINT('',(-0.02135,0.007875,0.1425));
#2897=CARTESIAN_POINT('',(-0.02135,0.00865,0.1425));
#2898=CARTESIAN_POINT('',(-1.38777878078145E-17,0.0175,0.139));
#2899=CARTESIAN_POINT('',(2.08166817117217E-17,0.035,0.1425));
#2900=CARTESIAN_POINT('',(0.02135,0.007875,0.139));
#2901=CARTESIAN_POINT('',(0.02135,0.007875,0.139));
#2902=CARTESIAN_POINT('',(0.0210021019578962,0.0103581338602341,0.139));
#2903=CARTESIAN_POINT('',(0.0210021019578962,0.0103581338602341,0.139));
#2904=CARTESIAN_POINT('',(0.02014927957894,0.00983593275917099,0.139));
#2905=CARTESIAN_POINT('',(0.02014927957894,0.00983593275917099,0.139));
#2906=CARTESIAN_POINT('',(0.02135,0.007875,0.139));
#2907=CARTESIAN_POINT('',(0.02135,0.007875,0.139));
#2908=CARTESIAN_POINT('',(0.02135,0.0071,0.139));
#2909=CARTESIAN_POINT('',(0.02135,0.007875,0.1425));
#2910=CARTESIAN_POINT('',(0.02135,0.0071,0.1425));
#2911=CARTESIAN_POINT('',(-1.38777878078145E-17,0.0175,0.139));
#2912=CARTESIAN_POINT('',(-0.02014927957894,0.025164067240829,0.139));
#2913=CARTESIAN_POINT('',(-0.0210021019578962,0.024641866139766,0.139));
#2914=CARTESIAN_POINT('',(-0.0210021019578962,0.024641866139766,0.139));
#2915=CARTESIAN_POINT('',(-0.02014927957894,0.025164067240829,0.139));
#2916=CARTESIAN_POINT('',(-0.02135,0.027125,0.139));
#2917=CARTESIAN_POINT('',(-0.02135,0.027125,0.139));
#2918=CARTESIAN_POINT('',(-0.02135,0.02635,0.139));
#2919=CARTESIAN_POINT('',(-0.02135,0.027125,0.1425));
#2920=CARTESIAN_POINT('',(-0.02135,0.02635,0.1425));
#2921=CARTESIAN_POINT('',(-0.02135,0.027125,0.139));
#2922=CARTESIAN_POINT('',(-0.02135,0.027125,0.139));
#2923=CARTESIAN_POINT('',(-1.38777878078145E-17,0.0175,0.139));
#2924=CARTESIAN_POINT('',(2.08166817117217E-17,0.035,0.1425));
#2925=CARTESIAN_POINT('',(2.08166817117217E-17,0.035,0.1425));
#2926=CARTESIAN_POINT('',(-0.00575,0.02905,0.132));
#2927=CARTESIAN_POINT('',(-0.00575,0.02995,0.132));
#2928=CARTESIAN_POINT('',(-0.00575,0.02995,0.132));
#2929=CARTESIAN_POINT('',(-0.00575,0.02995,0.136));
#2930=CARTESIAN_POINT('',(-0.00575,0.02905,0.136));
#2931=CARTESIAN_POINT('',(-0.00575,0.02905,0.132));
#2932=CARTESIAN_POINT('',(-0.01485,0.02995,0.132));
#2933=CARTESIAN_POINT('',(0.02395,0.02995,0.132));
#2934=CARTESIAN_POINT('',(0.02395,0.02995,0.132));
#2935=CARTESIAN_POINT('',(0.01485,0.02995,0.132));
#2936=CARTESIAN_POINT('',(0.00575,0.02995,0.132));
#2937=CARTESIAN_POINT('',(0.00575,0.02995,0.132));
#2938=CARTESIAN_POINT('',(0.00575,0.02995,0.136));
#2939=CARTESIAN_POINT('',(2.60208521396521E-18,0.02995,0.136));
#2940=CARTESIAN_POINT('',(-0.01485,0.02995,0.132));
#2941=CARTESIAN_POINT('',(-0.02395,0.02995,0.132));
#2942=CARTESIAN_POINT('',(-0.02395,0.02995,0.132));
#2943=CARTESIAN_POINT('',(-0.02395,0.02795,0.132));
#2944=CARTESIAN_POINT('',(-0.02595,0.02795,0.132));
#2945=CARTESIAN_POINT('',(-0.02595,0.02795,0.132));
#2946=CARTESIAN_POINT('',(-0.02395,0.02795,0.132));
#2947=CARTESIAN_POINT('',(-0.02595,0.0175,0.132));
#2948=CARTESIAN_POINT('',(-0.02595,0.00705,0.132));
#2949=CARTESIAN_POINT('',(-0.02595,0.00705,0.132));
#2950=CARTESIAN_POINT('',(-0.02595,0.0175,0.132));
#2951=CARTESIAN_POINT('',(-0.02395,0.00705,0.132));
#2952=CARTESIAN_POINT('',(-0.02395,0.00505,0.132));
#2953=CARTESIAN_POINT('',(-0.02395,0.00505,0.132));
#2954=CARTESIAN_POINT('',(-0.02395,0.00705,0.132));
#2955=CARTESIAN_POINT('',(-1.04083408558608E-17,0.00505,0.132));
#2956=CARTESIAN_POINT('',(0.02395,0.00505,0.132));
#2957=CARTESIAN_POINT('',(0.02395,0.00505,0.132));
#2958=CARTESIAN_POINT('',(-1.04083408558608E-17,0.00505,0.132));
#2959=CARTESIAN_POINT('',(0.02395,0.00705,0.132));
#2960=CARTESIAN_POINT('',(0.02595,0.00705,0.132));
#2961=CARTESIAN_POINT('',(0.02595,0.00705,0.132));
#2962=CARTESIAN_POINT('',(0.02395,0.00705,0.132));
#2963=CARTESIAN_POINT('',(0.02595,0.0175,0.132));
#2964=CARTESIAN_POINT('',(0.02595,0.0175,0.132));
#2965=CARTESIAN_POINT('',(0.02595,0.02795,0.132));
#2966=CARTESIAN_POINT('',(0.02595,0.02795,0.132));
#2967=CARTESIAN_POINT('',(0.02395,0.02795,0.132));
#2968=CARTESIAN_POINT('',(0.02395,0.02795,0.132));
#2969=CARTESIAN_POINT('',(0.00575,0.02905,0.132));
#2970=CARTESIAN_POINT('',(0.00575,0.02905,0.136));
#2971=CARTESIAN_POINT('',(0.00575,0.02905,0.132));
#2972=CARTESIAN_POINT('',(0.02415,0.0175,0.132));
#2973=CARTESIAN_POINT('',(0.02415,0.0175,0.132));
#2974=CARTESIAN_POINT('',(-0.02415,0.0175,0.132));
#2975=CARTESIAN_POINT('',(-0.02415,0.0175,0.132));
#2976=CARTESIAN_POINT('',(-1.38777878078145E-17,0.0175,0.132));
#2977=CARTESIAN_POINT('',(-1.38777878078145E-17,0.0175,0.136));
#2978=CARTESIAN_POINT('',(0.0368611597701747,0.035,0.146));
#2979=CARTESIAN_POINT('',(-0.0368611597701747,0.035,0.146));
#2980=CARTESIAN_POINT('',(0.031,0.00375,-0.00857941380926133));
#2981=CARTESIAN_POINT('',(0.031,0.0025,-0.00857941380926133));
#2982=CARTESIAN_POINT('',(0.031,0.0025,-0.00857941380926133));
#2983=CARTESIAN_POINT('',(0.031,0.00375,-0.00857941380926133));
#2984=CARTESIAN_POINT('',(-0.031,0.00375,-0.00857941380926133));
#2985=CARTESIAN_POINT('',(-0.031,0.00375,-0.00857941380926133));
#2986=CARTESIAN_POINT('',(-0.031,0.0025,-0.00857941380926133));
#2987=CARTESIAN_POINT('',(-0.031,0.0025,-0.00857941380926133));
#2988=CARTESIAN_POINT('',(0.,0.0025,-0.00857941380926133));
#2989=CARTESIAN_POINT('',(0.,0.0025,-0.00357941380926133));
#2990=CARTESIAN_POINT('',(0.00165,0.0025,-0.00357941380926133));
#2991=CARTESIAN_POINT('',(0.,0.0025,-0.00857941380926133));
#2992=CARTESIAN_POINT('',(0.,0.0175,-0.00857941380926133));
#2993=CARTESIAN_POINT('',(0.0375,0.00125000000000032,-0.00857941380926133));
#2994=CARTESIAN_POINT('',(0.0375,0.00250000000000031,-0.00857941380926133));
#2995=CARTESIAN_POINT('',(0.0375,0.00250000000000031,-0.00857941380926133));
#2996=CARTESIAN_POINT('',(0.0375,0.00125000000000032,-0.00857941380926133));
#2997=CARTESIAN_POINT('',(0.06875,0.00250000000000058,-0.00857941380926133));
#2998=CARTESIAN_POINT('',(0.06225,0.00250000000000052,-0.00357941380926133));
#2999=CARTESIAN_POINT('',(0.0639,0.00250000000000053,-0.00357941380926133));
#3000=CARTESIAN_POINT('',(0.06875,0.00250000000000058,-0.00857941380926133));
#3001=CARTESIAN_POINT('',(0.,0.0175,-0.00857941380926133));
#3002=CARTESIAN_POINT('',(-0.06875,0.0025,-0.00857941380926133));
#3003=CARTESIAN_POINT('',(-0.06225,0.0025,-0.00357941380926133));
#3004=CARTESIAN_POINT('',(-0.0639,0.0025,-0.00357941380926133));
#3005=CARTESIAN_POINT('',(-0.0375,0.0025,-0.00857941380926133));
#3006=CARTESIAN_POINT('',(-0.0375,0.0025,-0.00857941380926133));
#3007=CARTESIAN_POINT('',(-0.06875,0.0025,-0.00857941380926133));
#3008=CARTESIAN_POINT('',(-0.0375,0.00125,-0.00857941380926133));
#3009=CARTESIAN_POINT('',(-0.0375,0.00125,-0.00857941380926133));
#3010=CARTESIAN_POINT('',(0.,0.0175,-0.00857941380926133));
#3011=CARTESIAN_POINT('',(-0.09625,0.0175,0.0550005861907387));
#3012=CARTESIAN_POINT('',(-0.09625,0.0175,0.0300005861907386));
#3013=CARTESIAN_POINT('',(0.,0.0175,0.0300005861907386));
#3014=CARTESIAN_POINT('',(-0.09625,0.0175,0.0300005861907387));
#3015=CARTESIAN_POINT('',(-0.09625,0.01915,0.0300005861907387));
#3016=CARTESIAN_POINT('',(0.09625,0.0175,0.0550005861907387));
#3017=CARTESIAN_POINT('',(0.09625,0.0175,0.0300005861907386));
#3018=CARTESIAN_POINT('',(0.,0.0175,0.0300005861907386));
#3019=CARTESIAN_POINT('',(0.09625,0.0175,0.0300005861907387));
#3020=CARTESIAN_POINT('',(0.09625,0.01915,0.0300005861907387));
#3021=CARTESIAN_POINT('',(-0.06225,0.005,-0.00357941380926133));
#3022=CARTESIAN_POINT('',(0.06225,0.005,-0.00357941380926133));
#3023=CARTESIAN_POINT('',(0.,0.005,-0.00357941380926133));
#3024=CARTESIAN_POINT('',(0.103,0.00875,0.008));
#3025=CARTESIAN_POINT('',(0.103,0.02625,0.008));
#3026=CARTESIAN_POINT('',(0.103,0.00875,0.008));
#3027=CARTESIAN_POINT('',(0.103,0.02625,0.008));
#3028=CARTESIAN_POINT('',(0.09625,0.0175,-0.0115));
#3029=CARTESIAN_POINT('',(-0.09625,0.0175,-0.0115));
#3030=MECHANICAL_DESIGN_GEOMETRIC_PRESENTATION_REPRESENTATION('',(#1813),
#3031);
#3031=(
GEOMETRIC_REPRESENTATION_CONTEXT(3)
GLOBAL_UNCERTAINTY_ASSIGNED_CONTEXT((#3032))
GLOBAL_UNIT_ASSIGNED_CONTEXT((#3035,#3034,#3033))
REPRESENTATION_CONTEXT('Front Base','TOP_LEVEL_ASSEMBLY_PART')
);
#3032=UNCERTAINTY_MEASURE_WITH_UNIT(LENGTH_MEASURE(1.E-8),#3035,
'DISTANCE_ACCURACY_VALUE','Maximum Tolerance applied to model');
#3033=(
NAMED_UNIT(*)
SI_UNIT($,.STERADIAN.)
SOLID_ANGLE_UNIT()
);
#3034=(
NAMED_UNIT(*)
PLANE_ANGLE_UNIT()
SI_UNIT($,.RADIAN.)
);
#3035=(
LENGTH_UNIT()
NAMED_UNIT(*)
SI_UNIT($,.METRE.)
);
#3036=PRODUCT_DEFINITION_SHAPE('','',#3037);
#3037=PRODUCT_DEFINITION('','',#3039,#3038);
#3038=PRODUCT_DEFINITION_CONTEXT('',#3045,'design');
#3039=PRODUCT_DEFINITION_FORMATION_WITH_SPECIFIED_SOURCE('','',#3041,
 .NOT_KNOWN.);
#3040=PRODUCT_RELATED_PRODUCT_CATEGORY('','',(#3041));
#3041=PRODUCT('Front Base','Front Base','Front Base',(#3043));
#3042=PRODUCT_CATEGORY('','');
#3043=PRODUCT_CONTEXT('',#3045,'mechanical');
#3044=APPLICATION_PROTOCOL_DEFINITION('international standard',
'ap242_managed_model_based_3d_engineering',2020,#3045);
#3045=APPLICATION_CONTEXT('managed model based 3d engineering');
ENDSEC;
END-ISO-10303-21;
