ISO-10303-21;
HEADER;
/* Generated by software containing ST-Developer
 * from STEP Tools, Inc. (www.steptools.com) 
 */
/* OPTION: using custom renumber hook */

FILE_DESCRIPTION(
/* description */ ('STEP AP242 Edition 2',
'CAx-IF Rec.Pracs.---Representation and Presentation of Product Manufa
cturing Information (PMI)---4.0---2014-10-13',
'CAx-IF Rec.Pracs.---3D Tessellated Geometry---0.4---2014-09-14','2;1',
'CAx-IF Rec.Pracs.---User Defined Attributes---1.5---2016-08-15'),
/* implementation_level */ '2;1');

FILE_NAME(
/* name */ 'Chasis - Back Cover',
/* time_stamp */ '2026-08-09T23:12:53Z',
/* author */ (''),
/* organization */ (''),
/* preprocessor_version */ 'ST-DEVELOPER v20',
/* originating_system */ 'ONSHAPE BY PTC INC, 1.219',
/* authorisation */ '  ');

FILE_SCHEMA (('AP242_MANAGED_MODEL_BASED_3D_ENGINEERING_MIM_LF { 1 0 10303 442 3 1 4 }'));
ENDSEC;

DATA;
#10=SHAPE_REPRESENTATION_RELATIONSHIP('','',#4342,#11);
#11=ADVANCED_BREP_SHAPE_REPRESENTATION('',(#4340),#7574);
#12=B_SPLINE_SURFACE_WITH_KNOTS('',3,1,((#6200,#6201),(#6202,#6203),(#6204,
#6205),(#6206,#6207)),.SURF_OF_LINEAR_EXTRUSION.,.F.,.F.,.F.,(4,4),(2,2),
(0.,1.),(0.,1.),.PIECEWISE_BEZIER_KNOTS.);
#13=B_SPLINE_SURFACE_WITH_KNOTS('',3,1,((#6215,#6216),(#6217,#6218),(#6219,
#6220),(#6221,#6222)),.SURF_OF_LINEAR_EXTRUSION.,.F.,.F.,.F.,(4,4),(2,2),
(0.,1.),(0.,1.),.PIECEWISE_BEZIER_KNOTS.);
#14=B_SPLINE_SURFACE_WITH_KNOTS('',3,1,((#6240,#6241),(#6242,#6243),(#6244,
#6245),(#6246,#6247)),.SURF_OF_LINEAR_EXTRUSION.,.F.,.F.,.F.,(4,4),(2,2),
(0.,1.),(0.,1.),.PIECEWISE_BEZIER_KNOTS.);
#15=B_SPLINE_SURFACE_WITH_KNOTS('',3,1,((#6261,#6262),(#6263,#6264),(#6265,
#6266),(#6267,#6268)),.SURF_OF_LINEAR_EXTRUSION.,.F.,.F.,.F.,(4,4),(2,2),
(0.,1.),(0.,1.),.PIECEWISE_BEZIER_KNOTS.);
#16=B_SPLINE_SURFACE_WITH_KNOTS('',3,1,((#6274,#6275),(#6276,#6277),(#6278,
#6279),(#6280,#6281)),.SURF_OF_LINEAR_EXTRUSION.,.F.,.F.,.F.,(4,4),(2,2),
(0.,1.),(0.,1.),.PIECEWISE_BEZIER_KNOTS.);
#17=B_SPLINE_SURFACE_WITH_KNOTS('',3,1,((#6287,#6288),(#6289,#6290),(#6291,
#6292),(#6293,#6294)),.SURF_OF_LINEAR_EXTRUSION.,.F.,.F.,.F.,(4,4),(2,2),
(0.,1.),(0.,1.),.PIECEWISE_BEZIER_KNOTS.);
#18=B_SPLINE_SURFACE_WITH_KNOTS('',3,1,((#6299,#6300),(#6301,#6302),(#6303,
#6304),(#6305,#6306)),.SURF_OF_LINEAR_EXTRUSION.,.F.,.F.,.F.,(4,4),(2,2),
(0.,1.),(0.,1.),.PIECEWISE_BEZIER_KNOTS.);
#19=B_SPLINE_SURFACE_WITH_KNOTS('',3,1,((#6314,#6315),(#6316,#6317),(#6318,
#6319),(#6320,#6321)),.SURF_OF_LINEAR_EXTRUSION.,.F.,.F.,.F.,(4,4),(2,2),
(0.,1.),(0.,1.),.PIECEWISE_BEZIER_KNOTS.);
#20=B_SPLINE_SURFACE_WITH_KNOTS('',3,1,((#6343,#6344),(#6345,#6346),(#6347,
#6348),(#6349,#6350)),.SURF_OF_LINEAR_EXTRUSION.,.F.,.F.,.F.,(4,4),(2,2),
(0.,1.),(0.,1.),.PIECEWISE_BEZIER_KNOTS.);
#21=B_SPLINE_SURFACE_WITH_KNOTS('',3,1,((#6356,#6357),(#6358,#6359),(#6360,
#6361),(#6362,#6363)),.SURF_OF_LINEAR_EXTRUSION.,.F.,.F.,.F.,(4,4),(2,2),
(0.,1.),(0.,1.),.PIECEWISE_BEZIER_KNOTS.);
#22=B_SPLINE_SURFACE_WITH_KNOTS('',3,1,((#6369,#6370),(#6371,#6372),(#6373,
#6374),(#6375,#6376)),.SURF_OF_LINEAR_EXTRUSION.,.F.,.F.,.F.,(4,4),(2,2),
(0.,1.),(0.,1.),.PIECEWISE_BEZIER_KNOTS.);
#23=B_SPLINE_SURFACE_WITH_KNOTS('',3,1,((#6382,#6383),(#6384,#6385),(#6386,
#6387),(#6388,#6389)),.SURF_OF_LINEAR_EXTRUSION.,.F.,.F.,.F.,(4,4),(2,2),
(0.,1.),(0.,1.),.PIECEWISE_BEZIER_KNOTS.);
#24=B_SPLINE_SURFACE_WITH_KNOTS('',3,1,((#6403,#6404),(#6405,#6406),(#6407,
#6408),(#6409,#6410)),.SURF_OF_LINEAR_EXTRUSION.,.F.,.F.,.F.,(4,4),(2,2),
(0.,1.),(0.,1.),.PIECEWISE_BEZIER_KNOTS.);
#25=B_SPLINE_SURFACE_WITH_KNOTS('',3,1,((#6416,#6417),(#6418,#6419),(#6420,
#6421),(#6422,#6423)),.SURF_OF_LINEAR_EXTRUSION.,.F.,.F.,.F.,(4,4),(2,2),
(0.,1.),(0.,1.),.PIECEWISE_BEZIER_KNOTS.);
#26=B_SPLINE_SURFACE_WITH_KNOTS('',3,1,((#6428,#6429),(#6430,#6431),(#6432,
#6433),(#6434,#6435)),.SURF_OF_LINEAR_EXTRUSION.,.F.,.F.,.F.,(4,4),(2,2),
(0.,1.),(0.,1.),.PIECEWISE_BEZIER_KNOTS.);
#27=B_SPLINE_SURFACE_WITH_KNOTS('',3,1,((#6447,#6448),(#6449,#6450),(#6451,
#6452),(#6453,#6454)),.SURF_OF_LINEAR_EXTRUSION.,.F.,.F.,.F.,(4,4),(2,2),
(0.,1.),(0.,1.),.PIECEWISE_BEZIER_KNOTS.);
#28=B_SPLINE_SURFACE_WITH_KNOTS('',3,1,((#6484,#6485),(#6486,#6487),(#6488,
#6489),(#6490,#6491)),.SURF_OF_LINEAR_EXTRUSION.,.F.,.F.,.F.,(4,4),(2,2),
(0.,1.),(0.,1.),.PIECEWISE_BEZIER_KNOTS.);
#29=B_SPLINE_SURFACE_WITH_KNOTS('',3,1,((#6514,#6515),(#6516,#6517),(#6518,
#6519),(#6520,#6521)),.SURF_OF_LINEAR_EXTRUSION.,.F.,.F.,.F.,(4,4),(2,2),
(0.,1.),(0.,1.),.PIECEWISE_BEZIER_KNOTS.);
#30=B_SPLINE_SURFACE_WITH_KNOTS('',3,1,((#6527,#6528),(#6529,#6530),(#6531,
#6532),(#6533,#6534)),.SURF_OF_LINEAR_EXTRUSION.,.F.,.F.,.F.,(4,4),(2,2),
(0.,1.),(0.,1.),.PIECEWISE_BEZIER_KNOTS.);
#31=B_SPLINE_SURFACE_WITH_KNOTS('',3,1,((#6540,#6541),(#6542,#6543),(#6544,
#6545),(#6546,#6547)),.SURF_OF_LINEAR_EXTRUSION.,.F.,.F.,.F.,(4,4),(2,2),
(0.,1.),(0.,1.),.PIECEWISE_BEZIER_KNOTS.);
#32=B_SPLINE_SURFACE_WITH_KNOTS('',3,1,((#6557,#6558),(#6559,#6560),(#6561,
#6562),(#6563,#6564)),.SURF_OF_LINEAR_EXTRUSION.,.F.,.F.,.F.,(4,4),(2,2),
(0.,1.),(0.,1.),.PIECEWISE_BEZIER_KNOTS.);
#33=B_SPLINE_SURFACE_WITH_KNOTS('',3,1,((#6570,#6571),(#6572,#6573),(#6574,
#6575),(#6576,#6577)),.SURF_OF_LINEAR_EXTRUSION.,.F.,.F.,.F.,(4,4),(2,2),
(0.,1.),(0.,1.),.PIECEWISE_BEZIER_KNOTS.);
#34=B_SPLINE_SURFACE_WITH_KNOTS('',3,1,((#6591,#6592),(#6593,#6594),(#6595,
#6596),(#6597,#6598)),.SURF_OF_LINEAR_EXTRUSION.,.F.,.F.,.F.,(4,4),(2,2),
(0.,1.),(0.,1.),.PIECEWISE_BEZIER_KNOTS.);
#35=B_SPLINE_SURFACE_WITH_KNOTS('',3,1,((#6604,#6605),(#6606,#6607),(#6608,
#6609),(#6610,#6611)),.SURF_OF_LINEAR_EXTRUSION.,.F.,.F.,.F.,(4,4),(2,2),
(0.,1.),(0.,1.),.PIECEWISE_BEZIER_KNOTS.);
#36=B_SPLINE_SURFACE_WITH_KNOTS('',3,1,((#6647,#6648),(#6649,#6650),(#6651,
#6652),(#6653,#6654)),.SURF_OF_LINEAR_EXTRUSION.,.F.,.F.,.F.,(4,4),(2,2),
(0.,1.),(0.,1.),.PIECEWISE_BEZIER_KNOTS.);
#37=B_SPLINE_SURFACE_WITH_KNOTS('',3,1,((#6660,#6661),(#6662,#6663),(#6664,
#6665),(#6666,#6667)),.SURF_OF_LINEAR_EXTRUSION.,.F.,.F.,.F.,(4,4),(2,2),
(0.,1.),(0.,1.),.PIECEWISE_BEZIER_KNOTS.);
#38=B_SPLINE_SURFACE_WITH_KNOTS('',3,1,((#6673,#6674),(#6675,#6676),(#6677,
#6678),(#6679,#6680)),.SURF_OF_LINEAR_EXTRUSION.,.F.,.F.,.F.,(4,4),(2,2),
(0.,1.),(0.,1.),.PIECEWISE_BEZIER_KNOTS.);
#39=B_SPLINE_SURFACE_WITH_KNOTS('',3,1,((#6686,#6687),(#6688,#6689),(#6690,
#6691),(#6692,#6693)),.SURF_OF_LINEAR_EXTRUSION.,.F.,.F.,.F.,(4,4),(2,2),
(0.,1.),(0.,1.),.PIECEWISE_BEZIER_KNOTS.);
#40=B_SPLINE_SURFACE_WITH_KNOTS('',3,1,((#6699,#6700),(#6701,#6702),(#6703,
#6704),(#6705,#6706)),.SURF_OF_LINEAR_EXTRUSION.,.F.,.F.,.F.,(4,4),(2,2),
(0.,1.),(0.,1.),.PIECEWISE_BEZIER_KNOTS.);
#41=B_SPLINE_SURFACE_WITH_KNOTS('',3,1,((#6712,#6713),(#6714,#6715),(#6716,
#6717),(#6718,#6719)),.SURF_OF_LINEAR_EXTRUSION.,.F.,.F.,.F.,(4,4),(2,2),
(0.,1.),(0.,1.),.PIECEWISE_BEZIER_KNOTS.);
#42=B_SPLINE_SURFACE_WITH_KNOTS('',3,1,((#6737,#6738),(#6739,#6740),(#6741,
#6742),(#6743,#6744)),.SURF_OF_LINEAR_EXTRUSION.,.F.,.F.,.F.,(4,4),(2,2),
(0.,1.),(0.,1.),.PIECEWISE_BEZIER_KNOTS.);
#43=B_SPLINE_SURFACE_WITH_KNOTS('',3,1,((#6750,#6751),(#6752,#6753),(#6754,
#6755),(#6756,#6757)),.SURF_OF_LINEAR_EXTRUSION.,.F.,.F.,.F.,(4,4),(2,2),
(0.,1.),(0.,1.),.PIECEWISE_BEZIER_KNOTS.);
#44=B_SPLINE_SURFACE_WITH_KNOTS('',3,1,((#6763,#6764),(#6765,#6766),(#6767,
#6768),(#6769,#6770)),.SURF_OF_LINEAR_EXTRUSION.,.F.,.F.,.F.,(4,4),(2,2),
(0.,1.),(0.,1.),.PIECEWISE_BEZIER_KNOTS.);
#45=B_SPLINE_SURFACE_WITH_KNOTS('',3,1,((#6776,#6777),(#6778,#6779),(#6780,
#6781),(#6782,#6783)),.SURF_OF_LINEAR_EXTRUSION.,.F.,.F.,.F.,(4,4),(2,2),
(0.,1.),(0.,1.),.PIECEWISE_BEZIER_KNOTS.);
#46=B_SPLINE_SURFACE_WITH_KNOTS('',3,1,((#6789,#6790),(#6791,#6792),(#6793,
#6794),(#6795,#6796)),.SURF_OF_LINEAR_EXTRUSION.,.F.,.F.,.F.,(4,4),(2,2),
(0.,1.),(0.,1.),.PIECEWISE_BEZIER_KNOTS.);
#47=B_SPLINE_SURFACE_WITH_KNOTS('',3,1,((#6802,#6803),(#6804,#6805),(#6806,
#6807),(#6808,#6809)),.SURF_OF_LINEAR_EXTRUSION.,.F.,.F.,.F.,(4,4),(2,2),
(0.,1.),(0.,1.),.PIECEWISE_BEZIER_KNOTS.);
#48=B_SPLINE_SURFACE_WITH_KNOTS('',3,1,((#6815,#6816),(#6817,#6818),(#6819,
#6820),(#6821,#6822)),.SURF_OF_LINEAR_EXTRUSION.,.F.,.F.,.F.,(4,4),(2,2),
(0.,1.),(0.,1.),.PIECEWISE_BEZIER_KNOTS.);
#49=B_SPLINE_SURFACE_WITH_KNOTS('',3,1,((#6828,#6829),(#6830,#6831),(#6832,
#6833),(#6834,#6835)),.SURF_OF_LINEAR_EXTRUSION.,.F.,.F.,.F.,(4,4),(2,2),
(0.,1.),(0.,1.),.PIECEWISE_BEZIER_KNOTS.);
#50=B_SPLINE_SURFACE_WITH_KNOTS('',3,1,((#6853,#6854),(#6855,#6856),(#6857,
#6858),(#6859,#6860)),.SURF_OF_LINEAR_EXTRUSION.,.F.,.F.,.F.,(4,4),(2,2),
(0.,1.),(0.,1.),.PIECEWISE_BEZIER_KNOTS.);
#51=B_SPLINE_SURFACE_WITH_KNOTS('',3,1,((#6900,#6901),(#6902,#6903),(#6904,
#6905),(#6906,#6907)),.SURF_OF_LINEAR_EXTRUSION.,.F.,.F.,.F.,(4,4),(2,2),
(0.,1.),(0.,1.),.PIECEWISE_BEZIER_KNOTS.);
#52=B_SPLINE_SURFACE_WITH_KNOTS('',3,1,((#6913,#6914),(#6915,#6916),(#6917,
#6918),(#6919,#6920)),.SURF_OF_LINEAR_EXTRUSION.,.F.,.F.,.F.,(4,4),(2,2),
(0.,1.),(0.,1.),.PIECEWISE_BEZIER_KNOTS.);
#53=B_SPLINE_SURFACE_WITH_KNOTS('',3,1,((#6926,#6927),(#6928,#6929),(#6930,
#6931),(#6932,#6933)),.SURF_OF_LINEAR_EXTRUSION.,.F.,.F.,.F.,(4,4),(2,2),
(0.,1.),(0.,1.),.PIECEWISE_BEZIER_KNOTS.);
#54=B_SPLINE_SURFACE_WITH_KNOTS('',3,1,((#6939,#6940),(#6941,#6942),(#6943,
#6944),(#6945,#6946)),.SURF_OF_LINEAR_EXTRUSION.,.F.,.F.,.F.,(4,4),(2,2),
(0.,1.),(0.,1.),.PIECEWISE_BEZIER_KNOTS.);
#55=B_SPLINE_SURFACE_WITH_KNOTS('',3,1,((#6952,#6953),(#6954,#6955),(#6956,
#6957),(#6958,#6959)),.SURF_OF_LINEAR_EXTRUSION.,.F.,.F.,.F.,(4,4),(2,2),
(0.,1.),(0.,1.),.PIECEWISE_BEZIER_KNOTS.);
#56=B_SPLINE_SURFACE_WITH_KNOTS('',3,1,((#6965,#6966),(#6967,#6968),(#6969,
#6970),(#6971,#6972)),.SURF_OF_LINEAR_EXTRUSION.,.F.,.F.,.F.,(4,4),(2,2),
(0.,1.),(0.,1.),.PIECEWISE_BEZIER_KNOTS.);
#57=B_SPLINE_SURFACE_WITH_KNOTS('',3,1,((#6990,#6991),(#6992,#6993),(#6994,
#6995),(#6996,#6997)),.SURF_OF_LINEAR_EXTRUSION.,.F.,.F.,.F.,(4,4),(2,2),
(0.,1.),(0.,1.),.PIECEWISE_BEZIER_KNOTS.);
#58=B_SPLINE_SURFACE_WITH_KNOTS('',3,1,((#7003,#7004),(#7005,#7006),(#7007,
#7008),(#7009,#7010)),.SURF_OF_LINEAR_EXTRUSION.,.F.,.F.,.F.,(4,4),(2,2),
(0.,1.),(0.,1.),.PIECEWISE_BEZIER_KNOTS.);
#59=B_SPLINE_SURFACE_WITH_KNOTS('',3,1,((#7016,#7017),(#7018,#7019),(#7020,
#7021),(#7022,#7023)),.SURF_OF_LINEAR_EXTRUSION.,.F.,.F.,.F.,(4,4),(2,2),
(0.,1.),(0.,1.),.PIECEWISE_BEZIER_KNOTS.);
#60=B_SPLINE_SURFACE_WITH_KNOTS('',3,1,((#7029,#7030),(#7031,#7032),(#7033,
#7034),(#7035,#7036)),.SURF_OF_LINEAR_EXTRUSION.,.F.,.F.,.F.,(4,4),(2,2),
(0.,1.),(0.,1.),.PIECEWISE_BEZIER_KNOTS.);
#61=B_SPLINE_SURFACE_WITH_KNOTS('',3,1,((#7042,#7043),(#7044,#7045),(#7046,
#7047),(#7048,#7049)),.SURF_OF_LINEAR_EXTRUSION.,.F.,.F.,.F.,(4,4),(2,2),
(0.,1.),(0.,1.),.PIECEWISE_BEZIER_KNOTS.);
#62=B_SPLINE_SURFACE_WITH_KNOTS('',3,1,((#7055,#7056),(#7057,#7058),(#7059,
#7060),(#7061,#7062)),.SURF_OF_LINEAR_EXTRUSION.,.F.,.F.,.F.,(4,4),(2,2),
(0.,1.),(0.,1.),.PIECEWISE_BEZIER_KNOTS.);
#63=B_SPLINE_SURFACE_WITH_KNOTS('',3,1,((#7068,#7069),(#7070,#7071),(#7072,
#7073),(#7074,#7075)),.SURF_OF_LINEAR_EXTRUSION.,.F.,.F.,.F.,(4,4),(2,2),
(0.,1.),(0.,1.),.PIECEWISE_BEZIER_KNOTS.);
#64=B_SPLINE_SURFACE_WITH_KNOTS('',3,1,((#7081,#7082),(#7083,#7084),(#7085,
#7086),(#7087,#7088)),.SURF_OF_LINEAR_EXTRUSION.,.F.,.F.,.F.,(4,4),(2,2),
(0.,1.),(0.,1.),.PIECEWISE_BEZIER_KNOTS.);
#65=B_SPLINE_SURFACE_WITH_KNOTS('',3,1,((#7106,#7107),(#7108,#7109),(#7110,
#7111),(#7112,#7113)),.SURF_OF_LINEAR_EXTRUSION.,.F.,.F.,.F.,(4,4),(2,2),
(0.,1.),(0.,1.),.PIECEWISE_BEZIER_KNOTS.);
#66=B_SPLINE_SURFACE_WITH_KNOTS('',3,1,((#7143,#7144),(#7145,#7146),(#7147,
#7148),(#7149,#7150)),.SURF_OF_LINEAR_EXTRUSION.,.F.,.F.,.F.,(4,4),(2,2),
(0.,1.),(0.,1.),.PIECEWISE_BEZIER_KNOTS.);
#67=B_SPLINE_SURFACE_WITH_KNOTS('',3,1,((#7158,#7159),(#7160,#7161),(#7162,
#7163),(#7164,#7165)),.SURF_OF_LINEAR_EXTRUSION.,.F.,.F.,.F.,(4,4),(2,2),
(0.,1.),(0.,1.),.PIECEWISE_BEZIER_KNOTS.);
#68=B_SPLINE_SURFACE_WITH_KNOTS('',3,1,((#7175,#7176),(#7177,#7178),(#7179,
#7180),(#7181,#7182)),.SURF_OF_LINEAR_EXTRUSION.,.F.,.F.,.F.,(4,4),(2,2),
(0.,1.),(0.,1.),.PIECEWISE_BEZIER_KNOTS.);
#69=B_SPLINE_SURFACE_WITH_KNOTS('',3,1,((#7188,#7189),(#7190,#7191),(#7192,
#7193),(#7194,#7195)),.SURF_OF_LINEAR_EXTRUSION.,.F.,.F.,.F.,(4,4),(2,2),
(0.,1.),(0.,1.),.PIECEWISE_BEZIER_KNOTS.);
#70=B_SPLINE_SURFACE_WITH_KNOTS('',3,1,((#7201,#7202),(#7203,#7204),(#7205,
#7206),(#7207,#7208)),.SURF_OF_LINEAR_EXTRUSION.,.F.,.F.,.F.,(4,4),(2,2),
(0.,1.),(0.,1.),.PIECEWISE_BEZIER_KNOTS.);
#71=B_SPLINE_SURFACE_WITH_KNOTS('',3,1,((#7214,#7215),(#7216,#7217),(#7218,
#7219),(#7220,#7221)),.SURF_OF_LINEAR_EXTRUSION.,.F.,.F.,.F.,(4,4),(2,2),
(0.,1.),(0.,1.),.PIECEWISE_BEZIER_KNOTS.);
#72=B_SPLINE_SURFACE_WITH_KNOTS('',3,1,((#7227,#7228),(#7229,#7230),(#7231,
#7232),(#7233,#7234)),.SURF_OF_LINEAR_EXTRUSION.,.F.,.F.,.F.,(4,4),(2,2),
(0.,1.),(0.,1.),.PIECEWISE_BEZIER_KNOTS.);
#73=B_SPLINE_SURFACE_WITH_KNOTS('',3,1,((#7240,#7241),(#7242,#7243),(#7244,
#7245),(#7246,#7247)),.SURF_OF_LINEAR_EXTRUSION.,.F.,.F.,.F.,(4,4),(2,2),
(0.,1.),(0.,1.),.PIECEWISE_BEZIER_KNOTS.);
#74=B_SPLINE_SURFACE_WITH_KNOTS('',3,1,((#7253,#7254),(#7255,#7256),(#7257,
#7258),(#7259,#7260)),.SURF_OF_LINEAR_EXTRUSION.,.F.,.F.,.F.,(4,4),(2,2),
(0.,1.),(0.,1.),.PIECEWISE_BEZIER_KNOTS.);
#75=B_SPLINE_SURFACE_WITH_KNOTS('',3,1,((#7270,#7271),(#7272,#7273),(#7274,
#7275),(#7276,#7277)),.SURF_OF_LINEAR_EXTRUSION.,.F.,.F.,.F.,(4,4),(2,2),
(0.,1.),(0.,1.),.PIECEWISE_BEZIER_KNOTS.);
#76=B_SPLINE_SURFACE_WITH_KNOTS('',3,1,((#7283,#7284),(#7285,#7286),(#7287,
#7288),(#7289,#7290)),.SURF_OF_LINEAR_EXTRUSION.,.F.,.F.,.F.,(4,4),(2,2),
(0.,1.),(0.,1.),.PIECEWISE_BEZIER_KNOTS.);
#77=B_SPLINE_SURFACE_WITH_KNOTS('',3,1,((#7296,#7297),(#7298,#7299),(#7300,
#7301),(#7302,#7303)),.SURF_OF_LINEAR_EXTRUSION.,.F.,.F.,.F.,(4,4),(2,2),
(0.,1.),(0.,1.),.PIECEWISE_BEZIER_KNOTS.);
#78=B_SPLINE_SURFACE_WITH_KNOTS('',3,1,((#7309,#7310),(#7311,#7312),(#7313,
#7314),(#7315,#7316)),.SURF_OF_LINEAR_EXTRUSION.,.F.,.F.,.F.,(4,4),(2,2),
(0.,1.),(0.,1.),.PIECEWISE_BEZIER_KNOTS.);
#79=B_SPLINE_SURFACE_WITH_KNOTS('',3,1,((#7322,#7323),(#7324,#7325),(#7326,
#7327),(#7328,#7329)),.SURF_OF_LINEAR_EXTRUSION.,.F.,.F.,.F.,(4,4),(2,2),
(0.,1.),(0.,1.),.PIECEWISE_BEZIER_KNOTS.);
#80=B_SPLINE_SURFACE_WITH_KNOTS('',3,1,((#7334,#7335),(#7336,#7337),(#7338,
#7339),(#7340,#7341)),.SURF_OF_LINEAR_EXTRUSION.,.F.,.F.,.F.,(4,4),(2,2),
(0.,1.),(0.,1.),.PIECEWISE_BEZIER_KNOTS.);
#81=B_SPLINE_SURFACE_WITH_KNOTS('',3,1,((#7357,#7358),(#7359,#7360),(#7361,
#7362),(#7363,#7364)),.SURF_OF_LINEAR_EXTRUSION.,.F.,.F.,.F.,(4,4),(2,2),
(0.,1.),(0.,1.),.PIECEWISE_BEZIER_KNOTS.);
#82=B_SPLINE_SURFACE_WITH_KNOTS('',3,1,((#7370,#7371),(#7372,#7373),(#7374,
#7375),(#7376,#7377)),.SURF_OF_LINEAR_EXTRUSION.,.F.,.F.,.F.,(4,4),(2,2),
(0.,1.),(0.,1.),.PIECEWISE_BEZIER_KNOTS.);
#83=B_SPLINE_SURFACE_WITH_KNOTS('',3,1,((#7383,#7384),(#7385,#7386),(#7387,
#7388),(#7389,#7390)),.SURF_OF_LINEAR_EXTRUSION.,.F.,.F.,.F.,(4,4),(2,2),
(0.,1.),(0.,1.),.PIECEWISE_BEZIER_KNOTS.);
#84=B_SPLINE_SURFACE_WITH_KNOTS('',3,1,((#7396,#7397),(#7398,#7399),(#7400,
#7401),(#7402,#7403)),.SURF_OF_LINEAR_EXTRUSION.,.F.,.F.,.F.,(4,4),(2,2),
(0.,1.),(0.,1.),.PIECEWISE_BEZIER_KNOTS.);
#85=B_SPLINE_SURFACE_WITH_KNOTS('',3,1,((#7409,#7410),(#7411,#7412),(#7413,
#7414),(#7415,#7416)),.SURF_OF_LINEAR_EXTRUSION.,.F.,.F.,.F.,(4,4),(2,2),
(0.,1.),(0.,1.),.PIECEWISE_BEZIER_KNOTS.);
#86=B_SPLINE_SURFACE_WITH_KNOTS('',3,1,((#7422,#7423),(#7424,#7425),(#7426,
#7427),(#7428,#7429)),.SURF_OF_LINEAR_EXTRUSION.,.F.,.F.,.F.,(4,4),(2,2),
(0.,1.),(0.,1.),.PIECEWISE_BEZIER_KNOTS.);
#87=B_SPLINE_SURFACE_WITH_KNOTS('',3,1,((#7435,#7436),(#7437,#7438),(#7439,
#7440),(#7441,#7442)),.SURF_OF_LINEAR_EXTRUSION.,.F.,.F.,.F.,(4,4),(2,2),
(0.,1.),(0.,1.),.PIECEWISE_BEZIER_KNOTS.);
#88=B_SPLINE_SURFACE_WITH_KNOTS('',3,1,((#7452,#7453),(#7454,#7455),(#7456,
#7457),(#7458,#7459)),.SURF_OF_LINEAR_EXTRUSION.,.F.,.F.,.F.,(4,4),(2,2),
(0.,1.),(0.,1.),.PIECEWISE_BEZIER_KNOTS.);
#89=B_SPLINE_SURFACE_WITH_KNOTS('',3,1,((#7465,#7466),(#7467,#7468),(#7469,
#7470),(#7471,#7472)),.SURF_OF_LINEAR_EXTRUSION.,.F.,.F.,.F.,(4,4),(2,2),
(0.,1.),(0.,1.),.PIECEWISE_BEZIER_KNOTS.);
#90=B_SPLINE_SURFACE_WITH_KNOTS('',3,1,((#7478,#7479),(#7480,#7481),(#7482,
#7483),(#7484,#7485)),.SURF_OF_LINEAR_EXTRUSION.,.F.,.F.,.F.,(4,4),(2,2),
(0.,1.),(0.,1.),.PIECEWISE_BEZIER_KNOTS.);
#91=B_SPLINE_SURFACE_WITH_KNOTS('',3,1,((#7491,#7492),(#7493,#7494),(#7495,
#7496),(#7497,#7498)),.SURF_OF_LINEAR_EXTRUSION.,.F.,.F.,.F.,(4,4),(2,2),
(0.,1.),(0.,1.),.PIECEWISE_BEZIER_KNOTS.);
#92=B_SPLINE_SURFACE_WITH_KNOTS('',3,1,((#7504,#7505),(#7506,#7507),(#7508,
#7509),(#7510,#7511)),.SURF_OF_LINEAR_EXTRUSION.,.F.,.F.,.F.,(4,4),(2,2),
(0.,1.),(0.,1.),.PIECEWISE_BEZIER_KNOTS.);
#93=B_SPLINE_SURFACE_WITH_KNOTS('',3,1,((#7517,#7518),(#7519,#7520),(#7521,
#7522),(#7523,#7524)),.SURF_OF_LINEAR_EXTRUSION.,.F.,.F.,.F.,(4,4),(2,2),
(0.,1.),(0.,1.),.PIECEWISE_BEZIER_KNOTS.);
#94=CYLINDRICAL_SURFACE('',#4380,0.00165);
#95=CYLINDRICAL_SURFACE('',#4383,0.00165);
#96=CYLINDRICAL_SURFACE('',#4386,0.0051);
#97=CYLINDRICAL_SURFACE('',#4389,0.004);
#98=CYLINDRICAL_SURFACE('',#4396,0.004);
#99=CYLINDRICAL_SURFACE('',#4400,0.0051);
#100=CYLINDRICAL_SURFACE('',#4420,0.0015);
#101=CYLINDRICAL_SURFACE('',#4422,0.0015);
#102=CYLINDRICAL_SURFACE('',#4424,0.0105);
#103=CYLINDRICAL_SURFACE('',#4430,0.0015);
#104=CYLINDRICAL_SURFACE('',#4432,0.0015);
#105=CYLINDRICAL_SURFACE('',#4451,0.0448248893046197);
#106=CYLINDRICAL_SURFACE('',#4454,0.0447170924440466);
#107=CYLINDRICAL_SURFACE('',#4456,0.0287654723292109);
#108=CYLINDRICAL_SURFACE('',#4460,0.0112180326022465);
#109=CYLINDRICAL_SURFACE('',#4462,0.0162741261047365);
#110=CYLINDRICAL_SURFACE('',#4464,0.0634232623976912);
#111=CYLINDRICAL_SURFACE('',#4468,0.0135889314321511);
#112=CYLINDRICAL_SURFACE('',#4472,0.013759711914829);
#113=CYLINDRICAL_SURFACE('',#4474,0.0208500755744372);
#114=CYLINDRICAL_SURFACE('',#4476,0.026580914601587);
#115=CYLINDRICAL_SURFACE('',#4481,0.0237187268005955);
#116=CYLINDRICAL_SURFACE('',#4483,0.0396128394637274);
#117=CYLINDRICAL_SURFACE('',#4486,0.125486229215748);
#118=CYLINDRICAL_SURFACE('',#4490,0.0106200735031325);
#119=CYLINDRICAL_SURFACE('',#4492,0.00979023171978195);
#120=CYLINDRICAL_SURFACE('',#4494,0.0149820241149562);
#121=CYLINDRICAL_SURFACE('',#4510,0.00244314032106957);
#122=CYLINDRICAL_SURFACE('',#4527,0.00244314032106865);
#123=CYLINDRICAL_SURFACE('',#4540,0.000145311545369264);
#124=CYLINDRICAL_SURFACE('',#4556,0.00165);
#125=CYLINDRICAL_SURFACE('',#4557,0.00165);
#126=CYLINDRICAL_SURFACE('',#4558,0.005);
#127=CYLINDRICAL_SURFACE('',#4561,0.005);
#128=CIRCLE('',#4350,0.000145311545369264);
#129=CIRCLE('',#4351,0.00244314032106865);
#130=CIRCLE('',#4352,0.00244314032106957);
#131=CIRCLE('',#4353,0.125486229215748);
#132=CIRCLE('',#4354,0.0149820241149562);
#133=CIRCLE('',#4355,0.00979023171978195);
#134=CIRCLE('',#4356,0.0106200735031325);
#135=CIRCLE('',#4357,0.0396128394637274);
#136=CIRCLE('',#4358,0.0237187268005955);
#137=CIRCLE('',#4359,0.026580914601587);
#138=CIRCLE('',#4360,0.0208500755744372);
#139=CIRCLE('',#4361,0.013759711914829);
#140=CIRCLE('',#4362,0.0135889314321511);
#141=CIRCLE('',#4363,0.0634232623976912);
#142=CIRCLE('',#4364,0.0162741261047365);
#143=CIRCLE('',#4365,0.0112180326022465);
#144=CIRCLE('',#4366,0.0287654723292109);
#145=CIRCLE('',#4367,0.0447170924440466);
#146=CIRCLE('',#4368,0.0448248893046197);
#147=CIRCLE('',#4369,0.0015);
#148=CIRCLE('',#4370,0.0015);
#149=CIRCLE('',#4371,0.0105);
#150=CIRCLE('',#4372,0.0015);
#151=CIRCLE('',#4373,0.0015);
#152=CIRCLE('',#4376,0.00165);
#153=CIRCLE('',#4377,0.00165);
#154=CIRCLE('',#4381,0.00165);
#155=CIRCLE('',#4382,0.00165);
#156=CIRCLE('',#4384,0.00165);
#157=CIRCLE('',#4385,0.00165);
#158=CIRCLE('',#4388,0.0051);
#159=CIRCLE('',#4390,0.004);
#160=CIRCLE('',#4391,0.004);
#161=CIRCLE('',#4394,0.0051);
#162=CIRCLE('',#4395,0.004);
#163=CIRCLE('',#4397,0.004);
#164=CIRCLE('',#4421,0.0015);
#165=CIRCLE('',#4423,0.0015);
#166=CIRCLE('',#4425,0.0105);
#167=CIRCLE('',#4431,0.0015);
#168=CIRCLE('',#4433,0.0015);
#169=CIRCLE('',#4452,0.0448248893046197);
#170=CIRCLE('',#4455,0.0447170924440466);
#171=CIRCLE('',#4457,0.0287654723292109);
#172=CIRCLE('',#4461,0.0112180326022465);
#173=CIRCLE('',#4463,0.0162741261047365);
#174=CIRCLE('',#4465,0.0634232623976912);
#175=CIRCLE('',#4469,0.0135889314321511);
#176=CIRCLE('',#4473,0.013759711914829);
#177=CIRCLE('',#4475,0.0208500755744372);
#178=CIRCLE('',#4477,0.026580914601587);
#179=CIRCLE('',#4482,0.0237187268005955);
#180=CIRCLE('',#4484,0.0396128394637274);
#181=CIRCLE('',#4487,0.125486229215748);
#182=CIRCLE('',#4491,0.0106200735031325);
#183=CIRCLE('',#4493,0.00979023171978195);
#184=CIRCLE('',#4495,0.0149820241149562);
#185=CIRCLE('',#4511,0.00244314032106957);
#186=CIRCLE('',#4528,0.00244314032106865);
#187=CIRCLE('',#4541,0.000145311545369264);
#188=CIRCLE('',#4553,0.00165);
#189=CIRCLE('',#4554,0.00165);
#190=CIRCLE('',#4559,0.005);
#191=CIRCLE('',#4562,0.005);
#192=B_SPLINE_CURVE_WITH_KNOTS('',2,(#5443,#5444,#5445),.UNSPECIFIED.,.F.,
 .F.,(3,3),(0.,1.),.PIECEWISE_BEZIER_KNOTS.);
#193=B_SPLINE_CURVE_WITH_KNOTS('',2,(#5448,#5449,#5450),.UNSPECIFIED.,.F.,
 .F.,(3,3),(0.,1.),.PIECEWISE_BEZIER_KNOTS.);
#194=B_SPLINE_CURVE_WITH_KNOTS('',2,(#5452,#5453,#5454),.UNSPECIFIED.,.F.,
 .F.,(3,3),(0.,1.),.PIECEWISE_BEZIER_KNOTS.);
#195=B_SPLINE_CURVE_WITH_KNOTS('',2,(#5456,#5457,#5458),.UNSPECIFIED.,.F.,
 .F.,(3,3),(0.,1.),.PIECEWISE_BEZIER_KNOTS.);
#196=B_SPLINE_CURVE_WITH_KNOTS('',2,(#5460,#5461,#5462),.UNSPECIFIED.,.F.,
 .F.,(3,3),(0.,1.),.PIECEWISE_BEZIER_KNOTS.);
#197=B_SPLINE_CURVE_WITH_KNOTS('',2,(#5464,#5465,#5466),.UNSPECIFIED.,.F.,
 .F.,(3,3),(0.,1.),.PIECEWISE_BEZIER_KNOTS.);
#198=B_SPLINE_CURVE_WITH_KNOTS('',2,(#5468,#5469,#5470),.UNSPECIFIED.,.F.,
 .F.,(3,3),(0.,1.),.PIECEWISE_BEZIER_KNOTS.);
#199=B_SPLINE_CURVE_WITH_KNOTS('',2,(#5474,#5475,#5476),.UNSPECIFIED.,.F.,
 .F.,(3,3),(0.,1.),.PIECEWISE_BEZIER_KNOTS.);
#200=B_SPLINE_CURVE_WITH_KNOTS('',2,(#5478,#5479,#5480),.UNSPECIFIED.,.F.,
 .F.,(3,3),(0.,1.),.PIECEWISE_BEZIER_KNOTS.);
#201=B_SPLINE_CURVE_WITH_KNOTS('',2,(#5482,#5483,#5484),.UNSPECIFIED.,.F.,
 .F.,(3,3),(0.,1.),.PIECEWISE_BEZIER_KNOTS.);
#202=B_SPLINE_CURVE_WITH_KNOTS('',2,(#5486,#5487,#5488),.UNSPECIFIED.,.F.,
 .F.,(3,3),(0.,1.),.PIECEWISE_BEZIER_KNOTS.);
#203=B_SPLINE_CURVE_WITH_KNOTS('',2,(#5490,#5491,#5492),.UNSPECIFIED.,.F.,
 .F.,(3,3),(0.,1.),.PIECEWISE_BEZIER_KNOTS.);
#204=B_SPLINE_CURVE_WITH_KNOTS('',2,(#5494,#5495,#5496),.UNSPECIFIED.,.F.,
 .F.,(3,3),(0.,1.),.PIECEWISE_BEZIER_KNOTS.);
#205=B_SPLINE_CURVE_WITH_KNOTS('',2,(#5498,#5499,#5500),.UNSPECIFIED.,.F.,
 .F.,(3,3),(0.,1.),.PIECEWISE_BEZIER_KNOTS.);
#206=B_SPLINE_CURVE_WITH_KNOTS('',2,(#5505,#5506,#5507),.UNSPECIFIED.,.F.,
 .F.,(3,3),(0.,1.),.PIECEWISE_BEZIER_KNOTS.);
#207=B_SPLINE_CURVE_WITH_KNOTS('',2,(#5510,#5511,#5512),.UNSPECIFIED.,.F.,
 .F.,(3,3),(0.,1.),.PIECEWISE_BEZIER_KNOTS.);
#208=B_SPLINE_CURVE_WITH_KNOTS('',2,(#5514,#5515,#5516),.UNSPECIFIED.,.F.,
 .F.,(3,3),(0.,1.),.PIECEWISE_BEZIER_KNOTS.);
#209=B_SPLINE_CURVE_WITH_KNOTS('',2,(#5518,#5519,#5520),.UNSPECIFIED.,.F.,
 .F.,(3,3),(0.,1.),.PIECEWISE_BEZIER_KNOTS.);
#210=B_SPLINE_CURVE_WITH_KNOTS('',2,(#5522,#5523,#5524),.UNSPECIFIED.,.F.,
 .F.,(3,3),(0.,1.),.PIECEWISE_BEZIER_KNOTS.);
#211=B_SPLINE_CURVE_WITH_KNOTS('',2,(#5526,#5527,#5528),.UNSPECIFIED.,.F.,
 .F.,(3,3),(0.,1.),.PIECEWISE_BEZIER_KNOTS.);
#212=B_SPLINE_CURVE_WITH_KNOTS('',2,(#5532,#5533,#5534),.UNSPECIFIED.,.F.,
 .F.,(3,3),(0.,1.),.PIECEWISE_BEZIER_KNOTS.);
#213=B_SPLINE_CURVE_WITH_KNOTS('',2,(#5536,#5537,#5538),.UNSPECIFIED.,.F.,
 .F.,(3,3),(0.,1.),.PIECEWISE_BEZIER_KNOTS.);
#214=B_SPLINE_CURVE_WITH_KNOTS('',2,(#5540,#5541,#5542),.UNSPECIFIED.,.F.,
 .F.,(3,3),(0.,1.),.PIECEWISE_BEZIER_KNOTS.);
#215=B_SPLINE_CURVE_WITH_KNOTS('',2,(#5544,#5545,#5546),.UNSPECIFIED.,.F.,
 .F.,(3,3),(0.,1.),.PIECEWISE_BEZIER_KNOTS.);
#216=B_SPLINE_CURVE_WITH_KNOTS('',2,(#5548,#5549,#5550),.UNSPECIFIED.,.F.,
 .F.,(3,3),(0.,1.),.PIECEWISE_BEZIER_KNOTS.);
#217=B_SPLINE_CURVE_WITH_KNOTS('',2,(#5552,#5553,#5554),.UNSPECIFIED.,.F.,
 .F.,(3,3),(0.,1.),.PIECEWISE_BEZIER_KNOTS.);
#218=B_SPLINE_CURVE_WITH_KNOTS('',2,(#5556,#5557,#5558),.UNSPECIFIED.,.F.,
 .F.,(3,3),(0.,1.),.PIECEWISE_BEZIER_KNOTS.);
#219=B_SPLINE_CURVE_WITH_KNOTS('',2,(#5562,#5563,#5564),.UNSPECIFIED.,.F.,
 .F.,(3,3),(0.,1.),.PIECEWISE_BEZIER_KNOTS.);
#220=B_SPLINE_CURVE_WITH_KNOTS('',2,(#5580,#5581,#5582),.UNSPECIFIED.,.F.,
 .F.,(3,3),(0.,1.),.PIECEWISE_BEZIER_KNOTS.);
#221=B_SPLINE_CURVE_WITH_KNOTS('',2,(#5590,#5591,#5592),.UNSPECIFIED.,.F.,
 .F.,(3,3),(0.,1.),.PIECEWISE_BEZIER_KNOTS.);
#222=B_SPLINE_CURVE_WITH_KNOTS('',2,(#5594,#5595,#5596),.UNSPECIFIED.,.F.,
 .F.,(3,3),(0.,1.),.PIECEWISE_BEZIER_KNOTS.);
#223=B_SPLINE_CURVE_WITH_KNOTS('',2,(#5598,#5599,#5600),.UNSPECIFIED.,.F.,
 .F.,(3,3),(0.,1.),.PIECEWISE_BEZIER_KNOTS.);
#224=B_SPLINE_CURVE_WITH_KNOTS('',2,(#5602,#5603,#5604),.UNSPECIFIED.,.F.,
 .F.,(3,3),(0.,1.),.PIECEWISE_BEZIER_KNOTS.);
#225=B_SPLINE_CURVE_WITH_KNOTS('',2,(#5606,#5607,#5608),.UNSPECIFIED.,.F.,
 .F.,(3,3),(0.,1.),.PIECEWISE_BEZIER_KNOTS.);
#226=B_SPLINE_CURVE_WITH_KNOTS('',2,(#5610,#5611,#5612),.UNSPECIFIED.,.F.,
 .F.,(3,3),(0.,1.),.PIECEWISE_BEZIER_KNOTS.);
#227=B_SPLINE_CURVE_WITH_KNOTS('',2,(#5614,#5615,#5616),.UNSPECIFIED.,.F.,
 .F.,(3,3),(0.,1.),.PIECEWISE_BEZIER_KNOTS.);
#228=B_SPLINE_CURVE_WITH_KNOTS('',2,(#5618,#5619,#5620),.UNSPECIFIED.,.F.,
 .F.,(3,3),(0.,1.),.PIECEWISE_BEZIER_KNOTS.);
#229=B_SPLINE_CURVE_WITH_KNOTS('',2,(#5628,#5629,#5630),.UNSPECIFIED.,.F.,
 .F.,(3,3),(0.,1.),.PIECEWISE_BEZIER_KNOTS.);
#230=B_SPLINE_CURVE_WITH_KNOTS('',2,(#5632,#5633,#5634),.UNSPECIFIED.,.F.,
 .F.,(3,3),(0.,1.),.PIECEWISE_BEZIER_KNOTS.);
#231=B_SPLINE_CURVE_WITH_KNOTS('',2,(#5636,#5637,#5638),.UNSPECIFIED.,.F.,
 .F.,(3,3),(0.,1.),.PIECEWISE_BEZIER_KNOTS.);
#232=B_SPLINE_CURVE_WITH_KNOTS('',2,(#5640,#5641,#5642),.UNSPECIFIED.,.F.,
 .F.,(3,3),(0.,1.),.PIECEWISE_BEZIER_KNOTS.);
#233=B_SPLINE_CURVE_WITH_KNOTS('',2,(#5644,#5645,#5646),.UNSPECIFIED.,.F.,
 .F.,(3,3),(0.,1.),.PIECEWISE_BEZIER_KNOTS.);
#234=B_SPLINE_CURVE_WITH_KNOTS('',2,(#5648,#5649,#5650),.UNSPECIFIED.,.F.,
 .F.,(3,3),(0.,1.),.PIECEWISE_BEZIER_KNOTS.);
#235=B_SPLINE_CURVE_WITH_KNOTS('',2,(#5668,#5669,#5670),.UNSPECIFIED.,.F.,
 .F.,(3,3),(0.,1.),.PIECEWISE_BEZIER_KNOTS.);
#236=B_SPLINE_CURVE_WITH_KNOTS('',2,(#5678,#5679,#5680),.UNSPECIFIED.,.F.,
 .F.,(3,3),(0.,1.),.PIECEWISE_BEZIER_KNOTS.);
#237=B_SPLINE_CURVE_WITH_KNOTS('',2,(#5682,#5683,#5684),.UNSPECIFIED.,.F.,
 .F.,(3,3),(0.,1.),.PIECEWISE_BEZIER_KNOTS.);
#238=B_SPLINE_CURVE_WITH_KNOTS('',2,(#5686,#5687,#5688),.UNSPECIFIED.,.F.,
 .F.,(3,3),(0.,1.),.PIECEWISE_BEZIER_KNOTS.);
#239=B_SPLINE_CURVE_WITH_KNOTS('',2,(#5690,#5691,#5692),.UNSPECIFIED.,.F.,
 .F.,(3,3),(0.,1.),.PIECEWISE_BEZIER_KNOTS.);
#240=B_SPLINE_CURVE_WITH_KNOTS('',2,(#5694,#5695,#5696),.UNSPECIFIED.,.F.,
 .F.,(3,3),(0.,1.),.PIECEWISE_BEZIER_KNOTS.);
#241=B_SPLINE_CURVE_WITH_KNOTS('',2,(#5698,#5699,#5700),.UNSPECIFIED.,.F.,
 .F.,(3,3),(0.,1.),.PIECEWISE_BEZIER_KNOTS.);
#242=B_SPLINE_CURVE_WITH_KNOTS('',2,(#5702,#5703,#5704),.UNSPECIFIED.,.F.,
 .F.,(3,3),(0.,1.),.PIECEWISE_BEZIER_KNOTS.);
#243=B_SPLINE_CURVE_WITH_KNOTS('',2,(#5706,#5707,#5708),.UNSPECIFIED.,.F.,
 .F.,(3,3),(0.,1.),.PIECEWISE_BEZIER_KNOTS.);
#244=B_SPLINE_CURVE_WITH_KNOTS('',2,(#5716,#5717,#5718),.UNSPECIFIED.,.F.,
 .F.,(3,3),(0.,1.),.PIECEWISE_BEZIER_KNOTS.);
#245=B_SPLINE_CURVE_WITH_KNOTS('',2,(#5720,#5721,#5722),.UNSPECIFIED.,.F.,
 .F.,(3,3),(0.,1.),.PIECEWISE_BEZIER_KNOTS.);
#246=B_SPLINE_CURVE_WITH_KNOTS('',2,(#5724,#5725,#5726),.UNSPECIFIED.,.F.,
 .F.,(3,3),(0.,1.),.PIECEWISE_BEZIER_KNOTS.);
#247=B_SPLINE_CURVE_WITH_KNOTS('',2,(#5728,#5729,#5730),.UNSPECIFIED.,.F.,
 .F.,(3,3),(0.,1.),.PIECEWISE_BEZIER_KNOTS.);
#248=B_SPLINE_CURVE_WITH_KNOTS('',2,(#5732,#5733,#5734),.UNSPECIFIED.,.F.,
 .F.,(3,3),(0.,1.),.PIECEWISE_BEZIER_KNOTS.);
#249=B_SPLINE_CURVE_WITH_KNOTS('',2,(#5736,#5737,#5738),.UNSPECIFIED.,.F.,
 .F.,(3,3),(0.,1.),.PIECEWISE_BEZIER_KNOTS.);
#250=B_SPLINE_CURVE_WITH_KNOTS('',2,(#5754,#5755,#5756),.UNSPECIFIED.,.F.,
 .F.,(3,3),(0.,1.),.PIECEWISE_BEZIER_KNOTS.);
#251=B_SPLINE_CURVE_WITH_KNOTS('',2,(#5758,#5759,#5760),.UNSPECIFIED.,.F.,
 .F.,(3,3),(0.,1.),.PIECEWISE_BEZIER_KNOTS.);
#252=B_SPLINE_CURVE_WITH_KNOTS('',2,(#5766,#5767,#5768),.UNSPECIFIED.,.F.,
 .F.,(3,3),(0.,1.),.PIECEWISE_BEZIER_KNOTS.);
#253=B_SPLINE_CURVE_WITH_KNOTS('',2,(#5770,#5771,#5772),.UNSPECIFIED.,.F.,
 .F.,(3,3),(0.,1.),.PIECEWISE_BEZIER_KNOTS.);
#254=B_SPLINE_CURVE_WITH_KNOTS('',2,(#5776,#5777,#5778),.UNSPECIFIED.,.F.,
 .F.,(3,3),(0.,1.),.PIECEWISE_BEZIER_KNOTS.);
#255=B_SPLINE_CURVE_WITH_KNOTS('',2,(#5780,#5781,#5782),.UNSPECIFIED.,.F.,
 .F.,(3,3),(0.,1.),.PIECEWISE_BEZIER_KNOTS.);
#256=B_SPLINE_CURVE_WITH_KNOTS('',2,(#5784,#5785,#5786),.UNSPECIFIED.,.F.,
 .F.,(3,3),(0.,1.),.PIECEWISE_BEZIER_KNOTS.);
#257=B_SPLINE_CURVE_WITH_KNOTS('',2,(#5789,#5790,#5791),.UNSPECIFIED.,.F.,
 .F.,(3,3),(0.,1.),.PIECEWISE_BEZIER_KNOTS.);
#258=B_SPLINE_CURVE_WITH_KNOTS('',2,(#5798,#5799,#5800),.UNSPECIFIED.,.F.,
 .F.,(3,3),(0.,1.),.PIECEWISE_BEZIER_KNOTS.);
#259=B_SPLINE_CURVE_WITH_KNOTS('',2,(#5814,#5815,#5816),.UNSPECIFIED.,.F.,
 .F.,(3,3),(0.,1.),.PIECEWISE_BEZIER_KNOTS.);
#260=B_SPLINE_CURVE_WITH_KNOTS('',2,(#5819,#5820,#5821),.UNSPECIFIED.,.F.,
 .F.,(3,3),(0.,1.),.PIECEWISE_BEZIER_KNOTS.);
#261=B_SPLINE_CURVE_WITH_KNOTS('',2,(#5824,#5825,#5826),.UNSPECIFIED.,.F.,
 .F.,(3,3),(0.,1.),.PIECEWISE_BEZIER_KNOTS.);
#262=B_SPLINE_CURVE_WITH_KNOTS('',2,(#5828,#5829,#5830),.UNSPECIFIED.,.F.,
 .F.,(3,3),(0.,1.),.PIECEWISE_BEZIER_KNOTS.);
#263=B_SPLINE_CURVE_WITH_KNOTS('',2,(#5836,#5837,#5838),.UNSPECIFIED.,.F.,
 .F.,(3,3),(0.,1.),.PIECEWISE_BEZIER_KNOTS.);
#264=B_SPLINE_CURVE_WITH_KNOTS('',2,(#5840,#5841,#5842),.UNSPECIFIED.,.F.,
 .F.,(3,3),(0.,1.),.PIECEWISE_BEZIER_KNOTS.);
#265=B_SPLINE_CURVE_WITH_KNOTS('',2,(#5844,#5845,#5846),.UNSPECIFIED.,.F.,
 .F.,(3,3),(0.,1.),.PIECEWISE_BEZIER_KNOTS.);
#266=B_SPLINE_CURVE_WITH_KNOTS('',2,(#5848,#5849,#5850),.UNSPECIFIED.,.F.,
 .F.,(3,3),(0.,1.),.PIECEWISE_BEZIER_KNOTS.);
#267=B_SPLINE_CURVE_WITH_KNOTS('',2,(#5860,#5861,#5862),.UNSPECIFIED.,.F.,
 .F.,(3,3),(0.,1.),.PIECEWISE_BEZIER_KNOTS.);
#268=B_SPLINE_CURVE_WITH_KNOTS('',2,(#5863,#5864,#5865),.UNSPECIFIED.,.F.,
 .F.,(3,3),(0.,1.),.PIECEWISE_BEZIER_KNOTS.);
#269=B_SPLINE_CURVE_WITH_KNOTS('',2,(#5868,#5869,#5870),.UNSPECIFIED.,.F.,
 .F.,(3,3),(0.,1.),.PIECEWISE_BEZIER_KNOTS.);
#270=B_SPLINE_CURVE_WITH_KNOTS('',2,(#5872,#5873,#5874),.UNSPECIFIED.,.F.,
 .F.,(3,3),(0.,1.),.PIECEWISE_BEZIER_KNOTS.);
#271=B_SPLINE_CURVE_WITH_KNOTS('',2,(#5876,#5877,#5878),.UNSPECIFIED.,.F.,
 .F.,(3,3),(0.,1.),.PIECEWISE_BEZIER_KNOTS.);
#272=B_SPLINE_CURVE_WITH_KNOTS('',2,(#5884,#5885,#5886),.UNSPECIFIED.,.F.,
 .F.,(3,3),(0.,1.),.PIECEWISE_BEZIER_KNOTS.);
#273=B_SPLINE_CURVE_WITH_KNOTS('',2,(#5894,#5895,#5896),.UNSPECIFIED.,.F.,
 .F.,(3,3),(0.,1.),.PIECEWISE_BEZIER_KNOTS.);
#274=B_SPLINE_CURVE_WITH_KNOTS('',2,(#6210,#6211,#6212),.UNSPECIFIED.,.F.,
 .F.,(3,3),(0.,1.),.PIECEWISE_BEZIER_KNOTS.);
#275=B_SPLINE_CURVE_WITH_KNOTS('',2,(#6225,#6226,#6227),.UNSPECIFIED.,.F.,
 .F.,(3,3),(0.,1.),.PIECEWISE_BEZIER_KNOTS.);
#276=B_SPLINE_CURVE_WITH_KNOTS('',2,(#6250,#6251,#6252),.UNSPECIFIED.,.F.,
 .F.,(3,3),(0.,1.),.PIECEWISE_BEZIER_KNOTS.);
#277=B_SPLINE_CURVE_WITH_KNOTS('',2,(#6271,#6272,#6273),.UNSPECIFIED.,.F.,
 .F.,(3,3),(0.,1.),.PIECEWISE_BEZIER_KNOTS.);
#278=B_SPLINE_CURVE_WITH_KNOTS('',2,(#6284,#6285,#6286),.UNSPECIFIED.,.F.,
 .F.,(3,3),(0.,1.),.PIECEWISE_BEZIER_KNOTS.);
#279=B_SPLINE_CURVE_WITH_KNOTS('',2,(#6295,#6296,#6297),.UNSPECIFIED.,.F.,
 .F.,(3,3),(0.,1.),.PIECEWISE_BEZIER_KNOTS.);
#280=B_SPLINE_CURVE_WITH_KNOTS('',2,(#6309,#6310,#6311),.UNSPECIFIED.,.F.,
 .F.,(3,3),(0.,1.),.PIECEWISE_BEZIER_KNOTS.);
#281=B_SPLINE_CURVE_WITH_KNOTS('',2,(#6324,#6325,#6326),.UNSPECIFIED.,.F.,
 .F.,(3,3),(0.,1.),.PIECEWISE_BEZIER_KNOTS.);
#282=B_SPLINE_CURVE_WITH_KNOTS('',2,(#6353,#6354,#6355),.UNSPECIFIED.,.F.,
 .F.,(3,3),(0.,1.),.PIECEWISE_BEZIER_KNOTS.);
#283=B_SPLINE_CURVE_WITH_KNOTS('',2,(#6366,#6367,#6368),.UNSPECIFIED.,.F.,
 .F.,(3,3),(0.,1.),.PIECEWISE_BEZIER_KNOTS.);
#284=B_SPLINE_CURVE_WITH_KNOTS('',2,(#6379,#6380,#6381),.UNSPECIFIED.,.F.,
 .F.,(3,3),(0.,1.),.PIECEWISE_BEZIER_KNOTS.);
#285=B_SPLINE_CURVE_WITH_KNOTS('',2,(#6392,#6393,#6394),.UNSPECIFIED.,.F.,
 .F.,(3,3),(0.,1.),.PIECEWISE_BEZIER_KNOTS.);
#286=B_SPLINE_CURVE_WITH_KNOTS('',2,(#6413,#6414,#6415),.UNSPECIFIED.,.F.,
 .F.,(3,3),(0.,1.),.PIECEWISE_BEZIER_KNOTS.);
#287=B_SPLINE_CURVE_WITH_KNOTS('',2,(#6424,#6425,#6426),.UNSPECIFIED.,.F.,
 .F.,(3,3),(0.,1.),.PIECEWISE_BEZIER_KNOTS.);
#288=B_SPLINE_CURVE_WITH_KNOTS('',2,(#6438,#6439,#6440),.UNSPECIFIED.,.F.,
 .F.,(3,3),(0.,1.),.PIECEWISE_BEZIER_KNOTS.);
#289=B_SPLINE_CURVE_WITH_KNOTS('',2,(#6457,#6458,#6459),.UNSPECIFIED.,.F.,
 .F.,(3,3),(0.,1.),.PIECEWISE_BEZIER_KNOTS.);
#290=B_SPLINE_CURVE_WITH_KNOTS('',2,(#6494,#6495,#6496),.UNSPECIFIED.,.F.,
 .F.,(3,3),(0.,1.),.PIECEWISE_BEZIER_KNOTS.);
#291=B_SPLINE_CURVE_WITH_KNOTS('',2,(#6524,#6525,#6526),.UNSPECIFIED.,.F.,
 .F.,(3,3),(0.,1.),.PIECEWISE_BEZIER_KNOTS.);
#292=B_SPLINE_CURVE_WITH_KNOTS('',2,(#6537,#6538,#6539),.UNSPECIFIED.,.F.,
 .F.,(3,3),(0.,1.),.PIECEWISE_BEZIER_KNOTS.);
#293=B_SPLINE_CURVE_WITH_KNOTS('',2,(#6550,#6551,#6552),.UNSPECIFIED.,.F.,
 .F.,(3,3),(0.,1.),.PIECEWISE_BEZIER_KNOTS.);
#294=B_SPLINE_CURVE_WITH_KNOTS('',2,(#6567,#6568,#6569),.UNSPECIFIED.,.F.,
 .F.,(3,3),(0.,1.),.PIECEWISE_BEZIER_KNOTS.);
#295=B_SPLINE_CURVE_WITH_KNOTS('',2,(#6580,#6581,#6582),.UNSPECIFIED.,.F.,
 .F.,(3,3),(0.,1.),.PIECEWISE_BEZIER_KNOTS.);
#296=B_SPLINE_CURVE_WITH_KNOTS('',2,(#6601,#6602,#6603),.UNSPECIFIED.,.F.,
 .F.,(3,3),(0.,1.),.PIECEWISE_BEZIER_KNOTS.);
#297=B_SPLINE_CURVE_WITH_KNOTS('',2,(#6614,#6615,#6616),.UNSPECIFIED.,.F.,
 .F.,(3,3),(0.,1.),.PIECEWISE_BEZIER_KNOTS.);
#298=B_SPLINE_CURVE_WITH_KNOTS('',2,(#6657,#6658,#6659),.UNSPECIFIED.,.F.,
 .F.,(3,3),(0.,1.),.PIECEWISE_BEZIER_KNOTS.);
#299=B_SPLINE_CURVE_WITH_KNOTS('',2,(#6670,#6671,#6672),.UNSPECIFIED.,.F.,
 .F.,(3,3),(0.,1.),.PIECEWISE_BEZIER_KNOTS.);
#300=B_SPLINE_CURVE_WITH_KNOTS('',2,(#6683,#6684,#6685),.UNSPECIFIED.,.F.,
 .F.,(3,3),(0.,1.),.PIECEWISE_BEZIER_KNOTS.);
#301=B_SPLINE_CURVE_WITH_KNOTS('',2,(#6696,#6697,#6698),.UNSPECIFIED.,.F.,
 .F.,(3,3),(0.,1.),.PIECEWISE_BEZIER_KNOTS.);
#302=B_SPLINE_CURVE_WITH_KNOTS('',2,(#6709,#6710,#6711),.UNSPECIFIED.,.F.,
 .F.,(3,3),(0.,1.),.PIECEWISE_BEZIER_KNOTS.);
#303=B_SPLINE_CURVE_WITH_KNOTS('',2,(#6722,#6723,#6724),.UNSPECIFIED.,.F.,
 .F.,(3,3),(0.,1.),.PIECEWISE_BEZIER_KNOTS.);
#304=B_SPLINE_CURVE_WITH_KNOTS('',2,(#6747,#6748,#6749),.UNSPECIFIED.,.F.,
 .F.,(3,3),(0.,1.),.PIECEWISE_BEZIER_KNOTS.);
#305=B_SPLINE_CURVE_WITH_KNOTS('',2,(#6760,#6761,#6762),.UNSPECIFIED.,.F.,
 .F.,(3,3),(0.,1.),.PIECEWISE_BEZIER_KNOTS.);
#306=B_SPLINE_CURVE_WITH_KNOTS('',2,(#6773,#6774,#6775),.UNSPECIFIED.,.F.,
 .F.,(3,3),(0.,1.),.PIECEWISE_BEZIER_KNOTS.);
#307=B_SPLINE_CURVE_WITH_KNOTS('',2,(#6786,#6787,#6788),.UNSPECIFIED.,.F.,
 .F.,(3,3),(0.,1.),.PIECEWISE_BEZIER_KNOTS.);
#308=B_SPLINE_CURVE_WITH_KNOTS('',2,(#6799,#6800,#6801),.UNSPECIFIED.,.F.,
 .F.,(3,3),(0.,1.),.PIECEWISE_BEZIER_KNOTS.);
#309=B_SPLINE_CURVE_WITH_KNOTS('',2,(#6812,#6813,#6814),.UNSPECIFIED.,.F.,
 .F.,(3,3),(0.,1.),.PIECEWISE_BEZIER_KNOTS.);
#310=B_SPLINE_CURVE_WITH_KNOTS('',2,(#6825,#6826,#6827),.UNSPECIFIED.,.F.,
 .F.,(3,3),(0.,1.),.PIECEWISE_BEZIER_KNOTS.);
#311=B_SPLINE_CURVE_WITH_KNOTS('',2,(#6838,#6839,#6840),.UNSPECIFIED.,.F.,
 .F.,(3,3),(0.,1.),.PIECEWISE_BEZIER_KNOTS.);
#312=B_SPLINE_CURVE_WITH_KNOTS('',2,(#6863,#6864,#6865),.UNSPECIFIED.,.F.,
 .F.,(3,3),(0.,1.),.PIECEWISE_BEZIER_KNOTS.);
#313=B_SPLINE_CURVE_WITH_KNOTS('',2,(#6910,#6911,#6912),.UNSPECIFIED.,.F.,
 .F.,(3,3),(0.,1.),.PIECEWISE_BEZIER_KNOTS.);
#314=B_SPLINE_CURVE_WITH_KNOTS('',2,(#6923,#6924,#6925),.UNSPECIFIED.,.F.,
 .F.,(3,3),(0.,1.),.PIECEWISE_BEZIER_KNOTS.);
#315=B_SPLINE_CURVE_WITH_KNOTS('',2,(#6936,#6937,#6938),.UNSPECIFIED.,.F.,
 .F.,(3,3),(0.,1.),.PIECEWISE_BEZIER_KNOTS.);
#316=B_SPLINE_CURVE_WITH_KNOTS('',2,(#6949,#6950,#6951),.UNSPECIFIED.,.F.,
 .F.,(3,3),(0.,1.),.PIECEWISE_BEZIER_KNOTS.);
#317=B_SPLINE_CURVE_WITH_KNOTS('',2,(#6962,#6963,#6964),.UNSPECIFIED.,.F.,
 .F.,(3,3),(0.,1.),.PIECEWISE_BEZIER_KNOTS.);
#318=B_SPLINE_CURVE_WITH_KNOTS('',2,(#6975,#6976,#6977),.UNSPECIFIED.,.F.,
 .F.,(3,3),(0.,1.),.PIECEWISE_BEZIER_KNOTS.);
#319=B_SPLINE_CURVE_WITH_KNOTS('',2,(#7000,#7001,#7002),.UNSPECIFIED.,.F.,
 .F.,(3,3),(0.,1.),.PIECEWISE_BEZIER_KNOTS.);
#320=B_SPLINE_CURVE_WITH_KNOTS('',2,(#7013,#7014,#7015),.UNSPECIFIED.,.F.,
 .F.,(3,3),(0.,1.),.PIECEWISE_BEZIER_KNOTS.);
#321=B_SPLINE_CURVE_WITH_KNOTS('',2,(#7026,#7027,#7028),.UNSPECIFIED.,.F.,
 .F.,(3,3),(0.,1.),.PIECEWISE_BEZIER_KNOTS.);
#322=B_SPLINE_CURVE_WITH_KNOTS('',2,(#7039,#7040,#7041),.UNSPECIFIED.,.F.,
 .F.,(3,3),(0.,1.),.PIECEWISE_BEZIER_KNOTS.);
#323=B_SPLINE_CURVE_WITH_KNOTS('',2,(#7052,#7053,#7054),.UNSPECIFIED.,.F.,
 .F.,(3,3),(0.,1.),.PIECEWISE_BEZIER_KNOTS.);
#324=B_SPLINE_CURVE_WITH_KNOTS('',2,(#7065,#7066,#7067),.UNSPECIFIED.,.F.,
 .F.,(3,3),(0.,1.),.PIECEWISE_BEZIER_KNOTS.);
#325=B_SPLINE_CURVE_WITH_KNOTS('',2,(#7078,#7079,#7080),.UNSPECIFIED.,.F.,
 .F.,(3,3),(0.,1.),.PIECEWISE_BEZIER_KNOTS.);
#326=B_SPLINE_CURVE_WITH_KNOTS('',2,(#7091,#7092,#7093),.UNSPECIFIED.,.F.,
 .F.,(3,3),(0.,1.),.PIECEWISE_BEZIER_KNOTS.);
#327=B_SPLINE_CURVE_WITH_KNOTS('',2,(#7116,#7117,#7118),.UNSPECIFIED.,.F.,
 .F.,(3,3),(0.,1.),.PIECEWISE_BEZIER_KNOTS.);
#328=B_SPLINE_CURVE_WITH_KNOTS('',2,(#7153,#7154,#7155),.UNSPECIFIED.,.F.,
 .F.,(3,3),(0.,1.),.PIECEWISE_BEZIER_KNOTS.);
#329=B_SPLINE_CURVE_WITH_KNOTS('',2,(#7168,#7169,#7170),.UNSPECIFIED.,.F.,
 .F.,(3,3),(0.,1.),.PIECEWISE_BEZIER_KNOTS.);
#330=B_SPLINE_CURVE_WITH_KNOTS('',2,(#7185,#7186,#7187),.UNSPECIFIED.,.F.,
 .F.,(3,3),(0.,1.),.PIECEWISE_BEZIER_KNOTS.);
#331=B_SPLINE_CURVE_WITH_KNOTS('',2,(#7198,#7199,#7200),.UNSPECIFIED.,.F.,
 .F.,(3,3),(0.,1.),.PIECEWISE_BEZIER_KNOTS.);
#332=B_SPLINE_CURVE_WITH_KNOTS('',2,(#7211,#7212,#7213),.UNSPECIFIED.,.F.,
 .F.,(3,3),(0.,1.),.PIECEWISE_BEZIER_KNOTS.);
#333=B_SPLINE_CURVE_WITH_KNOTS('',2,(#7224,#7225,#7226),.UNSPECIFIED.,.F.,
 .F.,(3,3),(0.,1.),.PIECEWISE_BEZIER_KNOTS.);
#334=B_SPLINE_CURVE_WITH_KNOTS('',2,(#7237,#7238,#7239),.UNSPECIFIED.,.F.,
 .F.,(3,3),(0.,1.),.PIECEWISE_BEZIER_KNOTS.);
#335=B_SPLINE_CURVE_WITH_KNOTS('',2,(#7250,#7251,#7252),.UNSPECIFIED.,.F.,
 .F.,(3,3),(0.,1.),.PIECEWISE_BEZIER_KNOTS.);
#336=B_SPLINE_CURVE_WITH_KNOTS('',2,(#7263,#7264,#7265),.UNSPECIFIED.,.F.,
 .F.,(3,3),(0.,1.),.PIECEWISE_BEZIER_KNOTS.);
#337=B_SPLINE_CURVE_WITH_KNOTS('',2,(#7280,#7281,#7282),.UNSPECIFIED.,.F.,
 .F.,(3,3),(0.,1.),.PIECEWISE_BEZIER_KNOTS.);
#338=B_SPLINE_CURVE_WITH_KNOTS('',2,(#7293,#7294,#7295),.UNSPECIFIED.,.F.,
 .F.,(3,3),(0.,1.),.PIECEWISE_BEZIER_KNOTS.);
#339=B_SPLINE_CURVE_WITH_KNOTS('',2,(#7306,#7307,#7308),.UNSPECIFIED.,.F.,
 .F.,(3,3),(0.,1.),.PIECEWISE_BEZIER_KNOTS.);
#340=B_SPLINE_CURVE_WITH_KNOTS('',2,(#7319,#7320,#7321),.UNSPECIFIED.,.F.,
 .F.,(3,3),(0.,1.),.PIECEWISE_BEZIER_KNOTS.);
#341=B_SPLINE_CURVE_WITH_KNOTS('',2,(#7330,#7331,#7332),.UNSPECIFIED.,.F.,
 .F.,(3,3),(0.,1.),.PIECEWISE_BEZIER_KNOTS.);
#342=B_SPLINE_CURVE_WITH_KNOTS('',2,(#7344,#7345,#7346),.UNSPECIFIED.,.F.,
 .F.,(3,3),(0.,1.),.PIECEWISE_BEZIER_KNOTS.);
#343=B_SPLINE_CURVE_WITH_KNOTS('',2,(#7367,#7368,#7369),.UNSPECIFIED.,.F.,
 .F.,(3,3),(0.,1.),.PIECEWISE_BEZIER_KNOTS.);
#344=B_SPLINE_CURVE_WITH_KNOTS('',2,(#7380,#7381,#7382),.UNSPECIFIED.,.F.,
 .F.,(3,3),(0.,1.),.PIECEWISE_BEZIER_KNOTS.);
#345=B_SPLINE_CURVE_WITH_KNOTS('',2,(#7393,#7394,#7395),.UNSPECIFIED.,.F.,
 .F.,(3,3),(0.,1.),.PIECEWISE_BEZIER_KNOTS.);
#346=B_SPLINE_CURVE_WITH_KNOTS('',2,(#7406,#7407,#7408),.UNSPECIFIED.,.F.,
 .F.,(3,3),(0.,1.),.PIECEWISE_BEZIER_KNOTS.);
#347=B_SPLINE_CURVE_WITH_KNOTS('',2,(#7419,#7420,#7421),.UNSPECIFIED.,.F.,
 .F.,(3,3),(0.,1.),.PIECEWISE_BEZIER_KNOTS.);
#348=B_SPLINE_CURVE_WITH_KNOTS('',2,(#7432,#7433,#7434),.UNSPECIFIED.,.F.,
 .F.,(3,3),(0.,1.),.PIECEWISE_BEZIER_KNOTS.);
#349=B_SPLINE_CURVE_WITH_KNOTS('',2,(#7445,#7446,#7447),.UNSPECIFIED.,.F.,
 .F.,(3,3),(0.,1.),.PIECEWISE_BEZIER_KNOTS.);
#350=B_SPLINE_CURVE_WITH_KNOTS('',2,(#7462,#7463,#7464),.UNSPECIFIED.,.F.,
 .F.,(3,3),(0.,1.),.PIECEWISE_BEZIER_KNOTS.);
#351=B_SPLINE_CURVE_WITH_KNOTS('',2,(#7475,#7476,#7477),.UNSPECIFIED.,.F.,
 .F.,(3,3),(0.,1.),.PIECEWISE_BEZIER_KNOTS.);
#352=B_SPLINE_CURVE_WITH_KNOTS('',2,(#7488,#7489,#7490),.UNSPECIFIED.,.F.,
 .F.,(3,3),(0.,1.),.PIECEWISE_BEZIER_KNOTS.);
#353=B_SPLINE_CURVE_WITH_KNOTS('',2,(#7501,#7502,#7503),.UNSPECIFIED.,.F.,
 .F.,(3,3),(0.,1.),.PIECEWISE_BEZIER_KNOTS.);
#354=B_SPLINE_CURVE_WITH_KNOTS('',2,(#7514,#7515,#7516),.UNSPECIFIED.,.F.,
 .F.,(3,3),(0.,1.),.PIECEWISE_BEZIER_KNOTS.);
#355=B_SPLINE_CURVE_WITH_KNOTS('',2,(#7525,#7526,#7527),.UNSPECIFIED.,.F.,
 .F.,(3,3),(0.,1.),.PIECEWISE_BEZIER_KNOTS.);
#356=ELLIPSE('',#4345,0.00521775813927782,0.00165);
#357=ELLIPSE('',#4346,0.0158113883008419,0.005);
#358=ELLIPSE('',#4348,0.0161276160668587,0.0051);
#359=ELLIPSE('',#4387,0.00721248916810278,0.0051);
#360=ELLIPSE('',#4399,0.00721248916810278,0.0051);
#361=ELLIPSE('',#4401,0.0161276160668587,0.0051);
#362=ELLIPSE('',#4409,0.0158113883008419,0.005);
#363=ELLIPSE('',#4410,0.00521775813927782,0.00165);
#364=ORIENTED_EDGE('',*,*,#1614,.F.);
#365=ORIENTED_EDGE('',*,*,#1615,.T.);
#366=ORIENTED_EDGE('',*,*,#1616,.F.);
#367=ORIENTED_EDGE('',*,*,#1617,.T.);
#368=ORIENTED_EDGE('',*,*,#1618,.T.);
#369=ORIENTED_EDGE('',*,*,#1619,.F.);
#370=ORIENTED_EDGE('',*,*,#1620,.F.);
#371=ORIENTED_EDGE('',*,*,#1621,.T.);
#372=ORIENTED_EDGE('',*,*,#1622,.F.);
#373=ORIENTED_EDGE('',*,*,#1623,.F.);
#374=ORIENTED_EDGE('',*,*,#1624,.T.);
#375=ORIENTED_EDGE('',*,*,#1625,.F.);
#376=ORIENTED_EDGE('',*,*,#1626,.T.);
#377=ORIENTED_EDGE('',*,*,#1627,.F.);
#378=ORIENTED_EDGE('',*,*,#1628,.F.);
#379=ORIENTED_EDGE('',*,*,#1629,.T.);
#380=ORIENTED_EDGE('',*,*,#1630,.T.);
#381=ORIENTED_EDGE('',*,*,#1631,.T.);
#382=ORIENTED_EDGE('',*,*,#1632,.T.);
#383=ORIENTED_EDGE('',*,*,#1633,.T.);
#384=ORIENTED_EDGE('',*,*,#1634,.T.);
#385=ORIENTED_EDGE('',*,*,#1635,.T.);
#386=ORIENTED_EDGE('',*,*,#1636,.T.);
#387=ORIENTED_EDGE('',*,*,#1637,.T.);
#388=ORIENTED_EDGE('',*,*,#1638,.T.);
#389=ORIENTED_EDGE('',*,*,#1639,.T.);
#390=ORIENTED_EDGE('',*,*,#1640,.T.);
#391=ORIENTED_EDGE('',*,*,#1641,.T.);
#392=ORIENTED_EDGE('',*,*,#1642,.T.);
#393=ORIENTED_EDGE('',*,*,#1643,.T.);
#394=ORIENTED_EDGE('',*,*,#1644,.T.);
#395=ORIENTED_EDGE('',*,*,#1645,.T.);
#396=ORIENTED_EDGE('',*,*,#1646,.T.);
#397=ORIENTED_EDGE('',*,*,#1647,.T.);
#398=ORIENTED_EDGE('',*,*,#1648,.T.);
#399=ORIENTED_EDGE('',*,*,#1649,.T.);
#400=ORIENTED_EDGE('',*,*,#1650,.T.);
#401=ORIENTED_EDGE('',*,*,#1651,.T.);
#402=ORIENTED_EDGE('',*,*,#1652,.T.);
#403=ORIENTED_EDGE('',*,*,#1653,.T.);
#404=ORIENTED_EDGE('',*,*,#1654,.T.);
#405=ORIENTED_EDGE('',*,*,#1655,.T.);
#406=ORIENTED_EDGE('',*,*,#1656,.T.);
#407=ORIENTED_EDGE('',*,*,#1657,.T.);
#408=ORIENTED_EDGE('',*,*,#1658,.T.);
#409=ORIENTED_EDGE('',*,*,#1659,.T.);
#410=ORIENTED_EDGE('',*,*,#1660,.T.);
#411=ORIENTED_EDGE('',*,*,#1661,.T.);
#412=ORIENTED_EDGE('',*,*,#1662,.T.);
#413=ORIENTED_EDGE('',*,*,#1663,.T.);
#414=ORIENTED_EDGE('',*,*,#1664,.T.);
#415=ORIENTED_EDGE('',*,*,#1665,.T.);
#416=ORIENTED_EDGE('',*,*,#1666,.T.);
#417=ORIENTED_EDGE('',*,*,#1667,.T.);
#418=ORIENTED_EDGE('',*,*,#1668,.T.);
#419=ORIENTED_EDGE('',*,*,#1669,.T.);
#420=ORIENTED_EDGE('',*,*,#1670,.T.);
#421=ORIENTED_EDGE('',*,*,#1671,.T.);
#422=ORIENTED_EDGE('',*,*,#1672,.T.);
#423=ORIENTED_EDGE('',*,*,#1673,.T.);
#424=ORIENTED_EDGE('',*,*,#1674,.T.);
#425=ORIENTED_EDGE('',*,*,#1675,.T.);
#426=ORIENTED_EDGE('',*,*,#1676,.T.);
#427=ORIENTED_EDGE('',*,*,#1677,.T.);
#428=ORIENTED_EDGE('',*,*,#1678,.T.);
#429=ORIENTED_EDGE('',*,*,#1679,.T.);
#430=ORIENTED_EDGE('',*,*,#1680,.T.);
#431=ORIENTED_EDGE('',*,*,#1681,.T.);
#432=ORIENTED_EDGE('',*,*,#1682,.T.);
#433=ORIENTED_EDGE('',*,*,#1683,.T.);
#434=ORIENTED_EDGE('',*,*,#1684,.T.);
#435=ORIENTED_EDGE('',*,*,#1685,.T.);
#436=ORIENTED_EDGE('',*,*,#1686,.T.);
#437=ORIENTED_EDGE('',*,*,#1687,.T.);
#438=ORIENTED_EDGE('',*,*,#1688,.T.);
#439=ORIENTED_EDGE('',*,*,#1689,.T.);
#440=ORIENTED_EDGE('',*,*,#1690,.T.);
#441=ORIENTED_EDGE('',*,*,#1691,.T.);
#442=ORIENTED_EDGE('',*,*,#1692,.T.);
#443=ORIENTED_EDGE('',*,*,#1693,.T.);
#444=ORIENTED_EDGE('',*,*,#1694,.T.);
#445=ORIENTED_EDGE('',*,*,#1695,.T.);
#446=ORIENTED_EDGE('',*,*,#1696,.T.);
#447=ORIENTED_EDGE('',*,*,#1697,.T.);
#448=ORIENTED_EDGE('',*,*,#1698,.T.);
#449=ORIENTED_EDGE('',*,*,#1699,.T.);
#450=ORIENTED_EDGE('',*,*,#1700,.T.);
#451=ORIENTED_EDGE('',*,*,#1701,.T.);
#452=ORIENTED_EDGE('',*,*,#1702,.T.);
#453=ORIENTED_EDGE('',*,*,#1703,.T.);
#454=ORIENTED_EDGE('',*,*,#1704,.T.);
#455=ORIENTED_EDGE('',*,*,#1705,.T.);
#456=ORIENTED_EDGE('',*,*,#1706,.T.);
#457=ORIENTED_EDGE('',*,*,#1707,.T.);
#458=ORIENTED_EDGE('',*,*,#1708,.T.);
#459=ORIENTED_EDGE('',*,*,#1709,.T.);
#460=ORIENTED_EDGE('',*,*,#1710,.T.);
#461=ORIENTED_EDGE('',*,*,#1711,.T.);
#462=ORIENTED_EDGE('',*,*,#1712,.T.);
#463=ORIENTED_EDGE('',*,*,#1713,.T.);
#464=ORIENTED_EDGE('',*,*,#1714,.T.);
#465=ORIENTED_EDGE('',*,*,#1715,.T.);
#466=ORIENTED_EDGE('',*,*,#1716,.T.);
#467=ORIENTED_EDGE('',*,*,#1717,.T.);
#468=ORIENTED_EDGE('',*,*,#1718,.T.);
#469=ORIENTED_EDGE('',*,*,#1719,.T.);
#470=ORIENTED_EDGE('',*,*,#1720,.T.);
#471=ORIENTED_EDGE('',*,*,#1721,.T.);
#472=ORIENTED_EDGE('',*,*,#1722,.T.);
#473=ORIENTED_EDGE('',*,*,#1723,.T.);
#474=ORIENTED_EDGE('',*,*,#1724,.T.);
#475=ORIENTED_EDGE('',*,*,#1725,.T.);
#476=ORIENTED_EDGE('',*,*,#1726,.T.);
#477=ORIENTED_EDGE('',*,*,#1727,.T.);
#478=ORIENTED_EDGE('',*,*,#1728,.T.);
#479=ORIENTED_EDGE('',*,*,#1729,.T.);
#480=ORIENTED_EDGE('',*,*,#1730,.T.);
#481=ORIENTED_EDGE('',*,*,#1731,.T.);
#482=ORIENTED_EDGE('',*,*,#1732,.T.);
#483=ORIENTED_EDGE('',*,*,#1733,.T.);
#484=ORIENTED_EDGE('',*,*,#1734,.T.);
#485=ORIENTED_EDGE('',*,*,#1735,.T.);
#486=ORIENTED_EDGE('',*,*,#1736,.T.);
#487=ORIENTED_EDGE('',*,*,#1737,.T.);
#488=ORIENTED_EDGE('',*,*,#1738,.T.);
#489=ORIENTED_EDGE('',*,*,#1739,.T.);
#490=ORIENTED_EDGE('',*,*,#1740,.T.);
#491=ORIENTED_EDGE('',*,*,#1741,.T.);
#492=ORIENTED_EDGE('',*,*,#1742,.T.);
#493=ORIENTED_EDGE('',*,*,#1743,.T.);
#494=ORIENTED_EDGE('',*,*,#1744,.T.);
#495=ORIENTED_EDGE('',*,*,#1745,.T.);
#496=ORIENTED_EDGE('',*,*,#1746,.T.);
#497=ORIENTED_EDGE('',*,*,#1747,.T.);
#498=ORIENTED_EDGE('',*,*,#1748,.T.);
#499=ORIENTED_EDGE('',*,*,#1749,.T.);
#500=ORIENTED_EDGE('',*,*,#1750,.T.);
#501=ORIENTED_EDGE('',*,*,#1751,.T.);
#502=ORIENTED_EDGE('',*,*,#1752,.T.);
#503=ORIENTED_EDGE('',*,*,#1753,.T.);
#504=ORIENTED_EDGE('',*,*,#1754,.T.);
#505=ORIENTED_EDGE('',*,*,#1755,.T.);
#506=ORIENTED_EDGE('',*,*,#1756,.T.);
#507=ORIENTED_EDGE('',*,*,#1757,.T.);
#508=ORIENTED_EDGE('',*,*,#1758,.T.);
#509=ORIENTED_EDGE('',*,*,#1759,.T.);
#510=ORIENTED_EDGE('',*,*,#1760,.T.);
#511=ORIENTED_EDGE('',*,*,#1761,.T.);
#512=ORIENTED_EDGE('',*,*,#1762,.T.);
#513=ORIENTED_EDGE('',*,*,#1763,.T.);
#514=ORIENTED_EDGE('',*,*,#1764,.T.);
#515=ORIENTED_EDGE('',*,*,#1765,.T.);
#516=ORIENTED_EDGE('',*,*,#1766,.T.);
#517=ORIENTED_EDGE('',*,*,#1767,.T.);
#518=ORIENTED_EDGE('',*,*,#1768,.T.);
#519=ORIENTED_EDGE('',*,*,#1769,.T.);
#520=ORIENTED_EDGE('',*,*,#1770,.T.);
#521=ORIENTED_EDGE('',*,*,#1771,.T.);
#522=ORIENTED_EDGE('',*,*,#1772,.T.);
#523=ORIENTED_EDGE('',*,*,#1773,.T.);
#524=ORIENTED_EDGE('',*,*,#1774,.T.);
#525=ORIENTED_EDGE('',*,*,#1775,.T.);
#526=ORIENTED_EDGE('',*,*,#1776,.T.);
#527=ORIENTED_EDGE('',*,*,#1777,.T.);
#528=ORIENTED_EDGE('',*,*,#1778,.T.);
#529=ORIENTED_EDGE('',*,*,#1779,.T.);
#530=ORIENTED_EDGE('',*,*,#1780,.T.);
#531=ORIENTED_EDGE('',*,*,#1781,.F.);
#532=ORIENTED_EDGE('',*,*,#1782,.F.);
#533=ORIENTED_EDGE('',*,*,#1783,.F.);
#534=ORIENTED_EDGE('',*,*,#1784,.F.);
#535=ORIENTED_EDGE('',*,*,#1785,.F.);
#536=ORIENTED_EDGE('',*,*,#1786,.F.);
#537=ORIENTED_EDGE('',*,*,#1787,.T.);
#538=ORIENTED_EDGE('',*,*,#1788,.T.);
#539=ORIENTED_EDGE('',*,*,#1789,.F.);
#540=ORIENTED_EDGE('',*,*,#1790,.T.);
#541=ORIENTED_EDGE('',*,*,#1791,.T.);
#542=ORIENTED_EDGE('',*,*,#1792,.F.);
#543=ORIENTED_EDGE('',*,*,#1793,.F.);
#544=ORIENTED_EDGE('',*,*,#1794,.T.);
#545=ORIENTED_EDGE('',*,*,#1795,.T.);
#546=ORIENTED_EDGE('',*,*,#1623,.T.);
#547=ORIENTED_EDGE('',*,*,#1796,.T.);
#548=ORIENTED_EDGE('',*,*,#1797,.F.);
#549=ORIENTED_EDGE('',*,*,#1798,.T.);
#550=ORIENTED_EDGE('',*,*,#1799,.T.);
#551=ORIENTED_EDGE('',*,*,#1800,.T.);
#552=ORIENTED_EDGE('',*,*,#1627,.T.);
#553=ORIENTED_EDGE('',*,*,#1801,.T.);
#554=ORIENTED_EDGE('',*,*,#1802,.T.);
#555=ORIENTED_EDGE('',*,*,#1803,.T.);
#556=ORIENTED_EDGE('',*,*,#1804,.T.);
#557=ORIENTED_EDGE('',*,*,#1805,.T.);
#558=ORIENTED_EDGE('',*,*,#1619,.T.);
#559=ORIENTED_EDGE('',*,*,#1806,.T.);
#560=ORIENTED_EDGE('',*,*,#1807,.T.);
#561=ORIENTED_EDGE('',*,*,#1808,.F.);
#562=ORIENTED_EDGE('',*,*,#1809,.T.);
#563=ORIENTED_EDGE('',*,*,#1810,.T.);
#564=ORIENTED_EDGE('',*,*,#1811,.F.);
#565=ORIENTED_EDGE('',*,*,#1812,.F.);
#566=ORIENTED_EDGE('',*,*,#1813,.F.);
#567=ORIENTED_EDGE('',*,*,#1814,.T.);
#568=ORIENTED_EDGE('',*,*,#1815,.F.);
#569=ORIENTED_EDGE('',*,*,#1816,.T.);
#570=ORIENTED_EDGE('',*,*,#1616,.T.);
#571=ORIENTED_EDGE('',*,*,#1817,.T.);
#572=ORIENTED_EDGE('',*,*,#1614,.T.);
#573=ORIENTED_EDGE('',*,*,#1805,.F.);
#574=ORIENTED_EDGE('',*,*,#1818,.F.);
#575=ORIENTED_EDGE('',*,*,#1819,.T.);
#576=ORIENTED_EDGE('',*,*,#1820,.T.);
#577=ORIENTED_EDGE('',*,*,#1821,.T.);
#578=ORIENTED_EDGE('',*,*,#1822,.F.);
#579=ORIENTED_EDGE('',*,*,#1823,.T.);
#580=ORIENTED_EDGE('',*,*,#1824,.T.);
#581=ORIENTED_EDGE('',*,*,#1825,.T.);
#582=ORIENTED_EDGE('',*,*,#1826,.T.);
#583=ORIENTED_EDGE('',*,*,#1827,.T.);
#584=ORIENTED_EDGE('',*,*,#1828,.F.);
#585=ORIENTED_EDGE('',*,*,#1829,.F.);
#586=ORIENTED_EDGE('',*,*,#1830,.F.);
#587=ORIENTED_EDGE('',*,*,#1831,.T.);
#588=ORIENTED_EDGE('',*,*,#1832,.T.);
#589=ORIENTED_EDGE('',*,*,#1833,.T.);
#590=ORIENTED_EDGE('',*,*,#1834,.F.);
#591=ORIENTED_EDGE('',*,*,#1835,.T.);
#592=ORIENTED_EDGE('',*,*,#1836,.T.);
#593=ORIENTED_EDGE('',*,*,#1837,.F.);
#594=ORIENTED_EDGE('',*,*,#1838,.F.);
#595=ORIENTED_EDGE('',*,*,#1839,.F.);
#596=ORIENTED_EDGE('',*,*,#1840,.T.);
#597=ORIENTED_EDGE('',*,*,#1841,.F.);
#598=ORIENTED_EDGE('',*,*,#1842,.T.);
#599=ORIENTED_EDGE('',*,*,#1843,.F.);
#600=ORIENTED_EDGE('',*,*,#1625,.T.);
#601=ORIENTED_EDGE('',*,*,#1844,.T.);
#602=ORIENTED_EDGE('',*,*,#1845,.T.);
#603=ORIENTED_EDGE('',*,*,#1846,.F.);
#604=ORIENTED_EDGE('',*,*,#1837,.T.);
#605=ORIENTED_EDGE('',*,*,#1847,.T.);
#606=ORIENTED_EDGE('',*,*,#1848,.F.);
#607=ORIENTED_EDGE('',*,*,#1845,.F.);
#608=ORIENTED_EDGE('',*,*,#1838,.T.);
#609=ORIENTED_EDGE('',*,*,#1846,.T.);
#610=ORIENTED_EDGE('',*,*,#1849,.T.);
#611=ORIENTED_EDGE('',*,*,#1843,.T.);
#612=ORIENTED_EDGE('',*,*,#1841,.T.);
#613=ORIENTED_EDGE('',*,*,#1834,.T.);
#614=ORIENTED_EDGE('',*,*,#1850,.T.);
#615=ORIENTED_EDGE('',*,*,#1851,.F.);
#616=ORIENTED_EDGE('',*,*,#1852,.T.);
#617=ORIENTED_EDGE('',*,*,#1852,.F.);
#618=ORIENTED_EDGE('',*,*,#1853,.T.);
#619=ORIENTED_EDGE('',*,*,#1854,.T.);
#620=ORIENTED_EDGE('',*,*,#1835,.F.);
#621=ORIENTED_EDGE('',*,*,#1844,.F.);
#622=ORIENTED_EDGE('',*,*,#1624,.F.);
#623=ORIENTED_EDGE('',*,*,#1798,.F.);
#624=ORIENTED_EDGE('',*,*,#1855,.F.);
#625=ORIENTED_EDGE('',*,*,#1856,.T.);
#626=ORIENTED_EDGE('',*,*,#1839,.T.);
#627=ORIENTED_EDGE('',*,*,#1850,.F.);
#628=ORIENTED_EDGE('',*,*,#1856,.F.);
#629=ORIENTED_EDGE('',*,*,#1857,.F.);
#630=ORIENTED_EDGE('',*,*,#1858,.F.);
#631=ORIENTED_EDGE('',*,*,#1859,.T.);
#632=ORIENTED_EDGE('',*,*,#1799,.F.);
#633=ORIENTED_EDGE('',*,*,#1860,.F.);
#634=ORIENTED_EDGE('',*,*,#1857,.T.);
#635=ORIENTED_EDGE('',*,*,#1855,.T.);
#636=ORIENTED_EDGE('',*,*,#1797,.T.);
#637=ORIENTED_EDGE('',*,*,#1860,.T.);
#638=ORIENTED_EDGE('',*,*,#1808,.T.);
#639=ORIENTED_EDGE('',*,*,#1861,.F.);
#640=ORIENTED_EDGE('',*,*,#1853,.F.);
#641=ORIENTED_EDGE('',*,*,#1851,.T.);
#642=ORIENTED_EDGE('',*,*,#1801,.F.);
#643=ORIENTED_EDGE('',*,*,#1626,.F.);
#644=ORIENTED_EDGE('',*,*,#1849,.F.);
#645=ORIENTED_EDGE('',*,*,#1848,.T.);
#646=ORIENTED_EDGE('',*,*,#1862,.T.);
#647=ORIENTED_EDGE('',*,*,#1863,.F.);
#648=ORIENTED_EDGE('',*,*,#1864,.T.);
#649=ORIENTED_EDGE('',*,*,#1865,.T.);
#650=ORIENTED_EDGE('',*,*,#1802,.F.);
#651=ORIENTED_EDGE('',*,*,#1862,.F.);
#652=ORIENTED_EDGE('',*,*,#1847,.F.);
#653=ORIENTED_EDGE('',*,*,#1836,.F.);
#654=ORIENTED_EDGE('',*,*,#1854,.F.);
#655=ORIENTED_EDGE('',*,*,#1861,.T.);
#656=ORIENTED_EDGE('',*,*,#1807,.F.);
#657=ORIENTED_EDGE('',*,*,#1842,.F.);
#658=ORIENTED_EDGE('',*,*,#1840,.F.);
#659=ORIENTED_EDGE('',*,*,#1803,.F.);
#660=ORIENTED_EDGE('',*,*,#1865,.F.);
#661=ORIENTED_EDGE('',*,*,#1866,.T.);
#662=ORIENTED_EDGE('',*,*,#1867,.T.);
#663=ORIENTED_EDGE('',*,*,#1806,.F.);
#664=ORIENTED_EDGE('',*,*,#1618,.F.);
#665=ORIENTED_EDGE('',*,*,#1868,.T.);
#666=ORIENTED_EDGE('',*,*,#1863,.T.);
#667=ORIENTED_EDGE('',*,*,#1869,.F.);
#668=ORIENTED_EDGE('',*,*,#1870,.F.);
#669=ORIENTED_EDGE('',*,*,#1815,.T.);
#670=ORIENTED_EDGE('',*,*,#1871,.T.);
#671=ORIENTED_EDGE('',*,*,#1813,.T.);
#672=ORIENTED_EDGE('',*,*,#1804,.F.);
#673=ORIENTED_EDGE('',*,*,#1867,.F.);
#674=ORIENTED_EDGE('',*,*,#1872,.T.);
#675=ORIENTED_EDGE('',*,*,#1866,.F.);
#676=ORIENTED_EDGE('',*,*,#1864,.F.);
#677=ORIENTED_EDGE('',*,*,#1868,.F.);
#678=ORIENTED_EDGE('',*,*,#1617,.F.);
#679=ORIENTED_EDGE('',*,*,#1816,.F.);
#680=ORIENTED_EDGE('',*,*,#1872,.F.);
#681=ORIENTED_EDGE('',*,*,#1873,.T.);
#682=ORIENTED_EDGE('',*,*,#1874,.F.);
#683=ORIENTED_EDGE('',*,*,#1875,.F.);
#684=ORIENTED_EDGE('',*,*,#1819,.F.);
#685=ORIENTED_EDGE('',*,*,#1875,.T.);
#686=ORIENTED_EDGE('',*,*,#1876,.F.);
#687=ORIENTED_EDGE('',*,*,#1877,.T.);
#688=ORIENTED_EDGE('',*,*,#1878,.F.);
#689=ORIENTED_EDGE('',*,*,#1820,.F.);
#690=ORIENTED_EDGE('',*,*,#1878,.T.);
#691=ORIENTED_EDGE('',*,*,#1790,.F.);
#692=ORIENTED_EDGE('',*,*,#1879,.F.);
#693=ORIENTED_EDGE('',*,*,#1821,.F.);
#694=ORIENTED_EDGE('',*,*,#1822,.T.);
#695=ORIENTED_EDGE('',*,*,#1879,.T.);
#696=ORIENTED_EDGE('',*,*,#1880,.F.);
#697=ORIENTED_EDGE('',*,*,#1881,.T.);
#698=ORIENTED_EDGE('',*,*,#1882,.F.);
#699=ORIENTED_EDGE('',*,*,#1882,.T.);
#700=ORIENTED_EDGE('',*,*,#1883,.F.);
#701=ORIENTED_EDGE('',*,*,#1884,.F.);
#702=ORIENTED_EDGE('',*,*,#1823,.F.);
#703=ORIENTED_EDGE('',*,*,#1884,.T.);
#704=ORIENTED_EDGE('',*,*,#1885,.F.);
#705=ORIENTED_EDGE('',*,*,#1886,.T.);
#706=ORIENTED_EDGE('',*,*,#1830,.T.);
#707=ORIENTED_EDGE('',*,*,#1887,.F.);
#708=ORIENTED_EDGE('',*,*,#1824,.F.);
#709=ORIENTED_EDGE('',*,*,#1887,.T.);
#710=ORIENTED_EDGE('',*,*,#1833,.F.);
#711=ORIENTED_EDGE('',*,*,#1888,.F.);
#712=ORIENTED_EDGE('',*,*,#1825,.F.);
#713=ORIENTED_EDGE('',*,*,#1818,.T.);
#714=ORIENTED_EDGE('',*,*,#1888,.T.);
#715=ORIENTED_EDGE('',*,*,#1832,.F.);
#716=ORIENTED_EDGE('',*,*,#1889,.F.);
#717=ORIENTED_EDGE('',*,*,#1890,.T.);
#718=ORIENTED_EDGE('',*,*,#1873,.F.);
#719=ORIENTED_EDGE('',*,*,#1891,.F.);
#720=ORIENTED_EDGE('',*,*,#1785,.T.);
#721=ORIENTED_EDGE('',*,*,#1892,.F.);
#722=ORIENTED_EDGE('',*,*,#1784,.T.);
#723=ORIENTED_EDGE('',*,*,#1893,.F.);
#724=ORIENTED_EDGE('',*,*,#1783,.T.);
#725=ORIENTED_EDGE('',*,*,#1894,.T.);
#726=ORIENTED_EDGE('',*,*,#1895,.T.);
#727=ORIENTED_EDGE('',*,*,#1787,.F.);
#728=ORIENTED_EDGE('',*,*,#1896,.F.);
#729=ORIENTED_EDGE('',*,*,#1897,.F.);
#730=ORIENTED_EDGE('',*,*,#1898,.F.);
#731=ORIENTED_EDGE('',*,*,#1896,.T.);
#732=ORIENTED_EDGE('',*,*,#1786,.T.);
#733=ORIENTED_EDGE('',*,*,#1899,.F.);
#734=ORIENTED_EDGE('',*,*,#1900,.F.);
#735=ORIENTED_EDGE('',*,*,#1897,.T.);
#736=ORIENTED_EDGE('',*,*,#1789,.T.);
#737=ORIENTED_EDGE('',*,*,#1901,.T.);
#738=ORIENTED_EDGE('',*,*,#1899,.T.);
#739=ORIENTED_EDGE('',*,*,#1788,.F.);
#740=ORIENTED_EDGE('',*,*,#1895,.F.);
#741=ORIENTED_EDGE('',*,*,#1902,.F.);
#742=ORIENTED_EDGE('',*,*,#1782,.T.);
#743=ORIENTED_EDGE('',*,*,#1903,.F.);
#744=ORIENTED_EDGE('',*,*,#1781,.T.);
#745=ORIENTED_EDGE('',*,*,#1904,.T.);
#746=ORIENTED_EDGE('',*,*,#1905,.F.);
#747=ORIENTED_EDGE('',*,*,#1906,.F.);
#748=ORIENTED_EDGE('',*,*,#1810,.F.);
#749=ORIENTED_EDGE('',*,*,#1811,.T.);
#750=ORIENTED_EDGE('',*,*,#1906,.T.);
#751=ORIENTED_EDGE('',*,*,#1907,.T.);
#752=ORIENTED_EDGE('',*,*,#1908,.F.);
#753=ORIENTED_EDGE('',*,*,#1812,.T.);
#754=ORIENTED_EDGE('',*,*,#1908,.T.);
#755=ORIENTED_EDGE('',*,*,#1909,.T.);
#756=ORIENTED_EDGE('',*,*,#1910,.F.);
#757=ORIENTED_EDGE('',*,*,#1910,.T.);
#758=ORIENTED_EDGE('',*,*,#1911,.F.);
#759=ORIENTED_EDGE('',*,*,#1904,.F.);
#760=ORIENTED_EDGE('',*,*,#1809,.F.);
#761=ORIENTED_EDGE('',*,*,#1893,.T.);
#762=ORIENTED_EDGE('',*,*,#1891,.T.);
#763=ORIENTED_EDGE('',*,*,#1892,.T.);
#764=ORIENTED_EDGE('',*,*,#1902,.T.);
#765=ORIENTED_EDGE('',*,*,#1903,.T.);
#766=ORIENTED_EDGE('',*,*,#1905,.T.);
#767=ORIENTED_EDGE('',*,*,#1911,.T.);
#768=ORIENTED_EDGE('',*,*,#1909,.F.);
#769=ORIENTED_EDGE('',*,*,#1907,.F.);
#770=ORIENTED_EDGE('',*,*,#1912,.T.);
#771=ORIENTED_EDGE('',*,*,#1913,.F.);
#772=ORIENTED_EDGE('',*,*,#1914,.F.);
#773=ORIENTED_EDGE('',*,*,#1827,.F.);
#774=ORIENTED_EDGE('',*,*,#1828,.T.);
#775=ORIENTED_EDGE('',*,*,#1914,.T.);
#776=ORIENTED_EDGE('',*,*,#1915,.T.);
#777=ORIENTED_EDGE('',*,*,#1916,.F.);
#778=ORIENTED_EDGE('',*,*,#1829,.T.);
#779=ORIENTED_EDGE('',*,*,#1916,.T.);
#780=ORIENTED_EDGE('',*,*,#1917,.T.);
#781=ORIENTED_EDGE('',*,*,#1918,.F.);
#782=ORIENTED_EDGE('',*,*,#1918,.T.);
#783=ORIENTED_EDGE('',*,*,#1919,.F.);
#784=ORIENTED_EDGE('',*,*,#1912,.F.);
#785=ORIENTED_EDGE('',*,*,#1826,.F.);
#786=ORIENTED_EDGE('',*,*,#1898,.T.);
#787=ORIENTED_EDGE('',*,*,#1900,.T.);
#788=ORIENTED_EDGE('',*,*,#1901,.F.);
#789=ORIENTED_EDGE('',*,*,#1894,.F.);
#790=ORIENTED_EDGE('',*,*,#1913,.T.);
#791=ORIENTED_EDGE('',*,*,#1919,.T.);
#792=ORIENTED_EDGE('',*,*,#1917,.F.);
#793=ORIENTED_EDGE('',*,*,#1915,.F.);
#794=ORIENTED_EDGE('',*,*,#1831,.F.);
#795=ORIENTED_EDGE('',*,*,#1886,.F.);
#796=ORIENTED_EDGE('',*,*,#1920,.T.);
#797=ORIENTED_EDGE('',*,*,#1889,.T.);
#798=ORIENTED_EDGE('',*,*,#1795,.F.);
#799=ORIENTED_EDGE('',*,*,#1921,.F.);
#800=ORIENTED_EDGE('',*,*,#1922,.T.);
#801=ORIENTED_EDGE('',*,*,#1880,.T.);
#802=ORIENTED_EDGE('',*,*,#1794,.F.);
#803=ORIENTED_EDGE('',*,*,#1923,.F.);
#804=ORIENTED_EDGE('',*,*,#1924,.T.);
#805=ORIENTED_EDGE('',*,*,#1921,.T.);
#806=ORIENTED_EDGE('',*,*,#1793,.T.);
#807=ORIENTED_EDGE('',*,*,#1925,.F.);
#808=ORIENTED_EDGE('',*,*,#1926,.F.);
#809=ORIENTED_EDGE('',*,*,#1923,.T.);
#810=ORIENTED_EDGE('',*,*,#1792,.T.);
#811=ORIENTED_EDGE('',*,*,#1927,.F.);
#812=ORIENTED_EDGE('',*,*,#1928,.F.);
#813=ORIENTED_EDGE('',*,*,#1925,.T.);
#814=ORIENTED_EDGE('',*,*,#1791,.F.);
#815=ORIENTED_EDGE('',*,*,#1877,.F.);
#816=ORIENTED_EDGE('',*,*,#1929,.T.);
#817=ORIENTED_EDGE('',*,*,#1927,.T.);
#818=ORIENTED_EDGE('',*,*,#1876,.T.);
#819=ORIENTED_EDGE('',*,*,#1874,.T.);
#820=ORIENTED_EDGE('',*,*,#1890,.F.);
#821=ORIENTED_EDGE('',*,*,#1920,.F.);
#822=ORIENTED_EDGE('',*,*,#1885,.T.);
#823=ORIENTED_EDGE('',*,*,#1883,.T.);
#824=ORIENTED_EDGE('',*,*,#1881,.F.);
#825=ORIENTED_EDGE('',*,*,#1922,.F.);
#826=ORIENTED_EDGE('',*,*,#1924,.F.);
#827=ORIENTED_EDGE('',*,*,#1926,.T.);
#828=ORIENTED_EDGE('',*,*,#1928,.T.);
#829=ORIENTED_EDGE('',*,*,#1929,.F.);
#830=ORIENTED_EDGE('',*,*,#1770,.F.);
#831=ORIENTED_EDGE('',*,*,#1930,.F.);
#832=ORIENTED_EDGE('',*,*,#1931,.T.);
#833=ORIENTED_EDGE('',*,*,#1932,.T.);
#834=ORIENTED_EDGE('',*,*,#1780,.F.);
#835=ORIENTED_EDGE('',*,*,#1933,.F.);
#836=ORIENTED_EDGE('',*,*,#1934,.T.);
#837=ORIENTED_EDGE('',*,*,#1930,.T.);
#838=ORIENTED_EDGE('',*,*,#1779,.F.);
#839=ORIENTED_EDGE('',*,*,#1935,.F.);
#840=ORIENTED_EDGE('',*,*,#1936,.T.);
#841=ORIENTED_EDGE('',*,*,#1933,.T.);
#842=ORIENTED_EDGE('',*,*,#1778,.F.);
#843=ORIENTED_EDGE('',*,*,#1937,.F.);
#844=ORIENTED_EDGE('',*,*,#1938,.T.);
#845=ORIENTED_EDGE('',*,*,#1935,.T.);
#846=ORIENTED_EDGE('',*,*,#1777,.F.);
#847=ORIENTED_EDGE('',*,*,#1939,.F.);
#848=ORIENTED_EDGE('',*,*,#1940,.T.);
#849=ORIENTED_EDGE('',*,*,#1937,.T.);
#850=ORIENTED_EDGE('',*,*,#1776,.F.);
#851=ORIENTED_EDGE('',*,*,#1941,.F.);
#852=ORIENTED_EDGE('',*,*,#1942,.T.);
#853=ORIENTED_EDGE('',*,*,#1939,.T.);
#854=ORIENTED_EDGE('',*,*,#1775,.F.);
#855=ORIENTED_EDGE('',*,*,#1943,.F.);
#856=ORIENTED_EDGE('',*,*,#1944,.T.);
#857=ORIENTED_EDGE('',*,*,#1941,.T.);
#858=ORIENTED_EDGE('',*,*,#1774,.F.);
#859=ORIENTED_EDGE('',*,*,#1945,.F.);
#860=ORIENTED_EDGE('',*,*,#1946,.T.);
#861=ORIENTED_EDGE('',*,*,#1943,.T.);
#862=ORIENTED_EDGE('',*,*,#1773,.F.);
#863=ORIENTED_EDGE('',*,*,#1947,.F.);
#864=ORIENTED_EDGE('',*,*,#1948,.T.);
#865=ORIENTED_EDGE('',*,*,#1945,.T.);
#866=ORIENTED_EDGE('',*,*,#1772,.F.);
#867=ORIENTED_EDGE('',*,*,#1949,.F.);
#868=ORIENTED_EDGE('',*,*,#1950,.T.);
#869=ORIENTED_EDGE('',*,*,#1947,.T.);
#870=ORIENTED_EDGE('',*,*,#1771,.F.);
#871=ORIENTED_EDGE('',*,*,#1932,.F.);
#872=ORIENTED_EDGE('',*,*,#1951,.T.);
#873=ORIENTED_EDGE('',*,*,#1949,.T.);
#874=ORIENTED_EDGE('',*,*,#1931,.F.);
#875=ORIENTED_EDGE('',*,*,#1934,.F.);
#876=ORIENTED_EDGE('',*,*,#1936,.F.);
#877=ORIENTED_EDGE('',*,*,#1938,.F.);
#878=ORIENTED_EDGE('',*,*,#1940,.F.);
#879=ORIENTED_EDGE('',*,*,#1942,.F.);
#880=ORIENTED_EDGE('',*,*,#1944,.F.);
#881=ORIENTED_EDGE('',*,*,#1946,.F.);
#882=ORIENTED_EDGE('',*,*,#1948,.F.);
#883=ORIENTED_EDGE('',*,*,#1950,.F.);
#884=ORIENTED_EDGE('',*,*,#1951,.F.);
#885=ORIENTED_EDGE('',*,*,#1756,.F.);
#886=ORIENTED_EDGE('',*,*,#1952,.F.);
#887=ORIENTED_EDGE('',*,*,#1953,.T.);
#888=ORIENTED_EDGE('',*,*,#1954,.T.);
#889=ORIENTED_EDGE('',*,*,#1769,.F.);
#890=ORIENTED_EDGE('',*,*,#1955,.F.);
#891=ORIENTED_EDGE('',*,*,#1956,.T.);
#892=ORIENTED_EDGE('',*,*,#1952,.T.);
#893=ORIENTED_EDGE('',*,*,#1768,.F.);
#894=ORIENTED_EDGE('',*,*,#1957,.F.);
#895=ORIENTED_EDGE('',*,*,#1958,.T.);
#896=ORIENTED_EDGE('',*,*,#1955,.T.);
#897=ORIENTED_EDGE('',*,*,#1767,.F.);
#898=ORIENTED_EDGE('',*,*,#1959,.F.);
#899=ORIENTED_EDGE('',*,*,#1960,.T.);
#900=ORIENTED_EDGE('',*,*,#1957,.T.);
#901=ORIENTED_EDGE('',*,*,#1766,.F.);
#902=ORIENTED_EDGE('',*,*,#1961,.F.);
#903=ORIENTED_EDGE('',*,*,#1962,.T.);
#904=ORIENTED_EDGE('',*,*,#1959,.T.);
#905=ORIENTED_EDGE('',*,*,#1765,.F.);
#906=ORIENTED_EDGE('',*,*,#1963,.F.);
#907=ORIENTED_EDGE('',*,*,#1964,.T.);
#908=ORIENTED_EDGE('',*,*,#1961,.T.);
#909=ORIENTED_EDGE('',*,*,#1764,.F.);
#910=ORIENTED_EDGE('',*,*,#1965,.F.);
#911=ORIENTED_EDGE('',*,*,#1966,.T.);
#912=ORIENTED_EDGE('',*,*,#1963,.T.);
#913=ORIENTED_EDGE('',*,*,#1763,.F.);
#914=ORIENTED_EDGE('',*,*,#1967,.F.);
#915=ORIENTED_EDGE('',*,*,#1968,.T.);
#916=ORIENTED_EDGE('',*,*,#1965,.T.);
#917=ORIENTED_EDGE('',*,*,#1762,.F.);
#918=ORIENTED_EDGE('',*,*,#1969,.F.);
#919=ORIENTED_EDGE('',*,*,#1970,.T.);
#920=ORIENTED_EDGE('',*,*,#1967,.T.);
#921=ORIENTED_EDGE('',*,*,#1761,.F.);
#922=ORIENTED_EDGE('',*,*,#1971,.F.);
#923=ORIENTED_EDGE('',*,*,#1972,.T.);
#924=ORIENTED_EDGE('',*,*,#1969,.T.);
#925=ORIENTED_EDGE('',*,*,#1760,.F.);
#926=ORIENTED_EDGE('',*,*,#1973,.F.);
#927=ORIENTED_EDGE('',*,*,#1974,.T.);
#928=ORIENTED_EDGE('',*,*,#1971,.T.);
#929=ORIENTED_EDGE('',*,*,#1759,.F.);
#930=ORIENTED_EDGE('',*,*,#1975,.F.);
#931=ORIENTED_EDGE('',*,*,#1976,.T.);
#932=ORIENTED_EDGE('',*,*,#1973,.T.);
#933=ORIENTED_EDGE('',*,*,#1758,.F.);
#934=ORIENTED_EDGE('',*,*,#1977,.F.);
#935=ORIENTED_EDGE('',*,*,#1978,.T.);
#936=ORIENTED_EDGE('',*,*,#1975,.T.);
#937=ORIENTED_EDGE('',*,*,#1757,.F.);
#938=ORIENTED_EDGE('',*,*,#1954,.F.);
#939=ORIENTED_EDGE('',*,*,#1979,.T.);
#940=ORIENTED_EDGE('',*,*,#1977,.T.);
#941=ORIENTED_EDGE('',*,*,#1953,.F.);
#942=ORIENTED_EDGE('',*,*,#1956,.F.);
#943=ORIENTED_EDGE('',*,*,#1958,.F.);
#944=ORIENTED_EDGE('',*,*,#1960,.F.);
#945=ORIENTED_EDGE('',*,*,#1962,.F.);
#946=ORIENTED_EDGE('',*,*,#1964,.F.);
#947=ORIENTED_EDGE('',*,*,#1966,.F.);
#948=ORIENTED_EDGE('',*,*,#1968,.F.);
#949=ORIENTED_EDGE('',*,*,#1970,.F.);
#950=ORIENTED_EDGE('',*,*,#1972,.F.);
#951=ORIENTED_EDGE('',*,*,#1974,.F.);
#952=ORIENTED_EDGE('',*,*,#1976,.F.);
#953=ORIENTED_EDGE('',*,*,#1978,.F.);
#954=ORIENTED_EDGE('',*,*,#1979,.F.);
#955=ORIENTED_EDGE('',*,*,#1744,.F.);
#956=ORIENTED_EDGE('',*,*,#1980,.F.);
#957=ORIENTED_EDGE('',*,*,#1981,.T.);
#958=ORIENTED_EDGE('',*,*,#1982,.T.);
#959=ORIENTED_EDGE('',*,*,#1755,.F.);
#960=ORIENTED_EDGE('',*,*,#1983,.F.);
#961=ORIENTED_EDGE('',*,*,#1984,.T.);
#962=ORIENTED_EDGE('',*,*,#1980,.T.);
#963=ORIENTED_EDGE('',*,*,#1754,.F.);
#964=ORIENTED_EDGE('',*,*,#1985,.F.);
#965=ORIENTED_EDGE('',*,*,#1986,.T.);
#966=ORIENTED_EDGE('',*,*,#1983,.T.);
#967=ORIENTED_EDGE('',*,*,#1753,.F.);
#968=ORIENTED_EDGE('',*,*,#1987,.F.);
#969=ORIENTED_EDGE('',*,*,#1988,.T.);
#970=ORIENTED_EDGE('',*,*,#1985,.T.);
#971=ORIENTED_EDGE('',*,*,#1752,.F.);
#972=ORIENTED_EDGE('',*,*,#1989,.F.);
#973=ORIENTED_EDGE('',*,*,#1990,.T.);
#974=ORIENTED_EDGE('',*,*,#1987,.T.);
#975=ORIENTED_EDGE('',*,*,#1751,.F.);
#976=ORIENTED_EDGE('',*,*,#1991,.F.);
#977=ORIENTED_EDGE('',*,*,#1992,.T.);
#978=ORIENTED_EDGE('',*,*,#1989,.T.);
#979=ORIENTED_EDGE('',*,*,#1750,.F.);
#980=ORIENTED_EDGE('',*,*,#1993,.F.);
#981=ORIENTED_EDGE('',*,*,#1994,.T.);
#982=ORIENTED_EDGE('',*,*,#1991,.T.);
#983=ORIENTED_EDGE('',*,*,#1749,.F.);
#984=ORIENTED_EDGE('',*,*,#1995,.F.);
#985=ORIENTED_EDGE('',*,*,#1996,.T.);
#986=ORIENTED_EDGE('',*,*,#1993,.T.);
#987=ORIENTED_EDGE('',*,*,#1748,.F.);
#988=ORIENTED_EDGE('',*,*,#1997,.F.);
#989=ORIENTED_EDGE('',*,*,#1998,.T.);
#990=ORIENTED_EDGE('',*,*,#1995,.T.);
#991=ORIENTED_EDGE('',*,*,#1747,.F.);
#992=ORIENTED_EDGE('',*,*,#1999,.F.);
#993=ORIENTED_EDGE('',*,*,#2000,.T.);
#994=ORIENTED_EDGE('',*,*,#1997,.T.);
#995=ORIENTED_EDGE('',*,*,#1746,.F.);
#996=ORIENTED_EDGE('',*,*,#2001,.F.);
#997=ORIENTED_EDGE('',*,*,#2002,.T.);
#998=ORIENTED_EDGE('',*,*,#1999,.T.);
#999=ORIENTED_EDGE('',*,*,#1745,.F.);
#1000=ORIENTED_EDGE('',*,*,#1982,.F.);
#1001=ORIENTED_EDGE('',*,*,#2003,.T.);
#1002=ORIENTED_EDGE('',*,*,#2001,.T.);
#1003=ORIENTED_EDGE('',*,*,#1981,.F.);
#1004=ORIENTED_EDGE('',*,*,#1984,.F.);
#1005=ORIENTED_EDGE('',*,*,#1986,.F.);
#1006=ORIENTED_EDGE('',*,*,#1988,.F.);
#1007=ORIENTED_EDGE('',*,*,#1990,.F.);
#1008=ORIENTED_EDGE('',*,*,#1992,.F.);
#1009=ORIENTED_EDGE('',*,*,#1994,.F.);
#1010=ORIENTED_EDGE('',*,*,#1996,.F.);
#1011=ORIENTED_EDGE('',*,*,#1998,.F.);
#1012=ORIENTED_EDGE('',*,*,#2000,.F.);
#1013=ORIENTED_EDGE('',*,*,#2002,.F.);
#1014=ORIENTED_EDGE('',*,*,#2003,.F.);
#1015=ORIENTED_EDGE('',*,*,#1731,.F.);
#1016=ORIENTED_EDGE('',*,*,#2004,.F.);
#1017=ORIENTED_EDGE('',*,*,#2005,.T.);
#1018=ORIENTED_EDGE('',*,*,#2006,.T.);
#1019=ORIENTED_EDGE('',*,*,#1743,.F.);
#1020=ORIENTED_EDGE('',*,*,#2007,.F.);
#1021=ORIENTED_EDGE('',*,*,#2008,.T.);
#1022=ORIENTED_EDGE('',*,*,#2004,.T.);
#1023=ORIENTED_EDGE('',*,*,#1742,.F.);
#1024=ORIENTED_EDGE('',*,*,#2009,.F.);
#1025=ORIENTED_EDGE('',*,*,#2010,.T.);
#1026=ORIENTED_EDGE('',*,*,#2007,.T.);
#1027=ORIENTED_EDGE('',*,*,#1741,.F.);
#1028=ORIENTED_EDGE('',*,*,#2011,.F.);
#1029=ORIENTED_EDGE('',*,*,#2012,.T.);
#1030=ORIENTED_EDGE('',*,*,#2009,.T.);
#1031=ORIENTED_EDGE('',*,*,#1740,.F.);
#1032=ORIENTED_EDGE('',*,*,#2013,.F.);
#1033=ORIENTED_EDGE('',*,*,#2014,.T.);
#1034=ORIENTED_EDGE('',*,*,#2011,.T.);
#1035=ORIENTED_EDGE('',*,*,#1739,.F.);
#1036=ORIENTED_EDGE('',*,*,#2015,.F.);
#1037=ORIENTED_EDGE('',*,*,#2016,.T.);
#1038=ORIENTED_EDGE('',*,*,#2013,.T.);
#1039=ORIENTED_EDGE('',*,*,#1738,.F.);
#1040=ORIENTED_EDGE('',*,*,#2017,.F.);
#1041=ORIENTED_EDGE('',*,*,#2018,.T.);
#1042=ORIENTED_EDGE('',*,*,#2015,.T.);
#1043=ORIENTED_EDGE('',*,*,#1737,.F.);
#1044=ORIENTED_EDGE('',*,*,#2019,.F.);
#1045=ORIENTED_EDGE('',*,*,#2020,.T.);
#1046=ORIENTED_EDGE('',*,*,#2017,.T.);
#1047=ORIENTED_EDGE('',*,*,#1736,.F.);
#1048=ORIENTED_EDGE('',*,*,#2021,.F.);
#1049=ORIENTED_EDGE('',*,*,#2022,.T.);
#1050=ORIENTED_EDGE('',*,*,#2019,.T.);
#1051=ORIENTED_EDGE('',*,*,#1735,.F.);
#1052=ORIENTED_EDGE('',*,*,#2023,.F.);
#1053=ORIENTED_EDGE('',*,*,#2024,.T.);
#1054=ORIENTED_EDGE('',*,*,#2021,.T.);
#1055=ORIENTED_EDGE('',*,*,#1734,.F.);
#1056=ORIENTED_EDGE('',*,*,#2025,.F.);
#1057=ORIENTED_EDGE('',*,*,#2026,.T.);
#1058=ORIENTED_EDGE('',*,*,#2023,.T.);
#1059=ORIENTED_EDGE('',*,*,#1733,.F.);
#1060=ORIENTED_EDGE('',*,*,#2027,.F.);
#1061=ORIENTED_EDGE('',*,*,#2028,.T.);
#1062=ORIENTED_EDGE('',*,*,#2025,.T.);
#1063=ORIENTED_EDGE('',*,*,#1732,.F.);
#1064=ORIENTED_EDGE('',*,*,#2006,.F.);
#1065=ORIENTED_EDGE('',*,*,#2029,.T.);
#1066=ORIENTED_EDGE('',*,*,#2027,.T.);
#1067=ORIENTED_EDGE('',*,*,#2005,.F.);
#1068=ORIENTED_EDGE('',*,*,#2008,.F.);
#1069=ORIENTED_EDGE('',*,*,#2010,.F.);
#1070=ORIENTED_EDGE('',*,*,#2012,.F.);
#1071=ORIENTED_EDGE('',*,*,#2014,.F.);
#1072=ORIENTED_EDGE('',*,*,#2016,.F.);
#1073=ORIENTED_EDGE('',*,*,#2018,.F.);
#1074=ORIENTED_EDGE('',*,*,#2020,.F.);
#1075=ORIENTED_EDGE('',*,*,#2022,.F.);
#1076=ORIENTED_EDGE('',*,*,#2024,.F.);
#1077=ORIENTED_EDGE('',*,*,#2026,.F.);
#1078=ORIENTED_EDGE('',*,*,#2028,.F.);
#1079=ORIENTED_EDGE('',*,*,#2029,.F.);
#1080=ORIENTED_EDGE('',*,*,#1727,.F.);
#1081=ORIENTED_EDGE('',*,*,#2030,.F.);
#1082=ORIENTED_EDGE('',*,*,#2031,.T.);
#1083=ORIENTED_EDGE('',*,*,#2032,.T.);
#1084=ORIENTED_EDGE('',*,*,#1730,.F.);
#1085=ORIENTED_EDGE('',*,*,#2033,.F.);
#1086=ORIENTED_EDGE('',*,*,#2034,.T.);
#1087=ORIENTED_EDGE('',*,*,#2030,.T.);
#1088=ORIENTED_EDGE('',*,*,#1729,.F.);
#1089=ORIENTED_EDGE('',*,*,#2035,.F.);
#1090=ORIENTED_EDGE('',*,*,#2036,.T.);
#1091=ORIENTED_EDGE('',*,*,#2033,.T.);
#1092=ORIENTED_EDGE('',*,*,#1728,.F.);
#1093=ORIENTED_EDGE('',*,*,#2032,.F.);
#1094=ORIENTED_EDGE('',*,*,#2037,.T.);
#1095=ORIENTED_EDGE('',*,*,#2035,.T.);
#1096=ORIENTED_EDGE('',*,*,#2031,.F.);
#1097=ORIENTED_EDGE('',*,*,#2034,.F.);
#1098=ORIENTED_EDGE('',*,*,#2036,.F.);
#1099=ORIENTED_EDGE('',*,*,#2037,.F.);
#1100=ORIENTED_EDGE('',*,*,#1702,.F.);
#1101=ORIENTED_EDGE('',*,*,#2038,.F.);
#1102=ORIENTED_EDGE('',*,*,#2039,.T.);
#1103=ORIENTED_EDGE('',*,*,#2040,.T.);
#1104=ORIENTED_EDGE('',*,*,#1726,.F.);
#1105=ORIENTED_EDGE('',*,*,#2041,.F.);
#1106=ORIENTED_EDGE('',*,*,#2042,.T.);
#1107=ORIENTED_EDGE('',*,*,#2038,.T.);
#1108=ORIENTED_EDGE('',*,*,#1725,.F.);
#1109=ORIENTED_EDGE('',*,*,#2043,.F.);
#1110=ORIENTED_EDGE('',*,*,#2044,.T.);
#1111=ORIENTED_EDGE('',*,*,#2041,.T.);
#1112=ORIENTED_EDGE('',*,*,#1724,.F.);
#1113=ORIENTED_EDGE('',*,*,#2045,.F.);
#1114=ORIENTED_EDGE('',*,*,#2046,.T.);
#1115=ORIENTED_EDGE('',*,*,#2043,.T.);
#1116=ORIENTED_EDGE('',*,*,#1723,.F.);
#1117=ORIENTED_EDGE('',*,*,#2047,.F.);
#1118=ORIENTED_EDGE('',*,*,#2048,.T.);
#1119=ORIENTED_EDGE('',*,*,#2045,.T.);
#1120=ORIENTED_EDGE('',*,*,#1722,.F.);
#1121=ORIENTED_EDGE('',*,*,#2049,.F.);
#1122=ORIENTED_EDGE('',*,*,#2050,.T.);
#1123=ORIENTED_EDGE('',*,*,#2047,.T.);
#1124=ORIENTED_EDGE('',*,*,#1721,.F.);
#1125=ORIENTED_EDGE('',*,*,#2051,.F.);
#1126=ORIENTED_EDGE('',*,*,#2052,.T.);
#1127=ORIENTED_EDGE('',*,*,#2049,.T.);
#1128=ORIENTED_EDGE('',*,*,#1720,.F.);
#1129=ORIENTED_EDGE('',*,*,#2053,.F.);
#1130=ORIENTED_EDGE('',*,*,#2054,.T.);
#1131=ORIENTED_EDGE('',*,*,#2051,.T.);
#1132=ORIENTED_EDGE('',*,*,#1719,.F.);
#1133=ORIENTED_EDGE('',*,*,#2055,.F.);
#1134=ORIENTED_EDGE('',*,*,#2056,.T.);
#1135=ORIENTED_EDGE('',*,*,#2053,.T.);
#1136=ORIENTED_EDGE('',*,*,#1718,.F.);
#1137=ORIENTED_EDGE('',*,*,#2057,.F.);
#1138=ORIENTED_EDGE('',*,*,#2058,.T.);
#1139=ORIENTED_EDGE('',*,*,#2055,.T.);
#1140=ORIENTED_EDGE('',*,*,#1717,.F.);
#1141=ORIENTED_EDGE('',*,*,#2059,.F.);
#1142=ORIENTED_EDGE('',*,*,#2060,.T.);
#1143=ORIENTED_EDGE('',*,*,#2057,.T.);
#1144=ORIENTED_EDGE('',*,*,#1716,.F.);
#1145=ORIENTED_EDGE('',*,*,#2061,.F.);
#1146=ORIENTED_EDGE('',*,*,#2062,.T.);
#1147=ORIENTED_EDGE('',*,*,#2059,.T.);
#1148=ORIENTED_EDGE('',*,*,#1715,.F.);
#1149=ORIENTED_EDGE('',*,*,#2063,.F.);
#1150=ORIENTED_EDGE('',*,*,#2064,.T.);
#1151=ORIENTED_EDGE('',*,*,#2061,.T.);
#1152=ORIENTED_EDGE('',*,*,#1714,.F.);
#1153=ORIENTED_EDGE('',*,*,#2065,.F.);
#1154=ORIENTED_EDGE('',*,*,#2066,.T.);
#1155=ORIENTED_EDGE('',*,*,#2063,.T.);
#1156=ORIENTED_EDGE('',*,*,#1713,.F.);
#1157=ORIENTED_EDGE('',*,*,#2067,.F.);
#1158=ORIENTED_EDGE('',*,*,#2068,.T.);
#1159=ORIENTED_EDGE('',*,*,#2065,.T.);
#1160=ORIENTED_EDGE('',*,*,#1712,.F.);
#1161=ORIENTED_EDGE('',*,*,#2069,.F.);
#1162=ORIENTED_EDGE('',*,*,#2070,.T.);
#1163=ORIENTED_EDGE('',*,*,#2067,.T.);
#1164=ORIENTED_EDGE('',*,*,#1711,.F.);
#1165=ORIENTED_EDGE('',*,*,#2071,.F.);
#1166=ORIENTED_EDGE('',*,*,#2072,.T.);
#1167=ORIENTED_EDGE('',*,*,#2069,.T.);
#1168=ORIENTED_EDGE('',*,*,#1710,.F.);
#1169=ORIENTED_EDGE('',*,*,#2073,.F.);
#1170=ORIENTED_EDGE('',*,*,#2074,.T.);
#1171=ORIENTED_EDGE('',*,*,#2071,.T.);
#1172=ORIENTED_EDGE('',*,*,#1709,.F.);
#1173=ORIENTED_EDGE('',*,*,#2075,.F.);
#1174=ORIENTED_EDGE('',*,*,#2076,.T.);
#1175=ORIENTED_EDGE('',*,*,#2073,.T.);
#1176=ORIENTED_EDGE('',*,*,#1708,.F.);
#1177=ORIENTED_EDGE('',*,*,#2077,.F.);
#1178=ORIENTED_EDGE('',*,*,#2078,.T.);
#1179=ORIENTED_EDGE('',*,*,#2075,.T.);
#1180=ORIENTED_EDGE('',*,*,#1707,.F.);
#1181=ORIENTED_EDGE('',*,*,#2079,.F.);
#1182=ORIENTED_EDGE('',*,*,#2080,.T.);
#1183=ORIENTED_EDGE('',*,*,#2077,.T.);
#1184=ORIENTED_EDGE('',*,*,#1706,.F.);
#1185=ORIENTED_EDGE('',*,*,#2081,.F.);
#1186=ORIENTED_EDGE('',*,*,#2082,.T.);
#1187=ORIENTED_EDGE('',*,*,#2079,.T.);
#1188=ORIENTED_EDGE('',*,*,#1705,.F.);
#1189=ORIENTED_EDGE('',*,*,#2083,.F.);
#1190=ORIENTED_EDGE('',*,*,#2084,.T.);
#1191=ORIENTED_EDGE('',*,*,#2081,.T.);
#1192=ORIENTED_EDGE('',*,*,#1704,.F.);
#1193=ORIENTED_EDGE('',*,*,#2085,.F.);
#1194=ORIENTED_EDGE('',*,*,#2086,.T.);
#1195=ORIENTED_EDGE('',*,*,#2083,.T.);
#1196=ORIENTED_EDGE('',*,*,#1703,.F.);
#1197=ORIENTED_EDGE('',*,*,#2040,.F.);
#1198=ORIENTED_EDGE('',*,*,#2087,.T.);
#1199=ORIENTED_EDGE('',*,*,#2085,.T.);
#1200=ORIENTED_EDGE('',*,*,#2039,.F.);
#1201=ORIENTED_EDGE('',*,*,#2042,.F.);
#1202=ORIENTED_EDGE('',*,*,#2044,.F.);
#1203=ORIENTED_EDGE('',*,*,#2046,.F.);
#1204=ORIENTED_EDGE('',*,*,#2048,.F.);
#1205=ORIENTED_EDGE('',*,*,#2050,.F.);
#1206=ORIENTED_EDGE('',*,*,#2052,.F.);
#1207=ORIENTED_EDGE('',*,*,#2054,.F.);
#1208=ORIENTED_EDGE('',*,*,#2056,.F.);
#1209=ORIENTED_EDGE('',*,*,#2058,.F.);
#1210=ORIENTED_EDGE('',*,*,#2060,.F.);
#1211=ORIENTED_EDGE('',*,*,#2062,.F.);
#1212=ORIENTED_EDGE('',*,*,#2064,.F.);
#1213=ORIENTED_EDGE('',*,*,#2066,.F.);
#1214=ORIENTED_EDGE('',*,*,#2068,.F.);
#1215=ORIENTED_EDGE('',*,*,#2070,.F.);
#1216=ORIENTED_EDGE('',*,*,#2072,.F.);
#1217=ORIENTED_EDGE('',*,*,#2074,.F.);
#1218=ORIENTED_EDGE('',*,*,#2076,.F.);
#1219=ORIENTED_EDGE('',*,*,#2078,.F.);
#1220=ORIENTED_EDGE('',*,*,#2080,.F.);
#1221=ORIENTED_EDGE('',*,*,#2082,.F.);
#1222=ORIENTED_EDGE('',*,*,#2084,.F.);
#1223=ORIENTED_EDGE('',*,*,#2086,.F.);
#1224=ORIENTED_EDGE('',*,*,#2087,.F.);
#1225=ORIENTED_EDGE('',*,*,#1698,.F.);
#1226=ORIENTED_EDGE('',*,*,#2088,.F.);
#1227=ORIENTED_EDGE('',*,*,#2089,.T.);
#1228=ORIENTED_EDGE('',*,*,#2090,.T.);
#1229=ORIENTED_EDGE('',*,*,#1701,.F.);
#1230=ORIENTED_EDGE('',*,*,#2091,.F.);
#1231=ORIENTED_EDGE('',*,*,#2092,.T.);
#1232=ORIENTED_EDGE('',*,*,#2088,.T.);
#1233=ORIENTED_EDGE('',*,*,#1700,.F.);
#1234=ORIENTED_EDGE('',*,*,#2093,.F.);
#1235=ORIENTED_EDGE('',*,*,#2094,.T.);
#1236=ORIENTED_EDGE('',*,*,#2091,.T.);
#1237=ORIENTED_EDGE('',*,*,#1699,.F.);
#1238=ORIENTED_EDGE('',*,*,#2090,.F.);
#1239=ORIENTED_EDGE('',*,*,#2095,.T.);
#1240=ORIENTED_EDGE('',*,*,#2093,.T.);
#1241=ORIENTED_EDGE('',*,*,#2089,.F.);
#1242=ORIENTED_EDGE('',*,*,#2092,.F.);
#1243=ORIENTED_EDGE('',*,*,#2094,.F.);
#1244=ORIENTED_EDGE('',*,*,#2095,.F.);
#1245=ORIENTED_EDGE('',*,*,#1673,.F.);
#1246=ORIENTED_EDGE('',*,*,#2096,.F.);
#1247=ORIENTED_EDGE('',*,*,#2097,.T.);
#1248=ORIENTED_EDGE('',*,*,#2098,.T.);
#1249=ORIENTED_EDGE('',*,*,#1697,.F.);
#1250=ORIENTED_EDGE('',*,*,#2099,.F.);
#1251=ORIENTED_EDGE('',*,*,#2100,.T.);
#1252=ORIENTED_EDGE('',*,*,#2096,.T.);
#1253=ORIENTED_EDGE('',*,*,#1696,.F.);
#1254=ORIENTED_EDGE('',*,*,#2101,.F.);
#1255=ORIENTED_EDGE('',*,*,#2102,.T.);
#1256=ORIENTED_EDGE('',*,*,#2099,.T.);
#1257=ORIENTED_EDGE('',*,*,#1695,.F.);
#1258=ORIENTED_EDGE('',*,*,#2103,.F.);
#1259=ORIENTED_EDGE('',*,*,#2104,.T.);
#1260=ORIENTED_EDGE('',*,*,#2101,.T.);
#1261=ORIENTED_EDGE('',*,*,#1694,.F.);
#1262=ORIENTED_EDGE('',*,*,#2105,.F.);
#1263=ORIENTED_EDGE('',*,*,#2106,.T.);
#1264=ORIENTED_EDGE('',*,*,#2103,.T.);
#1265=ORIENTED_EDGE('',*,*,#1693,.F.);
#1266=ORIENTED_EDGE('',*,*,#2107,.F.);
#1267=ORIENTED_EDGE('',*,*,#2108,.T.);
#1268=ORIENTED_EDGE('',*,*,#2105,.T.);
#1269=ORIENTED_EDGE('',*,*,#1692,.F.);
#1270=ORIENTED_EDGE('',*,*,#2109,.F.);
#1271=ORIENTED_EDGE('',*,*,#2110,.T.);
#1272=ORIENTED_EDGE('',*,*,#2107,.T.);
#1273=ORIENTED_EDGE('',*,*,#1691,.F.);
#1274=ORIENTED_EDGE('',*,*,#2111,.F.);
#1275=ORIENTED_EDGE('',*,*,#2112,.T.);
#1276=ORIENTED_EDGE('',*,*,#2109,.T.);
#1277=ORIENTED_EDGE('',*,*,#1690,.F.);
#1278=ORIENTED_EDGE('',*,*,#2113,.F.);
#1279=ORIENTED_EDGE('',*,*,#2114,.T.);
#1280=ORIENTED_EDGE('',*,*,#2111,.T.);
#1281=ORIENTED_EDGE('',*,*,#1689,.F.);
#1282=ORIENTED_EDGE('',*,*,#2115,.F.);
#1283=ORIENTED_EDGE('',*,*,#2116,.T.);
#1284=ORIENTED_EDGE('',*,*,#2113,.T.);
#1285=ORIENTED_EDGE('',*,*,#1688,.F.);
#1286=ORIENTED_EDGE('',*,*,#2117,.F.);
#1287=ORIENTED_EDGE('',*,*,#2118,.T.);
#1288=ORIENTED_EDGE('',*,*,#2115,.T.);
#1289=ORIENTED_EDGE('',*,*,#1687,.F.);
#1290=ORIENTED_EDGE('',*,*,#2119,.F.);
#1291=ORIENTED_EDGE('',*,*,#2120,.T.);
#1292=ORIENTED_EDGE('',*,*,#2117,.T.);
#1293=ORIENTED_EDGE('',*,*,#1686,.F.);
#1294=ORIENTED_EDGE('',*,*,#2121,.F.);
#1295=ORIENTED_EDGE('',*,*,#2122,.T.);
#1296=ORIENTED_EDGE('',*,*,#2119,.T.);
#1297=ORIENTED_EDGE('',*,*,#1685,.F.);
#1298=ORIENTED_EDGE('',*,*,#2123,.F.);
#1299=ORIENTED_EDGE('',*,*,#2124,.T.);
#1300=ORIENTED_EDGE('',*,*,#2121,.T.);
#1301=ORIENTED_EDGE('',*,*,#1684,.F.);
#1302=ORIENTED_EDGE('',*,*,#2125,.F.);
#1303=ORIENTED_EDGE('',*,*,#2126,.T.);
#1304=ORIENTED_EDGE('',*,*,#2123,.T.);
#1305=ORIENTED_EDGE('',*,*,#1683,.F.);
#1306=ORIENTED_EDGE('',*,*,#2127,.F.);
#1307=ORIENTED_EDGE('',*,*,#2128,.T.);
#1308=ORIENTED_EDGE('',*,*,#2125,.T.);
#1309=ORIENTED_EDGE('',*,*,#1682,.F.);
#1310=ORIENTED_EDGE('',*,*,#2129,.F.);
#1311=ORIENTED_EDGE('',*,*,#2130,.T.);
#1312=ORIENTED_EDGE('',*,*,#2127,.T.);
#1313=ORIENTED_EDGE('',*,*,#1681,.F.);
#1314=ORIENTED_EDGE('',*,*,#2131,.F.);
#1315=ORIENTED_EDGE('',*,*,#2132,.T.);
#1316=ORIENTED_EDGE('',*,*,#2129,.T.);
#1317=ORIENTED_EDGE('',*,*,#1680,.F.);
#1318=ORIENTED_EDGE('',*,*,#2133,.F.);
#1319=ORIENTED_EDGE('',*,*,#2134,.T.);
#1320=ORIENTED_EDGE('',*,*,#2131,.T.);
#1321=ORIENTED_EDGE('',*,*,#1679,.F.);
#1322=ORIENTED_EDGE('',*,*,#2135,.F.);
#1323=ORIENTED_EDGE('',*,*,#2136,.T.);
#1324=ORIENTED_EDGE('',*,*,#2133,.T.);
#1325=ORIENTED_EDGE('',*,*,#1678,.F.);
#1326=ORIENTED_EDGE('',*,*,#2137,.F.);
#1327=ORIENTED_EDGE('',*,*,#2138,.T.);
#1328=ORIENTED_EDGE('',*,*,#2135,.T.);
#1329=ORIENTED_EDGE('',*,*,#1677,.F.);
#1330=ORIENTED_EDGE('',*,*,#2139,.F.);
#1331=ORIENTED_EDGE('',*,*,#2140,.T.);
#1332=ORIENTED_EDGE('',*,*,#2137,.T.);
#1333=ORIENTED_EDGE('',*,*,#1676,.F.);
#1334=ORIENTED_EDGE('',*,*,#2141,.F.);
#1335=ORIENTED_EDGE('',*,*,#2142,.T.);
#1336=ORIENTED_EDGE('',*,*,#2139,.T.);
#1337=ORIENTED_EDGE('',*,*,#1675,.F.);
#1338=ORIENTED_EDGE('',*,*,#2143,.F.);
#1339=ORIENTED_EDGE('',*,*,#2144,.T.);
#1340=ORIENTED_EDGE('',*,*,#2141,.T.);
#1341=ORIENTED_EDGE('',*,*,#1674,.F.);
#1342=ORIENTED_EDGE('',*,*,#2098,.F.);
#1343=ORIENTED_EDGE('',*,*,#2145,.T.);
#1344=ORIENTED_EDGE('',*,*,#2143,.T.);
#1345=ORIENTED_EDGE('',*,*,#2097,.F.);
#1346=ORIENTED_EDGE('',*,*,#2100,.F.);
#1347=ORIENTED_EDGE('',*,*,#2102,.F.);
#1348=ORIENTED_EDGE('',*,*,#2104,.F.);
#1349=ORIENTED_EDGE('',*,*,#2106,.F.);
#1350=ORIENTED_EDGE('',*,*,#2108,.F.);
#1351=ORIENTED_EDGE('',*,*,#2110,.F.);
#1352=ORIENTED_EDGE('',*,*,#2112,.F.);
#1353=ORIENTED_EDGE('',*,*,#2114,.F.);
#1354=ORIENTED_EDGE('',*,*,#2116,.F.);
#1355=ORIENTED_EDGE('',*,*,#2118,.F.);
#1356=ORIENTED_EDGE('',*,*,#2120,.F.);
#1357=ORIENTED_EDGE('',*,*,#2122,.F.);
#1358=ORIENTED_EDGE('',*,*,#2124,.F.);
#1359=ORIENTED_EDGE('',*,*,#2126,.F.);
#1360=ORIENTED_EDGE('',*,*,#2128,.F.);
#1361=ORIENTED_EDGE('',*,*,#2130,.F.);
#1362=ORIENTED_EDGE('',*,*,#2132,.F.);
#1363=ORIENTED_EDGE('',*,*,#2134,.F.);
#1364=ORIENTED_EDGE('',*,*,#2136,.F.);
#1365=ORIENTED_EDGE('',*,*,#2138,.F.);
#1366=ORIENTED_EDGE('',*,*,#2140,.F.);
#1367=ORIENTED_EDGE('',*,*,#2142,.F.);
#1368=ORIENTED_EDGE('',*,*,#2144,.F.);
#1369=ORIENTED_EDGE('',*,*,#2145,.F.);
#1370=ORIENTED_EDGE('',*,*,#1669,.F.);
#1371=ORIENTED_EDGE('',*,*,#2146,.F.);
#1372=ORIENTED_EDGE('',*,*,#2147,.T.);
#1373=ORIENTED_EDGE('',*,*,#2148,.T.);
#1374=ORIENTED_EDGE('',*,*,#1672,.F.);
#1375=ORIENTED_EDGE('',*,*,#2149,.F.);
#1376=ORIENTED_EDGE('',*,*,#2150,.T.);
#1377=ORIENTED_EDGE('',*,*,#2146,.T.);
#1378=ORIENTED_EDGE('',*,*,#1671,.F.);
#1379=ORIENTED_EDGE('',*,*,#2151,.F.);
#1380=ORIENTED_EDGE('',*,*,#2152,.T.);
#1381=ORIENTED_EDGE('',*,*,#2149,.T.);
#1382=ORIENTED_EDGE('',*,*,#1670,.F.);
#1383=ORIENTED_EDGE('',*,*,#2148,.F.);
#1384=ORIENTED_EDGE('',*,*,#2153,.T.);
#1385=ORIENTED_EDGE('',*,*,#2151,.T.);
#1386=ORIENTED_EDGE('',*,*,#2147,.F.);
#1387=ORIENTED_EDGE('',*,*,#2150,.F.);
#1388=ORIENTED_EDGE('',*,*,#2152,.F.);
#1389=ORIENTED_EDGE('',*,*,#2153,.F.);
#1390=ORIENTED_EDGE('',*,*,#1653,.F.);
#1391=ORIENTED_EDGE('',*,*,#2154,.F.);
#1392=ORIENTED_EDGE('',*,*,#2155,.T.);
#1393=ORIENTED_EDGE('',*,*,#2156,.T.);
#1394=ORIENTED_EDGE('',*,*,#1668,.F.);
#1395=ORIENTED_EDGE('',*,*,#2157,.F.);
#1396=ORIENTED_EDGE('',*,*,#2158,.T.);
#1397=ORIENTED_EDGE('',*,*,#2154,.T.);
#1398=ORIENTED_EDGE('',*,*,#1667,.F.);
#1399=ORIENTED_EDGE('',*,*,#2159,.F.);
#1400=ORIENTED_EDGE('',*,*,#2160,.T.);
#1401=ORIENTED_EDGE('',*,*,#2157,.T.);
#1402=ORIENTED_EDGE('',*,*,#1666,.F.);
#1403=ORIENTED_EDGE('',*,*,#2161,.F.);
#1404=ORIENTED_EDGE('',*,*,#2162,.T.);
#1405=ORIENTED_EDGE('',*,*,#2159,.T.);
#1406=ORIENTED_EDGE('',*,*,#1665,.F.);
#1407=ORIENTED_EDGE('',*,*,#2163,.F.);
#1408=ORIENTED_EDGE('',*,*,#2164,.T.);
#1409=ORIENTED_EDGE('',*,*,#2161,.T.);
#1410=ORIENTED_EDGE('',*,*,#1664,.F.);
#1411=ORIENTED_EDGE('',*,*,#2165,.F.);
#1412=ORIENTED_EDGE('',*,*,#2166,.T.);
#1413=ORIENTED_EDGE('',*,*,#2163,.T.);
#1414=ORIENTED_EDGE('',*,*,#1663,.F.);
#1415=ORIENTED_EDGE('',*,*,#2167,.F.);
#1416=ORIENTED_EDGE('',*,*,#2168,.T.);
#1417=ORIENTED_EDGE('',*,*,#2165,.T.);
#1418=ORIENTED_EDGE('',*,*,#1662,.F.);
#1419=ORIENTED_EDGE('',*,*,#2169,.F.);
#1420=ORIENTED_EDGE('',*,*,#2170,.T.);
#1421=ORIENTED_EDGE('',*,*,#2167,.T.);
#1422=ORIENTED_EDGE('',*,*,#1661,.F.);
#1423=ORIENTED_EDGE('',*,*,#2171,.F.);
#1424=ORIENTED_EDGE('',*,*,#2172,.T.);
#1425=ORIENTED_EDGE('',*,*,#2169,.T.);
#1426=ORIENTED_EDGE('',*,*,#1660,.F.);
#1427=ORIENTED_EDGE('',*,*,#2173,.F.);
#1428=ORIENTED_EDGE('',*,*,#2174,.T.);
#1429=ORIENTED_EDGE('',*,*,#2171,.T.);
#1430=ORIENTED_EDGE('',*,*,#1659,.F.);
#1431=ORIENTED_EDGE('',*,*,#2175,.F.);
#1432=ORIENTED_EDGE('',*,*,#2176,.T.);
#1433=ORIENTED_EDGE('',*,*,#2173,.T.);
#1434=ORIENTED_EDGE('',*,*,#1658,.F.);
#1435=ORIENTED_EDGE('',*,*,#2177,.F.);
#1436=ORIENTED_EDGE('',*,*,#2178,.T.);
#1437=ORIENTED_EDGE('',*,*,#2175,.T.);
#1438=ORIENTED_EDGE('',*,*,#1657,.F.);
#1439=ORIENTED_EDGE('',*,*,#2179,.F.);
#1440=ORIENTED_EDGE('',*,*,#2180,.T.);
#1441=ORIENTED_EDGE('',*,*,#2177,.T.);
#1442=ORIENTED_EDGE('',*,*,#1656,.F.);
#1443=ORIENTED_EDGE('',*,*,#2181,.F.);
#1444=ORIENTED_EDGE('',*,*,#2182,.T.);
#1445=ORIENTED_EDGE('',*,*,#2179,.T.);
#1446=ORIENTED_EDGE('',*,*,#1655,.F.);
#1447=ORIENTED_EDGE('',*,*,#2183,.F.);
#1448=ORIENTED_EDGE('',*,*,#2184,.T.);
#1449=ORIENTED_EDGE('',*,*,#2181,.T.);
#1450=ORIENTED_EDGE('',*,*,#1654,.F.);
#1451=ORIENTED_EDGE('',*,*,#2156,.F.);
#1452=ORIENTED_EDGE('',*,*,#2185,.T.);
#1453=ORIENTED_EDGE('',*,*,#2183,.T.);
#1454=ORIENTED_EDGE('',*,*,#2155,.F.);
#1455=ORIENTED_EDGE('',*,*,#2158,.F.);
#1456=ORIENTED_EDGE('',*,*,#2160,.F.);
#1457=ORIENTED_EDGE('',*,*,#2162,.F.);
#1458=ORIENTED_EDGE('',*,*,#2164,.F.);
#1459=ORIENTED_EDGE('',*,*,#2166,.F.);
#1460=ORIENTED_EDGE('',*,*,#2168,.F.);
#1461=ORIENTED_EDGE('',*,*,#2170,.F.);
#1462=ORIENTED_EDGE('',*,*,#2172,.F.);
#1463=ORIENTED_EDGE('',*,*,#2174,.F.);
#1464=ORIENTED_EDGE('',*,*,#2176,.F.);
#1465=ORIENTED_EDGE('',*,*,#2178,.F.);
#1466=ORIENTED_EDGE('',*,*,#2180,.F.);
#1467=ORIENTED_EDGE('',*,*,#2182,.F.);
#1468=ORIENTED_EDGE('',*,*,#2184,.F.);
#1469=ORIENTED_EDGE('',*,*,#2185,.F.);
#1470=ORIENTED_EDGE('',*,*,#1636,.F.);
#1471=ORIENTED_EDGE('',*,*,#2186,.F.);
#1472=ORIENTED_EDGE('',*,*,#2187,.T.);
#1473=ORIENTED_EDGE('',*,*,#2188,.T.);
#1474=ORIENTED_EDGE('',*,*,#1652,.F.);
#1475=ORIENTED_EDGE('',*,*,#2189,.F.);
#1476=ORIENTED_EDGE('',*,*,#2190,.T.);
#1477=ORIENTED_EDGE('',*,*,#2186,.T.);
#1478=ORIENTED_EDGE('',*,*,#1651,.F.);
#1479=ORIENTED_EDGE('',*,*,#2191,.F.);
#1480=ORIENTED_EDGE('',*,*,#2192,.T.);
#1481=ORIENTED_EDGE('',*,*,#2189,.T.);
#1482=ORIENTED_EDGE('',*,*,#1650,.F.);
#1483=ORIENTED_EDGE('',*,*,#2193,.F.);
#1484=ORIENTED_EDGE('',*,*,#2194,.T.);
#1485=ORIENTED_EDGE('',*,*,#2191,.T.);
#1486=ORIENTED_EDGE('',*,*,#1649,.F.);
#1487=ORIENTED_EDGE('',*,*,#2195,.F.);
#1488=ORIENTED_EDGE('',*,*,#2196,.T.);
#1489=ORIENTED_EDGE('',*,*,#2193,.T.);
#1490=ORIENTED_EDGE('',*,*,#1648,.F.);
#1491=ORIENTED_EDGE('',*,*,#2197,.F.);
#1492=ORIENTED_EDGE('',*,*,#2198,.T.);
#1493=ORIENTED_EDGE('',*,*,#2195,.T.);
#1494=ORIENTED_EDGE('',*,*,#1647,.F.);
#1495=ORIENTED_EDGE('',*,*,#2199,.F.);
#1496=ORIENTED_EDGE('',*,*,#2200,.T.);
#1497=ORIENTED_EDGE('',*,*,#2197,.T.);
#1498=ORIENTED_EDGE('',*,*,#1646,.F.);
#1499=ORIENTED_EDGE('',*,*,#2201,.F.);
#1500=ORIENTED_EDGE('',*,*,#2202,.T.);
#1501=ORIENTED_EDGE('',*,*,#2199,.T.);
#1502=ORIENTED_EDGE('',*,*,#1645,.F.);
#1503=ORIENTED_EDGE('',*,*,#2203,.F.);
#1504=ORIENTED_EDGE('',*,*,#2204,.T.);
#1505=ORIENTED_EDGE('',*,*,#2201,.T.);
#1506=ORIENTED_EDGE('',*,*,#1644,.F.);
#1507=ORIENTED_EDGE('',*,*,#2205,.F.);
#1508=ORIENTED_EDGE('',*,*,#2206,.T.);
#1509=ORIENTED_EDGE('',*,*,#2203,.T.);
#1510=ORIENTED_EDGE('',*,*,#1643,.F.);
#1511=ORIENTED_EDGE('',*,*,#2207,.F.);
#1512=ORIENTED_EDGE('',*,*,#2208,.T.);
#1513=ORIENTED_EDGE('',*,*,#2205,.T.);
#1514=ORIENTED_EDGE('',*,*,#1642,.F.);
#1515=ORIENTED_EDGE('',*,*,#2209,.F.);
#1516=ORIENTED_EDGE('',*,*,#2210,.T.);
#1517=ORIENTED_EDGE('',*,*,#2207,.T.);
#1518=ORIENTED_EDGE('',*,*,#1641,.F.);
#1519=ORIENTED_EDGE('',*,*,#2211,.F.);
#1520=ORIENTED_EDGE('',*,*,#2212,.T.);
#1521=ORIENTED_EDGE('',*,*,#2209,.T.);
#1522=ORIENTED_EDGE('',*,*,#1640,.F.);
#1523=ORIENTED_EDGE('',*,*,#2213,.F.);
#1524=ORIENTED_EDGE('',*,*,#2214,.T.);
#1525=ORIENTED_EDGE('',*,*,#2211,.T.);
#1526=ORIENTED_EDGE('',*,*,#1639,.F.);
#1527=ORIENTED_EDGE('',*,*,#2215,.F.);
#1528=ORIENTED_EDGE('',*,*,#2216,.T.);
#1529=ORIENTED_EDGE('',*,*,#2213,.T.);
#1530=ORIENTED_EDGE('',*,*,#1638,.F.);
#1531=ORIENTED_EDGE('',*,*,#2217,.F.);
#1532=ORIENTED_EDGE('',*,*,#2218,.T.);
#1533=ORIENTED_EDGE('',*,*,#2215,.T.);
#1534=ORIENTED_EDGE('',*,*,#1637,.F.);
#1535=ORIENTED_EDGE('',*,*,#2188,.F.);
#1536=ORIENTED_EDGE('',*,*,#2219,.T.);
#1537=ORIENTED_EDGE('',*,*,#2217,.T.);
#1538=ORIENTED_EDGE('',*,*,#2187,.F.);
#1539=ORIENTED_EDGE('',*,*,#2190,.F.);
#1540=ORIENTED_EDGE('',*,*,#2192,.F.);
#1541=ORIENTED_EDGE('',*,*,#2194,.F.);
#1542=ORIENTED_EDGE('',*,*,#2196,.F.);
#1543=ORIENTED_EDGE('',*,*,#2198,.F.);
#1544=ORIENTED_EDGE('',*,*,#2200,.F.);
#1545=ORIENTED_EDGE('',*,*,#2202,.F.);
#1546=ORIENTED_EDGE('',*,*,#2204,.F.);
#1547=ORIENTED_EDGE('',*,*,#2206,.F.);
#1548=ORIENTED_EDGE('',*,*,#2208,.F.);
#1549=ORIENTED_EDGE('',*,*,#2210,.F.);
#1550=ORIENTED_EDGE('',*,*,#2212,.F.);
#1551=ORIENTED_EDGE('',*,*,#2214,.F.);
#1552=ORIENTED_EDGE('',*,*,#2216,.F.);
#1553=ORIENTED_EDGE('',*,*,#2218,.F.);
#1554=ORIENTED_EDGE('',*,*,#2219,.F.);
#1555=ORIENTED_EDGE('',*,*,#1629,.F.);
#1556=ORIENTED_EDGE('',*,*,#2220,.F.);
#1557=ORIENTED_EDGE('',*,*,#2221,.T.);
#1558=ORIENTED_EDGE('',*,*,#2222,.T.);
#1559=ORIENTED_EDGE('',*,*,#1635,.F.);
#1560=ORIENTED_EDGE('',*,*,#2223,.F.);
#1561=ORIENTED_EDGE('',*,*,#2224,.T.);
#1562=ORIENTED_EDGE('',*,*,#2220,.T.);
#1563=ORIENTED_EDGE('',*,*,#1634,.F.);
#1564=ORIENTED_EDGE('',*,*,#2225,.F.);
#1565=ORIENTED_EDGE('',*,*,#2226,.T.);
#1566=ORIENTED_EDGE('',*,*,#2223,.T.);
#1567=ORIENTED_EDGE('',*,*,#1633,.F.);
#1568=ORIENTED_EDGE('',*,*,#2227,.F.);
#1569=ORIENTED_EDGE('',*,*,#2228,.T.);
#1570=ORIENTED_EDGE('',*,*,#2225,.T.);
#1571=ORIENTED_EDGE('',*,*,#1632,.F.);
#1572=ORIENTED_EDGE('',*,*,#2229,.F.);
#1573=ORIENTED_EDGE('',*,*,#2230,.T.);
#1574=ORIENTED_EDGE('',*,*,#2227,.T.);
#1575=ORIENTED_EDGE('',*,*,#1631,.F.);
#1576=ORIENTED_EDGE('',*,*,#2231,.F.);
#1577=ORIENTED_EDGE('',*,*,#2232,.T.);
#1578=ORIENTED_EDGE('',*,*,#2229,.T.);
#1579=ORIENTED_EDGE('',*,*,#1630,.F.);
#1580=ORIENTED_EDGE('',*,*,#2222,.F.);
#1581=ORIENTED_EDGE('',*,*,#2233,.T.);
#1582=ORIENTED_EDGE('',*,*,#2231,.T.);
#1583=ORIENTED_EDGE('',*,*,#2221,.F.);
#1584=ORIENTED_EDGE('',*,*,#2224,.F.);
#1585=ORIENTED_EDGE('',*,*,#2226,.F.);
#1586=ORIENTED_EDGE('',*,*,#2228,.F.);
#1587=ORIENTED_EDGE('',*,*,#2230,.F.);
#1588=ORIENTED_EDGE('',*,*,#2232,.F.);
#1589=ORIENTED_EDGE('',*,*,#2233,.F.);
#1590=ORIENTED_EDGE('',*,*,#2234,.T.);
#1591=ORIENTED_EDGE('',*,*,#2235,.T.);
#1592=ORIENTED_EDGE('',*,*,#1800,.F.);
#1593=ORIENTED_EDGE('',*,*,#1859,.F.);
#1594=ORIENTED_EDGE('',*,*,#2236,.T.);
#1595=ORIENTED_EDGE('',*,*,#1628,.T.);
#1596=ORIENTED_EDGE('',*,*,#1858,.T.);
#1597=ORIENTED_EDGE('',*,*,#1796,.F.);
#1598=ORIENTED_EDGE('',*,*,#1622,.T.);
#1599=ORIENTED_EDGE('',*,*,#2236,.F.);
#1600=ORIENTED_EDGE('',*,*,#1615,.F.);
#1601=ORIENTED_EDGE('',*,*,#1817,.F.);
#1602=ORIENTED_EDGE('',*,*,#2235,.F.);
#1603=ORIENTED_EDGE('',*,*,#1871,.F.);
#1604=ORIENTED_EDGE('',*,*,#1814,.F.);
#1605=ORIENTED_EDGE('',*,*,#2234,.F.);
#1606=ORIENTED_EDGE('',*,*,#1869,.T.);
#1607=ORIENTED_EDGE('',*,*,#2237,.T.);
#1608=ORIENTED_EDGE('',*,*,#1870,.T.);
#1609=ORIENTED_EDGE('',*,*,#2237,.F.);
#1610=ORIENTED_EDGE('',*,*,#2238,.F.);
#1611=ORIENTED_EDGE('',*,*,#1621,.F.);
#1612=ORIENTED_EDGE('',*,*,#1620,.T.);
#1613=ORIENTED_EDGE('',*,*,#2238,.T.);
#1614=EDGE_CURVE('',#2239,#2240,#2659,.T.);
#1615=EDGE_CURVE('',#2239,#2241,#356,.F.);
#1616=EDGE_CURVE('',#2242,#2241,#2660,.T.);
#1617=EDGE_CURVE('',#2242,#2243,#2661,.T.);
#1618=EDGE_CURVE('',#2243,#2244,#2662,.T.);
#1619=EDGE_CURVE('',#2240,#2244,#2663,.T.);
#1620=EDGE_CURVE('',#2245,#2246,#2664,.T.);
#1621=EDGE_CURVE('',#2245,#2246,#357,.F.);
#1622=EDGE_CURVE('',#2247,#2248,#2665,.F.);
#1623=EDGE_CURVE('',#2249,#2247,#2666,.T.);
#1624=EDGE_CURVE('',#2249,#2250,#2667,.T.);
#1625=EDGE_CURVE('',#2251,#2250,#358,.T.);
#1626=EDGE_CURVE('',#2251,#2252,#2668,.T.);
#1627=EDGE_CURVE('',#2253,#2252,#2669,.F.);
#1628=EDGE_CURVE('',#2248,#2253,#2670,.T.);
#1629=EDGE_CURVE('',#2254,#2255,#2671,.T.);
#1630=EDGE_CURVE('',#2255,#2256,#2672,.T.);
#1631=EDGE_CURVE('',#2256,#2257,#2673,.T.);
#1632=EDGE_CURVE('',#2257,#2258,#2674,.T.);
#1633=EDGE_CURVE('',#2258,#2259,#2675,.T.);
#1634=EDGE_CURVE('',#2259,#2260,#2676,.T.);
#1635=EDGE_CURVE('',#2260,#2254,#2677,.T.);
#1636=EDGE_CURVE('',#2261,#2262,#192,.T.);
#1637=EDGE_CURVE('',#2262,#2263,#193,.T.);
#1638=EDGE_CURVE('',#2263,#2264,#194,.T.);
#1639=EDGE_CURVE('',#2264,#2265,#195,.T.);
#1640=EDGE_CURVE('',#2265,#2266,#196,.T.);
#1641=EDGE_CURVE('',#2266,#2267,#197,.T.);
#1642=EDGE_CURVE('',#2267,#2268,#198,.T.);
#1643=EDGE_CURVE('',#2268,#2269,#2678,.T.);
#1644=EDGE_CURVE('',#2269,#2270,#199,.T.);
#1645=EDGE_CURVE('',#2270,#2271,#200,.T.);
#1646=EDGE_CURVE('',#2271,#2272,#201,.T.);
#1647=EDGE_CURVE('',#2272,#2273,#202,.T.);
#1648=EDGE_CURVE('',#2273,#2274,#203,.T.);
#1649=EDGE_CURVE('',#2274,#2275,#204,.T.);
#1650=EDGE_CURVE('',#2275,#2276,#205,.T.);
#1651=EDGE_CURVE('',#2276,#2277,#128,.T.);
#1652=EDGE_CURVE('',#2277,#2261,#2679,.T.);
#1653=EDGE_CURVE('',#2278,#2279,#206,.T.);
#1654=EDGE_CURVE('',#2279,#2280,#207,.T.);
#1655=EDGE_CURVE('',#2280,#2281,#208,.T.);
#1656=EDGE_CURVE('',#2281,#2282,#209,.T.);
#1657=EDGE_CURVE('',#2282,#2283,#210,.T.);
#1658=EDGE_CURVE('',#2283,#2284,#211,.T.);
#1659=EDGE_CURVE('',#2284,#2285,#2680,.T.);
#1660=EDGE_CURVE('',#2285,#2286,#212,.T.);
#1661=EDGE_CURVE('',#2286,#2287,#213,.T.);
#1662=EDGE_CURVE('',#2287,#2288,#214,.T.);
#1663=EDGE_CURVE('',#2288,#2289,#215,.T.);
#1664=EDGE_CURVE('',#2289,#2290,#216,.T.);
#1665=EDGE_CURVE('',#2290,#2291,#217,.T.);
#1666=EDGE_CURVE('',#2291,#2292,#218,.T.);
#1667=EDGE_CURVE('',#2292,#2293,#2681,.T.);
#1668=EDGE_CURVE('',#2293,#2278,#219,.T.);
#1669=EDGE_CURVE('',#2294,#2295,#2682,.T.);
#1670=EDGE_CURVE('',#2295,#2296,#2683,.T.);
#1671=EDGE_CURVE('',#2296,#2297,#2684,.T.);
#1672=EDGE_CURVE('',#2297,#2294,#2685,.T.);
#1673=EDGE_CURVE('',#2298,#2299,#2686,.T.);
#1674=EDGE_CURVE('',#2299,#2300,#2687,.T.);
#1675=EDGE_CURVE('',#2300,#2301,#129,.F.);
#1676=EDGE_CURVE('',#2301,#2302,#220,.T.);
#1677=EDGE_CURVE('',#2302,#2303,#2688,.T.);
#1678=EDGE_CURVE('',#2303,#2304,#2689,.T.);
#1679=EDGE_CURVE('',#2304,#2305,#2690,.T.);
#1680=EDGE_CURVE('',#2305,#2306,#221,.T.);
#1681=EDGE_CURVE('',#2306,#2307,#222,.T.);
#1682=EDGE_CURVE('',#2307,#2308,#223,.T.);
#1683=EDGE_CURVE('',#2308,#2309,#224,.T.);
#1684=EDGE_CURVE('',#2309,#2310,#225,.T.);
#1685=EDGE_CURVE('',#2310,#2311,#226,.T.);
#1686=EDGE_CURVE('',#2311,#2312,#227,.T.);
#1687=EDGE_CURVE('',#2312,#2313,#228,.T.);
#1688=EDGE_CURVE('',#2313,#2314,#2691,.T.);
#1689=EDGE_CURVE('',#2314,#2315,#2692,.T.);
#1690=EDGE_CURVE('',#2315,#2316,#2693,.T.);
#1691=EDGE_CURVE('',#2316,#2317,#229,.T.);
#1692=EDGE_CURVE('',#2317,#2318,#230,.T.);
#1693=EDGE_CURVE('',#2318,#2319,#231,.T.);
#1694=EDGE_CURVE('',#2319,#2320,#232,.T.);
#1695=EDGE_CURVE('',#2320,#2321,#233,.T.);
#1696=EDGE_CURVE('',#2321,#2322,#234,.T.);
#1697=EDGE_CURVE('',#2322,#2298,#2694,.T.);
#1698=EDGE_CURVE('',#2323,#2324,#2695,.T.);
#1699=EDGE_CURVE('',#2324,#2325,#2696,.T.);
#1700=EDGE_CURVE('',#2325,#2326,#2697,.T.);
#1701=EDGE_CURVE('',#2326,#2323,#2698,.T.);
#1702=EDGE_CURVE('',#2327,#2328,#2699,.T.);
#1703=EDGE_CURVE('',#2328,#2329,#2700,.T.);
#1704=EDGE_CURVE('',#2329,#2330,#130,.F.);
#1705=EDGE_CURVE('',#2330,#2331,#235,.T.);
#1706=EDGE_CURVE('',#2331,#2332,#2701,.T.);
#1707=EDGE_CURVE('',#2332,#2333,#2702,.T.);
#1708=EDGE_CURVE('',#2333,#2334,#2703,.T.);
#1709=EDGE_CURVE('',#2334,#2335,#236,.T.);
#1710=EDGE_CURVE('',#2335,#2336,#237,.T.);
#1711=EDGE_CURVE('',#2336,#2337,#238,.T.);
#1712=EDGE_CURVE('',#2337,#2338,#239,.T.);
#1713=EDGE_CURVE('',#2338,#2339,#240,.T.);
#1714=EDGE_CURVE('',#2339,#2340,#241,.T.);
#1715=EDGE_CURVE('',#2340,#2341,#242,.T.);
#1716=EDGE_CURVE('',#2341,#2342,#243,.T.);
#1717=EDGE_CURVE('',#2342,#2343,#2704,.T.);
#1718=EDGE_CURVE('',#2343,#2344,#2705,.T.);
#1719=EDGE_CURVE('',#2344,#2345,#2706,.T.);
#1720=EDGE_CURVE('',#2345,#2346,#244,.T.);
#1721=EDGE_CURVE('',#2346,#2347,#245,.T.);
#1722=EDGE_CURVE('',#2347,#2348,#246,.T.);
#1723=EDGE_CURVE('',#2348,#2349,#247,.T.);
#1724=EDGE_CURVE('',#2349,#2350,#248,.T.);
#1725=EDGE_CURVE('',#2350,#2351,#249,.T.);
#1726=EDGE_CURVE('',#2351,#2327,#2707,.T.);
#1727=EDGE_CURVE('',#2352,#2353,#2708,.T.);
#1728=EDGE_CURVE('',#2353,#2354,#2709,.T.);
#1729=EDGE_CURVE('',#2354,#2355,#2710,.T.);
#1730=EDGE_CURVE('',#2355,#2352,#2711,.T.);
#1731=EDGE_CURVE('',#2356,#2357,#131,.T.);
#1732=EDGE_CURVE('',#2357,#2358,#132,.T.);
#1733=EDGE_CURVE('',#2358,#2359,#250,.T.);
#1734=EDGE_CURVE('',#2359,#2360,#251,.T.);
#1735=EDGE_CURVE('',#2360,#2361,#133,.T.);
#1736=EDGE_CURVE('',#2361,#2362,#134,.T.);
#1737=EDGE_CURVE('',#2362,#2363,#252,.T.);
#1738=EDGE_CURVE('',#2363,#2364,#253,.T.);
#1739=EDGE_CURVE('',#2364,#2365,#2712,.T.);
#1740=EDGE_CURVE('',#2365,#2366,#254,.T.);
#1741=EDGE_CURVE('',#2366,#2367,#255,.T.);
#1742=EDGE_CURVE('',#2367,#2368,#256,.T.);
#1743=EDGE_CURVE('',#2368,#2356,#2713,.T.);
#1744=EDGE_CURVE('',#2369,#2370,#257,.T.);
#1745=EDGE_CURVE('',#2370,#2371,#135,.F.);
#1746=EDGE_CURVE('',#2371,#2372,#136,.F.);
#1747=EDGE_CURVE('',#2372,#2373,#258,.T.);
#1748=EDGE_CURVE('',#2373,#2374,#2714,.T.);
#1749=EDGE_CURVE('',#2374,#2375,#2715,.T.);
#1750=EDGE_CURVE('',#2375,#2376,#2716,.T.);
#1751=EDGE_CURVE('',#2376,#2377,#137,.T.);
#1752=EDGE_CURVE('',#2377,#2378,#138,.T.);
#1753=EDGE_CURVE('',#2378,#2379,#139,.T.);
#1754=EDGE_CURVE('',#2379,#2380,#259,.T.);
#1755=EDGE_CURVE('',#2380,#2369,#2717,.T.);
#1756=EDGE_CURVE('',#2381,#2382,#260,.T.);
#1757=EDGE_CURVE('',#2382,#2383,#261,.T.);
#1758=EDGE_CURVE('',#2383,#2384,#262,.T.);
#1759=EDGE_CURVE('',#2384,#2385,#140,.T.);
#1760=EDGE_CURVE('',#2385,#2386,#2718,.T.);
#1761=EDGE_CURVE('',#2386,#2387,#263,.T.);
#1762=EDGE_CURVE('',#2387,#2388,#264,.T.);
#1763=EDGE_CURVE('',#2388,#2389,#265,.T.);
#1764=EDGE_CURVE('',#2389,#2390,#266,.T.);
#1765=EDGE_CURVE('',#2390,#2391,#2719,.T.);
#1766=EDGE_CURVE('',#2391,#2392,#141,.T.);
#1767=EDGE_CURVE('',#2392,#2393,#142,.T.);
#1768=EDGE_CURVE('',#2393,#2394,#143,.T.);
#1769=EDGE_CURVE('',#2394,#2381,#267,.T.);
#1770=EDGE_CURVE('',#2395,#2396,#268,.T.);
#1771=EDGE_CURVE('',#2396,#2397,#269,.T.);
#1772=EDGE_CURVE('',#2397,#2398,#270,.T.);
#1773=EDGE_CURVE('',#2398,#2399,#271,.T.);
#1774=EDGE_CURVE('',#2399,#2400,#2720,.T.);
#1775=EDGE_CURVE('',#2400,#2401,#144,.T.);
#1776=EDGE_CURVE('',#2401,#2402,#272,.T.);
#1777=EDGE_CURVE('',#2402,#2403,#145,.T.);
#1778=EDGE_CURVE('',#2403,#2404,#2721,.T.);
#1779=EDGE_CURVE('',#2404,#2405,#146,.T.);
#1780=EDGE_CURVE('',#2405,#2395,#273,.T.);
#1781=EDGE_CURVE('',#2406,#2406,#147,.T.);
#1782=EDGE_CURVE('',#2407,#2407,#148,.T.);
#1783=EDGE_CURVE('',#2408,#2408,#149,.T.);
#1784=EDGE_CURVE('',#2409,#2409,#150,.T.);
#1785=EDGE_CURVE('',#2410,#2410,#151,.T.);
#1786=EDGE_CURVE('',#2411,#2412,#2722,.T.);
#1787=EDGE_CURVE('',#2411,#2413,#2723,.T.);
#1788=EDGE_CURVE('',#2413,#2414,#2724,.T.);
#1789=EDGE_CURVE('',#2412,#2414,#2725,.T.);
#1790=EDGE_CURVE('',#2415,#2416,#2726,.T.);
#1791=EDGE_CURVE('',#2416,#2417,#2727,.T.);
#1792=EDGE_CURVE('',#2418,#2417,#2728,.T.);
#1793=EDGE_CURVE('',#2419,#2418,#2729,.T.);
#1794=EDGE_CURVE('',#2419,#2420,#2730,.T.);
#1795=EDGE_CURVE('',#2420,#2415,#2731,.T.);
#1796=EDGE_CURVE('',#2247,#2421,#2732,.T.);
#1797=EDGE_CURVE('',#2422,#2421,#2733,.T.);
#1798=EDGE_CURVE('',#2422,#2249,#2734,.T.);
#1799=EDGE_CURVE('',#2423,#2424,#2735,.T.);
#1800=EDGE_CURVE('',#2424,#2253,#2736,.T.);
#1801=EDGE_CURVE('',#2252,#2425,#2737,.T.);
#1802=EDGE_CURVE('',#2425,#2426,#2738,.T.);
#1803=EDGE_CURVE('',#2426,#2427,#2739,.T.);
#1804=EDGE_CURVE('',#2427,#2428,#2740,.T.);
#1805=EDGE_CURVE('',#2428,#2240,#2741,.T.);
#1806=EDGE_CURVE('',#2244,#2429,#2742,.T.);
#1807=EDGE_CURVE('',#2429,#2430,#2743,.T.);
#1808=EDGE_CURVE('',#2423,#2430,#2744,.T.);
#1809=EDGE_CURVE('',#2431,#2432,#2745,.T.);
#1810=EDGE_CURVE('',#2432,#2433,#2746,.T.);
#1811=EDGE_CURVE('',#2434,#2433,#2747,.T.);
#1812=EDGE_CURVE('',#2431,#2434,#2748,.T.);
#1813=EDGE_CURVE('',#2435,#2428,#2749,.T.);
#1814=EDGE_CURVE('',#2435,#2436,#152,.F.);
#1815=EDGE_CURVE('',#2437,#2436,#2750,.T.);
#1816=EDGE_CURVE('',#2437,#2242,#2751,.T.);
#1817=EDGE_CURVE('',#2241,#2239,#153,.F.);
#1818=EDGE_CURVE('',#2438,#2439,#2752,.T.);
#1819=EDGE_CURVE('',#2438,#2440,#2753,.T.);
#1820=EDGE_CURVE('',#2440,#2441,#2754,.T.);
#1821=EDGE_CURVE('',#2441,#2442,#2755,.T.);
#1822=EDGE_CURVE('',#2443,#2442,#2756,.T.);
#1823=EDGE_CURVE('',#2443,#2444,#2757,.T.);
#1824=EDGE_CURVE('',#2444,#2445,#2758,.T.);
#1825=EDGE_CURVE('',#2445,#2439,#2759,.T.);
#1826=EDGE_CURVE('',#2446,#2447,#2760,.T.);
#1827=EDGE_CURVE('',#2447,#2448,#2761,.T.);
#1828=EDGE_CURVE('',#2449,#2448,#2762,.T.);
#1829=EDGE_CURVE('',#2446,#2449,#2763,.T.);
#1830=EDGE_CURVE('',#2450,#2451,#2764,.T.);
#1831=EDGE_CURVE('',#2450,#2452,#2765,.T.);
#1832=EDGE_CURVE('',#2452,#2453,#2766,.T.);
#1833=EDGE_CURVE('',#2453,#2451,#2767,.T.);
#1834=EDGE_CURVE('',#2454,#2455,#2768,.T.);
#1835=EDGE_CURVE('',#2454,#2456,#2769,.T.);
#1836=EDGE_CURVE('',#2456,#2457,#2770,.T.);
#1837=EDGE_CURVE('',#2458,#2457,#2771,.T.);
#1838=EDGE_CURVE('',#2459,#2458,#2772,.T.);
#1839=EDGE_CURVE('',#2455,#2459,#2773,.T.);
#1840=EDGE_CURVE('',#2460,#2460,#154,.F.);
#1841=EDGE_CURVE('',#2461,#2461,#155,.F.);
#1842=EDGE_CURVE('',#2462,#2462,#156,.F.);
#1843=EDGE_CURVE('',#2463,#2463,#157,.F.);
#1844=EDGE_CURVE('',#2250,#2459,#359,.T.);
#1845=EDGE_CURVE('',#2459,#2251,#158,.T.);
#1846=EDGE_CURVE('',#2458,#2464,#159,.T.);
#1847=EDGE_CURVE('',#2457,#2465,#160,.T.);
#1848=EDGE_CURVE('',#2464,#2465,#2774,.T.);
#1849=EDGE_CURVE('',#2464,#2251,#2775,.T.);
#1850=EDGE_CURVE('',#2455,#2466,#161,.T.);
#1851=EDGE_CURVE('',#2467,#2466,#2776,.T.);
#1852=EDGE_CURVE('',#2467,#2454,#162,.T.);
#1853=EDGE_CURVE('',#2467,#2468,#2777,.T.);
#1854=EDGE_CURVE('',#2468,#2456,#163,.T.);
#1855=EDGE_CURVE('',#2469,#2422,#2778,.F.);
#1856=EDGE_CURVE('',#2469,#2455,#360,.F.);
#1857=EDGE_CURVE('',#2466,#2469,#361,.T.);
#1858=EDGE_CURVE('',#2470,#2421,#2779,.T.);
#1859=EDGE_CURVE('',#2470,#2424,#2780,.T.);
#1860=EDGE_CURVE('',#2466,#2423,#2781,.T.);
#1861=EDGE_CURVE('',#2468,#2430,#2782,.T.);
#1862=EDGE_CURVE('',#2465,#2425,#2783,.T.);
#1863=EDGE_CURVE('',#2471,#2429,#2784,.T.);
#1864=EDGE_CURVE('',#2471,#2472,#2785,.T.);
#1865=EDGE_CURVE('',#2472,#2426,#2786,.T.);
#1866=EDGE_CURVE('',#2472,#2473,#2787,.T.);
#1867=EDGE_CURVE('',#2473,#2427,#2788,.T.);
#1868=EDGE_CURVE('',#2243,#2471,#2789,.T.);
#1869=EDGE_CURVE('',#2474,#2475,#362,.T.);
#1870=EDGE_CURVE('',#2475,#2474,#2790,.T.);
#1871=EDGE_CURVE('',#2436,#2435,#363,.F.);
#1872=EDGE_CURVE('',#2473,#2437,#2791,.T.);
#1873=EDGE_CURVE('',#2438,#2476,#2792,.T.);
#1874=EDGE_CURVE('',#2477,#2476,#2793,.T.);
#1875=EDGE_CURVE('',#2440,#2477,#2794,.T.);
#1876=EDGE_CURVE('',#2478,#2477,#2795,.T.);
#1877=EDGE_CURVE('',#2478,#2416,#2796,.T.);
#1878=EDGE_CURVE('',#2441,#2416,#2797,.T.);
#1879=EDGE_CURVE('',#2442,#2415,#2798,.T.);
#1880=EDGE_CURVE('',#2479,#2415,#2799,.T.);
#1881=EDGE_CURVE('',#2479,#2480,#2800,.T.);
#1882=EDGE_CURVE('',#2443,#2480,#2801,.T.);
#1883=EDGE_CURVE('',#2481,#2480,#2802,.T.);
#1884=EDGE_CURVE('',#2444,#2481,#2803,.T.);
#1885=EDGE_CURVE('',#2482,#2481,#2804,.T.);
#1886=EDGE_CURVE('',#2482,#2450,#2805,.T.);
#1887=EDGE_CURVE('',#2445,#2451,#2806,.T.);
#1888=EDGE_CURVE('',#2439,#2453,#2807,.T.);
#1889=EDGE_CURVE('',#2483,#2452,#2808,.T.);
#1890=EDGE_CURVE('',#2483,#2476,#2809,.T.);
#1891=EDGE_CURVE('',#2484,#2484,#164,.T.);
#1892=EDGE_CURVE('',#2485,#2485,#165,.T.);
#1893=EDGE_CURVE('',#2486,#2486,#166,.T.);
#1894=EDGE_CURVE('',#2487,#2488,#2810,.T.);
#1895=EDGE_CURVE('',#2488,#2413,#2811,.T.);
#1896=EDGE_CURVE('',#2487,#2411,#2812,.T.);
#1897=EDGE_CURVE('',#2489,#2412,#2813,.T.);
#1898=EDGE_CURVE('',#2487,#2489,#2814,.T.);
#1899=EDGE_CURVE('',#2490,#2414,#2815,.T.);
#1900=EDGE_CURVE('',#2489,#2490,#2816,.T.);
#1901=EDGE_CURVE('',#2488,#2490,#2817,.T.);
#1902=EDGE_CURVE('',#2491,#2491,#167,.T.);
#1903=EDGE_CURVE('',#2492,#2492,#168,.T.);
#1904=EDGE_CURVE('',#2432,#2493,#2818,.T.);
#1905=EDGE_CURVE('',#2494,#2493,#2819,.T.);
#1906=EDGE_CURVE('',#2433,#2494,#2820,.T.);
#1907=EDGE_CURVE('',#2494,#2495,#2821,.T.);
#1908=EDGE_CURVE('',#2434,#2495,#2822,.T.);
#1909=EDGE_CURVE('',#2495,#2496,#2823,.T.);
#1910=EDGE_CURVE('',#2431,#2496,#2824,.T.);
#1911=EDGE_CURVE('',#2493,#2496,#2825,.T.);
#1912=EDGE_CURVE('',#2447,#2497,#2826,.T.);
#1913=EDGE_CURVE('',#2498,#2497,#2827,.T.);
#1914=EDGE_CURVE('',#2448,#2498,#2828,.T.);
#1915=EDGE_CURVE('',#2498,#2499,#2829,.T.);
#1916=EDGE_CURVE('',#2449,#2499,#2830,.T.);
#1917=EDGE_CURVE('',#2499,#2500,#2831,.T.);
#1918=EDGE_CURVE('',#2446,#2500,#2832,.T.);
#1919=EDGE_CURVE('',#2497,#2500,#2833,.T.);
#1920=EDGE_CURVE('',#2482,#2483,#2834,.T.);
#1921=EDGE_CURVE('',#2501,#2420,#2835,.T.);
#1922=EDGE_CURVE('',#2501,#2479,#2836,.T.);
#1923=EDGE_CURVE('',#2502,#2419,#2837,.T.);
#1924=EDGE_CURVE('',#2502,#2501,#2838,.T.);
#1925=EDGE_CURVE('',#2503,#2418,#2839,.T.);
#1926=EDGE_CURVE('',#2502,#2503,#2840,.T.);
#1927=EDGE_CURVE('',#2504,#2417,#2841,.T.);
#1928=EDGE_CURVE('',#2503,#2504,#2842,.T.);
#1929=EDGE_CURVE('',#2478,#2504,#2843,.T.);
#1930=EDGE_CURVE('',#2505,#2395,#2844,.T.);
#1931=EDGE_CURVE('',#2505,#2506,#274,.T.);
#1932=EDGE_CURVE('',#2506,#2396,#2845,.T.);
#1933=EDGE_CURVE('',#2507,#2405,#2846,.T.);
#1934=EDGE_CURVE('',#2507,#2505,#275,.T.);
#1935=EDGE_CURVE('',#2508,#2404,#2847,.T.);
#1936=EDGE_CURVE('',#2508,#2507,#169,.T.);
#1937=EDGE_CURVE('',#2509,#2403,#2848,.T.);
#1938=EDGE_CURVE('',#2509,#2508,#2849,.F.);
#1939=EDGE_CURVE('',#2510,#2402,#2850,.T.);
#1940=EDGE_CURVE('',#2510,#2509,#170,.T.);
#1941=EDGE_CURVE('',#2511,#2401,#2851,.T.);
#1942=EDGE_CURVE('',#2511,#2510,#276,.T.);
#1943=EDGE_CURVE('',#2512,#2400,#2852,.T.);
#1944=EDGE_CURVE('',#2512,#2511,#171,.T.);
#1945=EDGE_CURVE('',#2513,#2399,#2853,.T.);
#1946=EDGE_CURVE('',#2513,#2512,#2854,.T.);
#1947=EDGE_CURVE('',#2514,#2398,#2855,.T.);
#1948=EDGE_CURVE('',#2514,#2513,#277,.T.);
#1949=EDGE_CURVE('',#2515,#2397,#2856,.T.);
#1950=EDGE_CURVE('',#2515,#2514,#278,.T.);
#1951=EDGE_CURVE('',#2506,#2515,#279,.T.);
#1952=EDGE_CURVE('',#2516,#2381,#2857,.T.);
#1953=EDGE_CURVE('',#2516,#2517,#280,.T.);
#1954=EDGE_CURVE('',#2517,#2382,#2858,.T.);
#1955=EDGE_CURVE('',#2518,#2394,#2859,.T.);
#1956=EDGE_CURVE('',#2518,#2516,#281,.T.);
#1957=EDGE_CURVE('',#2519,#2393,#2860,.T.);
#1958=EDGE_CURVE('',#2519,#2518,#172,.T.);
#1959=EDGE_CURVE('',#2520,#2392,#2861,.T.);
#1960=EDGE_CURVE('',#2520,#2519,#173,.T.);
#1961=EDGE_CURVE('',#2521,#2391,#2862,.T.);
#1962=EDGE_CURVE('',#2521,#2520,#174,.T.);
#1963=EDGE_CURVE('',#2522,#2390,#2863,.T.);
#1964=EDGE_CURVE('',#2522,#2521,#2864,.T.);
#1965=EDGE_CURVE('',#2523,#2389,#2865,.T.);
#1966=EDGE_CURVE('',#2523,#2522,#282,.T.);
#1967=EDGE_CURVE('',#2524,#2388,#2866,.T.);
#1968=EDGE_CURVE('',#2524,#2523,#283,.T.);
#1969=EDGE_CURVE('',#2525,#2387,#2867,.T.);
#1970=EDGE_CURVE('',#2525,#2524,#284,.T.);
#1971=EDGE_CURVE('',#2526,#2386,#2868,.T.);
#1972=EDGE_CURVE('',#2526,#2525,#285,.T.);
#1973=EDGE_CURVE('',#2527,#2385,#2869,.T.);
#1974=EDGE_CURVE('',#2527,#2526,#2870,.T.);
#1975=EDGE_CURVE('',#2528,#2384,#2871,.T.);
#1976=EDGE_CURVE('',#2528,#2527,#175,.T.);
#1977=EDGE_CURVE('',#2529,#2383,#2872,.T.);
#1978=EDGE_CURVE('',#2529,#2528,#286,.T.);
#1979=EDGE_CURVE('',#2517,#2529,#287,.T.);
#1980=EDGE_CURVE('',#2530,#2369,#2873,.T.);
#1981=EDGE_CURVE('',#2530,#2531,#288,.T.);
#1982=EDGE_CURVE('',#2531,#2370,#2874,.T.);
#1983=EDGE_CURVE('',#2532,#2380,#2875,.T.);
#1984=EDGE_CURVE('',#2532,#2530,#2876,.T.);
#1985=EDGE_CURVE('',#2533,#2379,#2877,.T.);
#1986=EDGE_CURVE('',#2533,#2532,#289,.T.);
#1987=EDGE_CURVE('',#2534,#2378,#2878,.T.);
#1988=EDGE_CURVE('',#2534,#2533,#176,.T.);
#1989=EDGE_CURVE('',#2535,#2377,#2879,.T.);
#1990=EDGE_CURVE('',#2535,#2534,#177,.T.);
#1991=EDGE_CURVE('',#2536,#2376,#2880,.T.);
#1992=EDGE_CURVE('',#2536,#2535,#178,.T.);
#1993=EDGE_CURVE('',#2537,#2375,#2881,.T.);
#1994=EDGE_CURVE('',#2537,#2536,#2882,.T.);
#1995=EDGE_CURVE('',#2538,#2374,#2883,.T.);
#1996=EDGE_CURVE('',#2538,#2537,#2884,.T.);
#1997=EDGE_CURVE('',#2539,#2373,#2885,.T.);
#1998=EDGE_CURVE('',#2539,#2538,#2886,.T.);
#1999=EDGE_CURVE('',#2540,#2372,#2887,.T.);
#2000=EDGE_CURVE('',#2540,#2539,#290,.T.);
#2001=EDGE_CURVE('',#2541,#2371,#2888,.T.);
#2002=EDGE_CURVE('',#2541,#2540,#179,.F.);
#2003=EDGE_CURVE('',#2531,#2541,#180,.F.);
#2004=EDGE_CURVE('',#2542,#2356,#2889,.T.);
#2005=EDGE_CURVE('',#2542,#2543,#181,.T.);
#2006=EDGE_CURVE('',#2543,#2357,#2890,.T.);
#2007=EDGE_CURVE('',#2544,#2368,#2891,.T.);
#2008=EDGE_CURVE('',#2544,#2542,#2892,.T.);
#2009=EDGE_CURVE('',#2545,#2367,#2893,.T.);
#2010=EDGE_CURVE('',#2545,#2544,#291,.T.);
#2011=EDGE_CURVE('',#2546,#2366,#2894,.T.);
#2012=EDGE_CURVE('',#2546,#2545,#292,.T.);
#2013=EDGE_CURVE('',#2547,#2365,#2895,.T.);
#2014=EDGE_CURVE('',#2547,#2546,#293,.T.);
#2015=EDGE_CURVE('',#2548,#2364,#2896,.T.);
#2016=EDGE_CURVE('',#2548,#2547,#2897,.T.);
#2017=EDGE_CURVE('',#2549,#2363,#2898,.T.);
#2018=EDGE_CURVE('',#2549,#2548,#294,.T.);
#2019=EDGE_CURVE('',#2550,#2362,#2899,.T.);
#2020=EDGE_CURVE('',#2550,#2549,#295,.T.);
#2021=EDGE_CURVE('',#2551,#2361,#2900,.T.);
#2022=EDGE_CURVE('',#2551,#2550,#182,.T.);
#2023=EDGE_CURVE('',#2552,#2360,#2901,.T.);
#2024=EDGE_CURVE('',#2552,#2551,#183,.T.);
#2025=EDGE_CURVE('',#2553,#2359,#2902,.T.);
#2026=EDGE_CURVE('',#2553,#2552,#296,.T.);
#2027=EDGE_CURVE('',#2554,#2358,#2903,.T.);
#2028=EDGE_CURVE('',#2554,#2553,#297,.T.);
#2029=EDGE_CURVE('',#2543,#2554,#184,.T.);
#2030=EDGE_CURVE('',#2555,#2352,#2904,.T.);
#2031=EDGE_CURVE('',#2555,#2556,#2905,.T.);
#2032=EDGE_CURVE('',#2556,#2353,#2906,.T.);
#2033=EDGE_CURVE('',#2557,#2355,#2907,.T.);
#2034=EDGE_CURVE('',#2557,#2555,#2908,.T.);
#2035=EDGE_CURVE('',#2558,#2354,#2909,.T.);
#2036=EDGE_CURVE('',#2558,#2557,#2910,.T.);
#2037=EDGE_CURVE('',#2556,#2558,#2911,.T.);
#2038=EDGE_CURVE('',#2559,#2327,#2912,.T.);
#2039=EDGE_CURVE('',#2559,#2560,#2913,.T.);
#2040=EDGE_CURVE('',#2560,#2328,#2914,.T.);
#2041=EDGE_CURVE('',#2561,#2351,#2915,.T.);
#2042=EDGE_CURVE('',#2561,#2559,#2916,.T.);
#2043=EDGE_CURVE('',#2562,#2350,#2917,.T.);
#2044=EDGE_CURVE('',#2562,#2561,#298,.T.);
#2045=EDGE_CURVE('',#2563,#2349,#2918,.T.);
#2046=EDGE_CURVE('',#2563,#2562,#299,.T.);
#2047=EDGE_CURVE('',#2564,#2348,#2919,.T.);
#2048=EDGE_CURVE('',#2564,#2563,#300,.T.);
#2049=EDGE_CURVE('',#2565,#2347,#2920,.T.);
#2050=EDGE_CURVE('',#2565,#2564,#301,.T.);
#2051=EDGE_CURVE('',#2566,#2346,#2921,.T.);
#2052=EDGE_CURVE('',#2566,#2565,#302,.T.);
#2053=EDGE_CURVE('',#2567,#2345,#2922,.T.);
#2054=EDGE_CURVE('',#2567,#2566,#303,.T.);
#2055=EDGE_CURVE('',#2568,#2344,#2923,.T.);
#2056=EDGE_CURVE('',#2568,#2567,#2924,.T.);
#2057=EDGE_CURVE('',#2569,#2343,#2925,.T.);
#2058=EDGE_CURVE('',#2569,#2568,#2926,.T.);
#2059=EDGE_CURVE('',#2570,#2342,#2927,.T.);
#2060=EDGE_CURVE('',#2570,#2569,#2928,.T.);
#2061=EDGE_CURVE('',#2571,#2341,#2929,.T.);
#2062=EDGE_CURVE('',#2571,#2570,#304,.T.);
#2063=EDGE_CURVE('',#2572,#2340,#2930,.T.);
#2064=EDGE_CURVE('',#2572,#2571,#305,.T.);
#2065=EDGE_CURVE('',#2573,#2339,#2931,.T.);
#2066=EDGE_CURVE('',#2573,#2572,#306,.T.);
#2067=EDGE_CURVE('',#2574,#2338,#2932,.T.);
#2068=EDGE_CURVE('',#2574,#2573,#307,.T.);
#2069=EDGE_CURVE('',#2575,#2337,#2933,.T.);
#2070=EDGE_CURVE('',#2575,#2574,#308,.T.);
#2071=EDGE_CURVE('',#2576,#2336,#2934,.T.);
#2072=EDGE_CURVE('',#2576,#2575,#309,.T.);
#2073=EDGE_CURVE('',#2577,#2335,#2935,.T.);
#2074=EDGE_CURVE('',#2577,#2576,#310,.T.);
#2075=EDGE_CURVE('',#2578,#2334,#2936,.T.);
#2076=EDGE_CURVE('',#2578,#2577,#311,.T.);
#2077=EDGE_CURVE('',#2579,#2333,#2937,.T.);
#2078=EDGE_CURVE('',#2579,#2578,#2938,.T.);
#2079=EDGE_CURVE('',#2580,#2332,#2939,.T.);
#2080=EDGE_CURVE('',#2580,#2579,#2940,.T.);
#2081=EDGE_CURVE('',#2581,#2331,#2941,.T.);
#2082=EDGE_CURVE('',#2581,#2580,#2942,.T.);
#2083=EDGE_CURVE('',#2582,#2330,#2943,.T.);
#2084=EDGE_CURVE('',#2582,#2581,#312,.T.);
#2085=EDGE_CURVE('',#2583,#2329,#2944,.T.);
#2086=EDGE_CURVE('',#2583,#2582,#185,.F.);
#2087=EDGE_CURVE('',#2560,#2583,#2945,.T.);
#2088=EDGE_CURVE('',#2584,#2323,#2946,.T.);
#2089=EDGE_CURVE('',#2584,#2585,#2947,.T.);
#2090=EDGE_CURVE('',#2585,#2324,#2948,.T.);
#2091=EDGE_CURVE('',#2586,#2326,#2949,.T.);
#2092=EDGE_CURVE('',#2586,#2584,#2950,.T.);
#2093=EDGE_CURVE('',#2587,#2325,#2951,.T.);
#2094=EDGE_CURVE('',#2587,#2586,#2952,.T.);
#2095=EDGE_CURVE('',#2585,#2587,#2953,.T.);
#2096=EDGE_CURVE('',#2588,#2298,#2954,.T.);
#2097=EDGE_CURVE('',#2588,#2589,#2955,.T.);
#2098=EDGE_CURVE('',#2589,#2299,#2956,.T.);
#2099=EDGE_CURVE('',#2590,#2322,#2957,.T.);
#2100=EDGE_CURVE('',#2590,#2588,#2958,.T.);
#2101=EDGE_CURVE('',#2591,#2321,#2959,.T.);
#2102=EDGE_CURVE('',#2591,#2590,#313,.T.);
#2103=EDGE_CURVE('',#2592,#2320,#2960,.T.);
#2104=EDGE_CURVE('',#2592,#2591,#314,.T.);
#2105=EDGE_CURVE('',#2593,#2319,#2961,.T.);
#2106=EDGE_CURVE('',#2593,#2592,#315,.T.);
#2107=EDGE_CURVE('',#2594,#2318,#2962,.T.);
#2108=EDGE_CURVE('',#2594,#2593,#316,.T.);
#2109=EDGE_CURVE('',#2595,#2317,#2963,.T.);
#2110=EDGE_CURVE('',#2595,#2594,#317,.T.);
#2111=EDGE_CURVE('',#2596,#2316,#2964,.T.);
#2112=EDGE_CURVE('',#2596,#2595,#318,.T.);
#2113=EDGE_CURVE('',#2597,#2315,#2965,.T.);
#2114=EDGE_CURVE('',#2597,#2596,#2966,.T.);
#2115=EDGE_CURVE('',#2598,#2314,#2967,.T.);
#2116=EDGE_CURVE('',#2598,#2597,#2968,.T.);
#2117=EDGE_CURVE('',#2599,#2313,#2969,.T.);
#2118=EDGE_CURVE('',#2599,#2598,#2970,.T.);
#2119=EDGE_CURVE('',#2600,#2312,#2971,.T.);
#2120=EDGE_CURVE('',#2600,#2599,#319,.T.);
#2121=EDGE_CURVE('',#2601,#2311,#2972,.T.);
#2122=EDGE_CURVE('',#2601,#2600,#320,.T.);
#2123=EDGE_CURVE('',#2602,#2310,#2973,.T.);
#2124=EDGE_CURVE('',#2602,#2601,#321,.T.);
#2125=EDGE_CURVE('',#2603,#2309,#2974,.T.);
#2126=EDGE_CURVE('',#2603,#2602,#322,.T.);
#2127=EDGE_CURVE('',#2604,#2308,#2975,.T.);
#2128=EDGE_CURVE('',#2604,#2603,#323,.T.);
#2129=EDGE_CURVE('',#2605,#2307,#2976,.T.);
#2130=EDGE_CURVE('',#2605,#2604,#324,.T.);
#2131=EDGE_CURVE('',#2606,#2306,#2977,.T.);
#2132=EDGE_CURVE('',#2606,#2605,#325,.T.);
#2133=EDGE_CURVE('',#2607,#2305,#2978,.T.);
#2134=EDGE_CURVE('',#2607,#2606,#326,.T.);
#2135=EDGE_CURVE('',#2608,#2304,#2979,.T.);
#2136=EDGE_CURVE('',#2608,#2607,#2980,.T.);
#2137=EDGE_CURVE('',#2609,#2303,#2981,.T.);
#2138=EDGE_CURVE('',#2609,#2608,#2982,.T.);
#2139=EDGE_CURVE('',#2610,#2302,#2983,.T.);
#2140=EDGE_CURVE('',#2610,#2609,#2984,.T.);
#2141=EDGE_CURVE('',#2611,#2301,#2985,.T.);
#2142=EDGE_CURVE('',#2611,#2610,#327,.T.);
#2143=EDGE_CURVE('',#2612,#2300,#2986,.T.);
#2144=EDGE_CURVE('',#2612,#2611,#186,.F.);
#2145=EDGE_CURVE('',#2589,#2612,#2987,.T.);
#2146=EDGE_CURVE('',#2613,#2294,#2988,.T.);
#2147=EDGE_CURVE('',#2613,#2614,#2989,.T.);
#2148=EDGE_CURVE('',#2614,#2295,#2990,.T.);
#2149=EDGE_CURVE('',#2615,#2297,#2991,.T.);
#2150=EDGE_CURVE('',#2615,#2613,#2992,.T.);
#2151=EDGE_CURVE('',#2616,#2296,#2993,.T.);
#2152=EDGE_CURVE('',#2616,#2615,#2994,.T.);
#2153=EDGE_CURVE('',#2614,#2616,#2995,.T.);
#2154=EDGE_CURVE('',#2617,#2278,#2996,.T.);
#2155=EDGE_CURVE('',#2617,#2618,#328,.T.);
#2156=EDGE_CURVE('',#2618,#2279,#2997,.T.);
#2157=EDGE_CURVE('',#2619,#2293,#2998,.T.);
#2158=EDGE_CURVE('',#2619,#2617,#329,.T.);
#2159=EDGE_CURVE('',#2620,#2292,#2999,.T.);
#2160=EDGE_CURVE('',#2620,#2619,#3000,.T.);
#2161=EDGE_CURVE('',#2621,#2291,#3001,.T.);
#2162=EDGE_CURVE('',#2621,#2620,#330,.T.);
#2163=EDGE_CURVE('',#2622,#2290,#3002,.T.);
#2164=EDGE_CURVE('',#2622,#2621,#331,.T.);
#2165=EDGE_CURVE('',#2623,#2289,#3003,.T.);
#2166=EDGE_CURVE('',#2623,#2622,#332,.T.);
#2167=EDGE_CURVE('',#2624,#2288,#3004,.T.);
#2168=EDGE_CURVE('',#2624,#2623,#333,.T.);
#2169=EDGE_CURVE('',#2625,#2287,#3005,.T.);
#2170=EDGE_CURVE('',#2625,#2624,#334,.T.);
#2171=EDGE_CURVE('',#2626,#2286,#3006,.T.);
#2172=EDGE_CURVE('',#2626,#2625,#335,.T.);
#2173=EDGE_CURVE('',#2627,#2285,#3007,.T.);
#2174=EDGE_CURVE('',#2627,#2626,#336,.T.);
#2175=EDGE_CURVE('',#2628,#2284,#3008,.T.);
#2176=EDGE_CURVE('',#2628,#2627,#3009,.T.);
#2177=EDGE_CURVE('',#2629,#2283,#3010,.T.);
#2178=EDGE_CURVE('',#2629,#2628,#337,.T.);
#2179=EDGE_CURVE('',#2630,#2282,#3011,.T.);
#2180=EDGE_CURVE('',#2630,#2629,#338,.T.);
#2181=EDGE_CURVE('',#2631,#2281,#3012,.T.);
#2182=EDGE_CURVE('',#2631,#2630,#339,.T.);
#2183=EDGE_CURVE('',#2632,#2280,#3013,.T.);
#2184=EDGE_CURVE('',#2632,#2631,#340,.T.);
#2185=EDGE_CURVE('',#2618,#2632,#341,.T.);
#2186=EDGE_CURVE('',#2633,#2261,#3014,.T.);
#2187=EDGE_CURVE('',#2633,#2634,#342,.T.);
#2188=EDGE_CURVE('',#2634,#2262,#3015,.T.);
#2189=EDGE_CURVE('',#2635,#2277,#3016,.T.);
#2190=EDGE_CURVE('',#2635,#2633,#3017,.T.);
#2191=EDGE_CURVE('',#2636,#2276,#3018,.T.);
#2192=EDGE_CURVE('',#2636,#2635,#187,.T.);
#2193=EDGE_CURVE('',#2637,#2275,#3019,.T.);
#2194=EDGE_CURVE('',#2637,#2636,#343,.T.);
#2195=EDGE_CURVE('',#2638,#2274,#3020,.T.);
#2196=EDGE_CURVE('',#2638,#2637,#344,.T.);
#2197=EDGE_CURVE('',#2639,#2273,#3021,.T.);
#2198=EDGE_CURVE('',#2639,#2638,#345,.T.);
#2199=EDGE_CURVE('',#2640,#2272,#3022,.T.);
#2200=EDGE_CURVE('',#2640,#2639,#346,.T.);
#2201=EDGE_CURVE('',#2641,#2271,#3023,.T.);
#2202=EDGE_CURVE('',#2641,#2640,#347,.T.);
#2203=EDGE_CURVE('',#2642,#2270,#3024,.T.);
#2204=EDGE_CURVE('',#2642,#2641,#348,.T.);
#2205=EDGE_CURVE('',#2643,#2269,#3025,.T.);
#2206=EDGE_CURVE('',#2643,#2642,#349,.T.);
#2207=EDGE_CURVE('',#2644,#2268,#3026,.T.);
#2208=EDGE_CURVE('',#2644,#2643,#3027,.T.);
#2209=EDGE_CURVE('',#2645,#2267,#3028,.T.);
#2210=EDGE_CURVE('',#2645,#2644,#350,.T.);
#2211=EDGE_CURVE('',#2646,#2266,#3029,.T.);
#2212=EDGE_CURVE('',#2646,#2645,#351,.T.);
#2213=EDGE_CURVE('',#2647,#2265,#3030,.T.);
#2214=EDGE_CURVE('',#2647,#2646,#352,.T.);
#2215=EDGE_CURVE('',#2648,#2264,#3031,.T.);
#2216=EDGE_CURVE('',#2648,#2647,#353,.T.);
#2217=EDGE_CURVE('',#2649,#2263,#3032,.T.);
#2218=EDGE_CURVE('',#2649,#2648,#354,.T.);
#2219=EDGE_CURVE('',#2634,#2649,#355,.T.);
#2220=EDGE_CURVE('',#2650,#2254,#3033,.T.);
#2221=EDGE_CURVE('',#2650,#2651,#3034,.T.);
#2222=EDGE_CURVE('',#2651,#2255,#3035,.T.);
#2223=EDGE_CURVE('',#2652,#2260,#3036,.T.);
#2224=EDGE_CURVE('',#2652,#2650,#3037,.T.);
#2225=EDGE_CURVE('',#2653,#2259,#3038,.T.);
#2226=EDGE_CURVE('',#2653,#2652,#3039,.T.);
#2227=EDGE_CURVE('',#2654,#2258,#3040,.T.);
#2228=EDGE_CURVE('',#2654,#2653,#3041,.T.);
#2229=EDGE_CURVE('',#2655,#2257,#3042,.T.);
#2230=EDGE_CURVE('',#2655,#2654,#3043,.T.);
#2231=EDGE_CURVE('',#2656,#2256,#3044,.T.);
#2232=EDGE_CURVE('',#2656,#2655,#3045,.T.);
#2233=EDGE_CURVE('',#2651,#2656,#3046,.T.);
#2234=EDGE_CURVE('',#2657,#2657,#188,.F.);
#2235=EDGE_CURVE('',#2658,#2658,#189,.F.);
#2236=EDGE_CURVE('',#2470,#2248,#3047,.T.);
#2237=EDGE_CURVE('',#2475,#2474,#190,.T.);
#2238=EDGE_CURVE('',#2246,#2245,#191,.T.);
#2239=VERTEX_POINT('',#5398);
#2240=VERTEX_POINT('',#5399);
#2241=VERTEX_POINT('',#5401);
#2242=VERTEX_POINT('',#5403);
#2243=VERTEX_POINT('',#5405);
#2244=VERTEX_POINT('',#5407);
#2245=VERTEX_POINT('',#5410);
#2246=VERTEX_POINT('',#5411);
#2247=VERTEX_POINT('',#5415);
#2248=VERTEX_POINT('',#5416);
#2249=VERTEX_POINT('',#5418);
#2250=VERTEX_POINT('',#5420);
#2251=VERTEX_POINT('',#5422);
#2252=VERTEX_POINT('',#5424);
#2253=VERTEX_POINT('',#5426);
#2254=VERTEX_POINT('',#5430);
#2255=VERTEX_POINT('',#5431);
#2256=VERTEX_POINT('',#5433);
#2257=VERTEX_POINT('',#5435);
#2258=VERTEX_POINT('',#5437);
#2259=VERTEX_POINT('',#5439);
#2260=VERTEX_POINT('',#5441);
#2261=VERTEX_POINT('',#5446);
#2262=VERTEX_POINT('',#5447);
#2263=VERTEX_POINT('',#5451);
#2264=VERTEX_POINT('',#5455);
#2265=VERTEX_POINT('',#5459);
#2266=VERTEX_POINT('',#5463);
#2267=VERTEX_POINT('',#5467);
#2268=VERTEX_POINT('',#5471);
#2269=VERTEX_POINT('',#5473);
#2270=VERTEX_POINT('',#5477);
#2271=VERTEX_POINT('',#5481);
#2272=VERTEX_POINT('',#5485);
#2273=VERTEX_POINT('',#5489);
#2274=VERTEX_POINT('',#5493);
#2275=VERTEX_POINT('',#5497);
#2276=VERTEX_POINT('',#5501);
#2277=VERTEX_POINT('',#5503);
#2278=VERTEX_POINT('',#5508);
#2279=VERTEX_POINT('',#5509);
#2280=VERTEX_POINT('',#5513);
#2281=VERTEX_POINT('',#5517);
#2282=VERTEX_POINT('',#5521);
#2283=VERTEX_POINT('',#5525);
#2284=VERTEX_POINT('',#5529);
#2285=VERTEX_POINT('',#5531);
#2286=VERTEX_POINT('',#5535);
#2287=VERTEX_POINT('',#5539);
#2288=VERTEX_POINT('',#5543);
#2289=VERTEX_POINT('',#5547);
#2290=VERTEX_POINT('',#5551);
#2291=VERTEX_POINT('',#5555);
#2292=VERTEX_POINT('',#5559);
#2293=VERTEX_POINT('',#5561);
#2294=VERTEX_POINT('',#5566);
#2295=VERTEX_POINT('',#5567);
#2296=VERTEX_POINT('',#5569);
#2297=VERTEX_POINT('',#5571);
#2298=VERTEX_POINT('',#5574);
#2299=VERTEX_POINT('',#5575);
#2300=VERTEX_POINT('',#5577);
#2301=VERTEX_POINT('',#5579);
#2302=VERTEX_POINT('',#5583);
#2303=VERTEX_POINT('',#5585);
#2304=VERTEX_POINT('',#5587);
#2305=VERTEX_POINT('',#5589);
#2306=VERTEX_POINT('',#5593);
#2307=VERTEX_POINT('',#5597);
#2308=VERTEX_POINT('',#5601);
#2309=VERTEX_POINT('',#5605);
#2310=VERTEX_POINT('',#5609);
#2311=VERTEX_POINT('',#5613);
#2312=VERTEX_POINT('',#5617);
#2313=VERTEX_POINT('',#5621);
#2314=VERTEX_POINT('',#5623);
#2315=VERTEX_POINT('',#5625);
#2316=VERTEX_POINT('',#5627);
#2317=VERTEX_POINT('',#5631);
#2318=VERTEX_POINT('',#5635);
#2319=VERTEX_POINT('',#5639);
#2320=VERTEX_POINT('',#5643);
#2321=VERTEX_POINT('',#5647);
#2322=VERTEX_POINT('',#5651);
#2323=VERTEX_POINT('',#5654);
#2324=VERTEX_POINT('',#5655);
#2325=VERTEX_POINT('',#5657);
#2326=VERTEX_POINT('',#5659);
#2327=VERTEX_POINT('',#5662);
#2328=VERTEX_POINT('',#5663);
#2329=VERTEX_POINT('',#5665);
#2330=VERTEX_POINT('',#5667);
#2331=VERTEX_POINT('',#5671);
#2332=VERTEX_POINT('',#5673);
#2333=VERTEX_POINT('',#5675);
#2334=VERTEX_POINT('',#5677);
#2335=VERTEX_POINT('',#5681);
#2336=VERTEX_POINT('',#5685);
#2337=VERTEX_POINT('',#5689);
#2338=VERTEX_POINT('',#5693);
#2339=VERTEX_POINT('',#5697);
#2340=VERTEX_POINT('',#5701);
#2341=VERTEX_POINT('',#5705);
#2342=VERTEX_POINT('',#5709);
#2343=VERTEX_POINT('',#5711);
#2344=VERTEX_POINT('',#5713);
#2345=VERTEX_POINT('',#5715);
#2346=VERTEX_POINT('',#5719);
#2347=VERTEX_POINT('',#5723);
#2348=VERTEX_POINT('',#5727);
#2349=VERTEX_POINT('',#5731);
#2350=VERTEX_POINT('',#5735);
#2351=VERTEX_POINT('',#5739);
#2352=VERTEX_POINT('',#5742);
#2353=VERTEX_POINT('',#5743);
#2354=VERTEX_POINT('',#5745);
#2355=VERTEX_POINT('',#5747);
#2356=VERTEX_POINT('',#5750);
#2357=VERTEX_POINT('',#5751);
#2358=VERTEX_POINT('',#5753);
#2359=VERTEX_POINT('',#5757);
#2360=VERTEX_POINT('',#5761);
#2361=VERTEX_POINT('',#5763);
#2362=VERTEX_POINT('',#5765);
#2363=VERTEX_POINT('',#5769);
#2364=VERTEX_POINT('',#5773);
#2365=VERTEX_POINT('',#5775);
#2366=VERTEX_POINT('',#5779);
#2367=VERTEX_POINT('',#5783);
#2368=VERTEX_POINT('',#5787);
#2369=VERTEX_POINT('',#5792);
#2370=VERTEX_POINT('',#5793);
#2371=VERTEX_POINT('',#5795);
#2372=VERTEX_POINT('',#5797);
#2373=VERTEX_POINT('',#5801);
#2374=VERTEX_POINT('',#5803);
#2375=VERTEX_POINT('',#5805);
#2376=VERTEX_POINT('',#5807);
#2377=VERTEX_POINT('',#5809);
#2378=VERTEX_POINT('',#5811);
#2379=VERTEX_POINT('',#5813);
#2380=VERTEX_POINT('',#5817);
#2381=VERTEX_POINT('',#5822);
#2382=VERTEX_POINT('',#5823);
#2383=VERTEX_POINT('',#5827);
#2384=VERTEX_POINT('',#5831);
#2385=VERTEX_POINT('',#5833);
#2386=VERTEX_POINT('',#5835);
#2387=VERTEX_POINT('',#5839);
#2388=VERTEX_POINT('',#5843);
#2389=VERTEX_POINT('',#5847);
#2390=VERTEX_POINT('',#5851);
#2391=VERTEX_POINT('',#5853);
#2392=VERTEX_POINT('',#5855);
#2393=VERTEX_POINT('',#5857);
#2394=VERTEX_POINT('',#5859);
#2395=VERTEX_POINT('',#5866);
#2396=VERTEX_POINT('',#5867);
#2397=VERTEX_POINT('',#5871);
#2398=VERTEX_POINT('',#5875);
#2399=VERTEX_POINT('',#5879);
#2400=VERTEX_POINT('',#5881);
#2401=VERTEX_POINT('',#5883);
#2402=VERTEX_POINT('',#5887);
#2403=VERTEX_POINT('',#5889);
#2404=VERTEX_POINT('',#5891);
#2405=VERTEX_POINT('',#5893);
#2406=VERTEX_POINT('',#5898);
#2407=VERTEX_POINT('',#5900);
#2408=VERTEX_POINT('',#5902);
#2409=VERTEX_POINT('',#5904);
#2410=VERTEX_POINT('',#5906);
#2411=VERTEX_POINT('',#5908);
#2412=VERTEX_POINT('',#5909);
#2413=VERTEX_POINT('',#5911);
#2414=VERTEX_POINT('',#5913);
#2415=VERTEX_POINT('',#5916);
#2416=VERTEX_POINT('',#5917);
#2417=VERTEX_POINT('',#5919);
#2418=VERTEX_POINT('',#5921);
#2419=VERTEX_POINT('',#5923);
#2420=VERTEX_POINT('',#5925);
#2421=VERTEX_POINT('',#5928);
#2422=VERTEX_POINT('',#5930);
#2423=VERTEX_POINT('',#5934);
#2424=VERTEX_POINT('',#5935);
#2425=VERTEX_POINT('',#5938);
#2426=VERTEX_POINT('',#5940);
#2427=VERTEX_POINT('',#5942);
#2428=VERTEX_POINT('',#5944);
#2429=VERTEX_POINT('',#5947);
#2430=VERTEX_POINT('',#5949);
#2431=VERTEX_POINT('',#5953);
#2432=VERTEX_POINT('',#5954);
#2433=VERTEX_POINT('',#5956);
#2434=VERTEX_POINT('',#5958);
#2435=VERTEX_POINT('',#5961);
#2436=VERTEX_POINT('',#5963);
#2437=VERTEX_POINT('',#5965);
#2438=VERTEX_POINT('',#5969);
#2439=VERTEX_POINT('',#5970);
#2440=VERTEX_POINT('',#5972);
#2441=VERTEX_POINT('',#5974);
#2442=VERTEX_POINT('',#5976);
#2443=VERTEX_POINT('',#5978);
#2444=VERTEX_POINT('',#5980);
#2445=VERTEX_POINT('',#5982);
#2446=VERTEX_POINT('',#5985);
#2447=VERTEX_POINT('',#5986);
#2448=VERTEX_POINT('',#5988);
#2449=VERTEX_POINT('',#5990);
#2450=VERTEX_POINT('',#5994);
#2451=VERTEX_POINT('',#5995);
#2452=VERTEX_POINT('',#5997);
#2453=VERTEX_POINT('',#5999);
#2454=VERTEX_POINT('',#6003);
#2455=VERTEX_POINT('',#6004);
#2456=VERTEX_POINT('',#6006);
#2457=VERTEX_POINT('',#6008);
#2458=VERTEX_POINT('',#6010);
#2459=VERTEX_POINT('',#6012);
#2460=VERTEX_POINT('',#6016);
#2461=VERTEX_POINT('',#6018);
#2462=VERTEX_POINT('',#6021);
#2463=VERTEX_POINT('',#6023);
#2464=VERTEX_POINT('',#6029);
#2465=VERTEX_POINT('',#6031);
#2466=VERTEX_POINT('',#6037);
#2467=VERTEX_POINT('',#6039);
#2468=VERTEX_POINT('',#6043);
#2469=VERTEX_POINT('',#6047);
#2470=VERTEX_POINT('',#6053);
#2471=VERTEX_POINT('',#6062);
#2472=VERTEX_POINT('',#6064);
#2473=VERTEX_POINT('',#6068);
#2474=VERTEX_POINT('',#6074);
#2475=VERTEX_POINT('',#6075);
#2476=VERTEX_POINT('',#6082);
#2477=VERTEX_POINT('',#6084);
#2478=VERTEX_POINT('',#6088);
#2479=VERTEX_POINT('',#6095);
#2480=VERTEX_POINT('',#6097);
#2481=VERTEX_POINT('',#6101);
#2482=VERTEX_POINT('',#6105);
#2483=VERTEX_POINT('',#6112);
#2484=VERTEX_POINT('',#6116);
#2485=VERTEX_POINT('',#6119);
#2486=VERTEX_POINT('',#6122);
#2487=VERTEX_POINT('',#6125);
#2488=VERTEX_POINT('',#6126);
#2489=VERTEX_POINT('',#6131);
#2490=VERTEX_POINT('',#6135);
#2491=VERTEX_POINT('',#6141);
#2492=VERTEX_POINT('',#6144);
#2493=VERTEX_POINT('',#6147);
#2494=VERTEX_POINT('',#6149);
#2495=VERTEX_POINT('',#6153);
#2496=VERTEX_POINT('',#6157);
#2497=VERTEX_POINT('',#6164);
#2498=VERTEX_POINT('',#6166);
#2499=VERTEX_POINT('',#6170);
#2500=VERTEX_POINT('',#6174);
#2501=VERTEX_POINT('',#6183);
#2502=VERTEX_POINT('',#6187);
#2503=VERTEX_POINT('',#6191);
#2504=VERTEX_POINT('',#6195);
#2505=VERTEX_POINT('',#6209);
#2506=VERTEX_POINT('',#6213);
#2507=VERTEX_POINT('',#6224);
#2508=VERTEX_POINT('',#6230);
#2509=VERTEX_POINT('',#6234);
#2510=VERTEX_POINT('',#6238);
#2511=VERTEX_POINT('',#6249);
#2512=VERTEX_POINT('',#6255);
#2513=VERTEX_POINT('',#6259);
#2514=VERTEX_POINT('',#6270);
#2515=VERTEX_POINT('',#6283);
#2516=VERTEX_POINT('',#6308);
#2517=VERTEX_POINT('',#6312);
#2518=VERTEX_POINT('',#6323);
#2519=VERTEX_POINT('',#6329);
#2520=VERTEX_POINT('',#6333);
#2521=VERTEX_POINT('',#6337);
#2522=VERTEX_POINT('',#6341);
#2523=VERTEX_POINT('',#6352);
#2524=VERTEX_POINT('',#6365);
#2525=VERTEX_POINT('',#6378);
#2526=VERTEX_POINT('',#6391);
#2527=VERTEX_POINT('',#6397);
#2528=VERTEX_POINT('',#6401);
#2529=VERTEX_POINT('',#6412);
#2530=VERTEX_POINT('',#6437);
#2531=VERTEX_POINT('',#6441);
#2532=VERTEX_POINT('',#6445);
#2533=VERTEX_POINT('',#6456);
#2534=VERTEX_POINT('',#6462);
#2535=VERTEX_POINT('',#6466);
#2536=VERTEX_POINT('',#6470);
#2537=VERTEX_POINT('',#6474);
#2538=VERTEX_POINT('',#6478);
#2539=VERTEX_POINT('',#6482);
#2540=VERTEX_POINT('',#6493);
#2541=VERTEX_POINT('',#6499);
#2542=VERTEX_POINT('',#6506);
#2543=VERTEX_POINT('',#6508);
#2544=VERTEX_POINT('',#6512);
#2545=VERTEX_POINT('',#6523);
#2546=VERTEX_POINT('',#6536);
#2547=VERTEX_POINT('',#6549);
#2548=VERTEX_POINT('',#6555);
#2549=VERTEX_POINT('',#6566);
#2550=VERTEX_POINT('',#6579);
#2551=VERTEX_POINT('',#6585);
#2552=VERTEX_POINT('',#6589);
#2553=VERTEX_POINT('',#6600);
#2554=VERTEX_POINT('',#6613);
#2555=VERTEX_POINT('',#6622);
#2556=VERTEX_POINT('',#6624);
#2557=VERTEX_POINT('',#6628);
#2558=VERTEX_POINT('',#6632);
#2559=VERTEX_POINT('',#6639);
#2560=VERTEX_POINT('',#6641);
#2561=VERTEX_POINT('',#6645);
#2562=VERTEX_POINT('',#6656);
#2563=VERTEX_POINT('',#6669);
#2564=VERTEX_POINT('',#6682);
#2565=VERTEX_POINT('',#6695);
#2566=VERTEX_POINT('',#6708);
#2567=VERTEX_POINT('',#6721);
#2568=VERTEX_POINT('',#6727);
#2569=VERTEX_POINT('',#6731);
#2570=VERTEX_POINT('',#6735);
#2571=VERTEX_POINT('',#6746);
#2572=VERTEX_POINT('',#6759);
#2573=VERTEX_POINT('',#6772);
#2574=VERTEX_POINT('',#6785);
#2575=VERTEX_POINT('',#6798);
#2576=VERTEX_POINT('',#6811);
#2577=VERTEX_POINT('',#6824);
#2578=VERTEX_POINT('',#6837);
#2579=VERTEX_POINT('',#6843);
#2580=VERTEX_POINT('',#6847);
#2581=VERTEX_POINT('',#6851);
#2582=VERTEX_POINT('',#6862);
#2583=VERTEX_POINT('',#6868);
#2584=VERTEX_POINT('',#6875);
#2585=VERTEX_POINT('',#6877);
#2586=VERTEX_POINT('',#6881);
#2587=VERTEX_POINT('',#6885);
#2588=VERTEX_POINT('',#6892);
#2589=VERTEX_POINT('',#6894);
#2590=VERTEX_POINT('',#6898);
#2591=VERTEX_POINT('',#6909);
#2592=VERTEX_POINT('',#6922);
#2593=VERTEX_POINT('',#6935);
#2594=VERTEX_POINT('',#6948);
#2595=VERTEX_POINT('',#6961);
#2596=VERTEX_POINT('',#6974);
#2597=VERTEX_POINT('',#6980);
#2598=VERTEX_POINT('',#6984);
#2599=VERTEX_POINT('',#6988);
#2600=VERTEX_POINT('',#6999);
#2601=VERTEX_POINT('',#7012);
#2602=VERTEX_POINT('',#7025);
#2603=VERTEX_POINT('',#7038);
#2604=VERTEX_POINT('',#7051);
#2605=VERTEX_POINT('',#7064);
#2606=VERTEX_POINT('',#7077);
#2607=VERTEX_POINT('',#7090);
#2608=VERTEX_POINT('',#7096);
#2609=VERTEX_POINT('',#7100);
#2610=VERTEX_POINT('',#7104);
#2611=VERTEX_POINT('',#7115);
#2612=VERTEX_POINT('',#7121);
#2613=VERTEX_POINT('',#7128);
#2614=VERTEX_POINT('',#7130);
#2615=VERTEX_POINT('',#7134);
#2616=VERTEX_POINT('',#7138);
#2617=VERTEX_POINT('',#7152);
#2618=VERTEX_POINT('',#7156);
#2619=VERTEX_POINT('',#7167);
#2620=VERTEX_POINT('',#7173);
#2621=VERTEX_POINT('',#7184);
#2622=VERTEX_POINT('',#7197);
#2623=VERTEX_POINT('',#7210);
#2624=VERTEX_POINT('',#7223);
#2625=VERTEX_POINT('',#7236);
#2626=VERTEX_POINT('',#7249);
#2627=VERTEX_POINT('',#7262);
#2628=VERTEX_POINT('',#7268);
#2629=VERTEX_POINT('',#7279);
#2630=VERTEX_POINT('',#7292);
#2631=VERTEX_POINT('',#7305);
#2632=VERTEX_POINT('',#7318);
#2633=VERTEX_POINT('',#7343);
#2634=VERTEX_POINT('',#7347);
#2635=VERTEX_POINT('',#7351);
#2636=VERTEX_POINT('',#7355);
#2637=VERTEX_POINT('',#7366);
#2638=VERTEX_POINT('',#7379);
#2639=VERTEX_POINT('',#7392);
#2640=VERTEX_POINT('',#7405);
#2641=VERTEX_POINT('',#7418);
#2642=VERTEX_POINT('',#7431);
#2643=VERTEX_POINT('',#7444);
#2644=VERTEX_POINT('',#7450);
#2645=VERTEX_POINT('',#7461);
#2646=VERTEX_POINT('',#7474);
#2647=VERTEX_POINT('',#7487);
#2648=VERTEX_POINT('',#7500);
#2649=VERTEX_POINT('',#7513);
#2650=VERTEX_POINT('',#7531);
#2651=VERTEX_POINT('',#7533);
#2652=VERTEX_POINT('',#7537);
#2653=VERTEX_POINT('',#7541);
#2654=VERTEX_POINT('',#7545);
#2655=VERTEX_POINT('',#7549);
#2656=VERTEX_POINT('',#7553);
#2657=VERTEX_POINT('',#7560);
#2658=VERTEX_POINT('',#7562);
#2659=LINE('',#5397,#3048);
#2660=LINE('',#5402,#3049);
#2661=LINE('',#5404,#3050);
#2662=LINE('',#5406,#3051);
#2663=LINE('',#5408,#3052);
#2664=LINE('',#5409,#3053);
#2665=LINE('',#5414,#3054);
#2666=LINE('',#5417,#3055);
#2667=LINE('',#5419,#3056);
#2668=LINE('',#5423,#3057);
#2669=LINE('',#5425,#3058);
#2670=LINE('',#5427,#3059);
#2671=LINE('',#5429,#3060);
#2672=LINE('',#5432,#3061);
#2673=LINE('',#5434,#3062);
#2674=LINE('',#5436,#3063);
#2675=LINE('',#5438,#3064);
#2676=LINE('',#5440,#3065);
#2677=LINE('',#5442,#3066);
#2678=LINE('',#5472,#3067);
#2679=LINE('',#5504,#3068);
#2680=LINE('',#5530,#3069);
#2681=LINE('',#5560,#3070);
#2682=LINE('',#5565,#3071);
#2683=LINE('',#5568,#3072);
#2684=LINE('',#5570,#3073);
#2685=LINE('',#5572,#3074);
#2686=LINE('',#5573,#3075);
#2687=LINE('',#5576,#3076);
#2688=LINE('',#5584,#3077);
#2689=LINE('',#5586,#3078);
#2690=LINE('',#5588,#3079);
#2691=LINE('',#5622,#3080);
#2692=LINE('',#5624,#3081);
#2693=LINE('',#5626,#3082);
#2694=LINE('',#5652,#3083);
#2695=LINE('',#5653,#3084);
#2696=LINE('',#5656,#3085);
#2697=LINE('',#5658,#3086);
#2698=LINE('',#5660,#3087);
#2699=LINE('',#5661,#3088);
#2700=LINE('',#5664,#3089);
#2701=LINE('',#5672,#3090);
#2702=LINE('',#5674,#3091);
#2703=LINE('',#5676,#3092);
#2704=LINE('',#5710,#3093);
#2705=LINE('',#5712,#3094);
#2706=LINE('',#5714,#3095);
#2707=LINE('',#5740,#3096);
#2708=LINE('',#5741,#3097);
#2709=LINE('',#5744,#3098);
#2710=LINE('',#5746,#3099);
#2711=LINE('',#5748,#3100);
#2712=LINE('',#5774,#3101);
#2713=LINE('',#5788,#3102);
#2714=LINE('',#5802,#3103);
#2715=LINE('',#5804,#3104);
#2716=LINE('',#5806,#3105);
#2717=LINE('',#5818,#3106);
#2718=LINE('',#5834,#3107);
#2719=LINE('',#5852,#3108);
#2720=LINE('',#5880,#3109);
#2721=LINE('',#5890,#3110);
#2722=LINE('',#5907,#3111);
#2723=LINE('',#5910,#3112);
#2724=LINE('',#5912,#3113);
#2725=LINE('',#5914,#3114);
#2726=LINE('',#5915,#3115);
#2727=LINE('',#5918,#3116);
#2728=LINE('',#5920,#3117);
#2729=LINE('',#5922,#3118);
#2730=LINE('',#5924,#3119);
#2731=LINE('',#5926,#3120);
#2732=LINE('',#5927,#3121);
#2733=LINE('',#5929,#3122);
#2734=LINE('',#5931,#3123);
#2735=LINE('',#5933,#3124);
#2736=LINE('',#5936,#3125);
#2737=LINE('',#5937,#3126);
#2738=LINE('',#5939,#3127);
#2739=LINE('',#5941,#3128);
#2740=LINE('',#5943,#3129);
#2741=LINE('',#5945,#3130);
#2742=LINE('',#5946,#3131);
#2743=LINE('',#5948,#3132);
#2744=LINE('',#5950,#3133);
#2745=LINE('',#5952,#3134);
#2746=LINE('',#5955,#3135);
#2747=LINE('',#5957,#3136);
#2748=LINE('',#5959,#3137);
#2749=LINE('',#5960,#3138);
#2750=LINE('',#5964,#3139);
#2751=LINE('',#5966,#3140);
#2752=LINE('',#5968,#3141);
#2753=LINE('',#5971,#3142);
#2754=LINE('',#5973,#3143);
#2755=LINE('',#5975,#3144);
#2756=LINE('',#5977,#3145);
#2757=LINE('',#5979,#3146);
#2758=LINE('',#5981,#3147);
#2759=LINE('',#5983,#3148);
#2760=LINE('',#5984,#3149);
#2761=LINE('',#5987,#3150);
#2762=LINE('',#5989,#3151);
#2763=LINE('',#5991,#3152);
#2764=LINE('',#5993,#3153);
#2765=LINE('',#5996,#3154);
#2766=LINE('',#5998,#3155);
#2767=LINE('',#6000,#3156);
#2768=LINE('',#6002,#3157);
#2769=LINE('',#6005,#3158);
#2770=LINE('',#6007,#3159);
#2771=LINE('',#6009,#3160);
#2772=LINE('',#6011,#3161);
#2773=LINE('',#6013,#3162);
#2774=LINE('',#6032,#3163);
#2775=LINE('',#6034,#3164);
#2776=LINE('',#6038,#3165);
#2777=LINE('',#6042,#3166);
#2778=LINE('',#6046,#3167);
#2779=LINE('',#6052,#3168);
#2780=LINE('',#6054,#3169);
#2781=LINE('',#6055,#3170);
#2782=LINE('',#6057,#3171);
#2783=LINE('',#6059,#3172);
#2784=LINE('',#6061,#3173);
#2785=LINE('',#6063,#3174);
#2786=LINE('',#6065,#3175);
#2787=LINE('',#6067,#3176);
#2788=LINE('',#6069,#3177);
#2789=LINE('',#6071,#3178);
#2790=LINE('',#6076,#3179);
#2791=LINE('',#6078,#3180);
#2792=LINE('',#6081,#3181);
#2793=LINE('',#6083,#3182);
#2794=LINE('',#6085,#3183);
#2795=LINE('',#6087,#3184);
#2796=LINE('',#6089,#3185);
#2797=LINE('',#6090,#3186);
#2798=LINE('',#6092,#3187);
#2799=LINE('',#6094,#3188);
#2800=LINE('',#6096,#3189);
#2801=LINE('',#6098,#3190);
#2802=LINE('',#6100,#3191);
#2803=LINE('',#6102,#3192);
#2804=LINE('',#6104,#3193);
#2805=LINE('',#6106,#3194);
#2806=LINE('',#6107,#3195);
#2807=LINE('',#6109,#3196);
#2808=LINE('',#6111,#3197);
#2809=LINE('',#6113,#3198);
#2810=LINE('',#6124,#3199);
#2811=LINE('',#6127,#3200);
#2812=LINE('',#6128,#3201);
#2813=LINE('',#6130,#3202);
#2814=LINE('',#6132,#3203);
#2815=LINE('',#6134,#3204);
#2816=LINE('',#6136,#3205);
#2817=LINE('',#6138,#3206);
#2818=LINE('',#6146,#3207);
#2819=LINE('',#6148,#3208);
#2820=LINE('',#6150,#3209);
#2821=LINE('',#6152,#3210);
#2822=LINE('',#6154,#3211);
#2823=LINE('',#6156,#3212);
#2824=LINE('',#6158,#3213);
#2825=LINE('',#6160,#3214);
#2826=LINE('',#6163,#3215);
#2827=LINE('',#6165,#3216);
#2828=LINE('',#6167,#3217);
#2829=LINE('',#6169,#3218);
#2830=LINE('',#6171,#3219);
#2831=LINE('',#6173,#3220);
#2832=LINE('',#6175,#3221);
#2833=LINE('',#6177,#3222);
#2834=LINE('',#6180,#3223);
#2835=LINE('',#6182,#3224);
#2836=LINE('',#6184,#3225);
#2837=LINE('',#6186,#3226);
#2838=LINE('',#6188,#3227);
#2839=LINE('',#6190,#3228);
#2840=LINE('',#6192,#3229);
#2841=LINE('',#6194,#3230);
#2842=LINE('',#6196,#3231);
#2843=LINE('',#6198,#3232);
#2844=LINE('',#6208,#3233);
#2845=LINE('',#6214,#3234);
#2846=LINE('',#6223,#3235);
#2847=LINE('',#6229,#3236);
#2848=LINE('',#6233,#3237);
#2849=LINE('',#6235,#3238);
#2850=LINE('',#6237,#3239);
#2851=LINE('',#6248,#3240);
#2852=LINE('',#6254,#3241);
#2853=LINE('',#6258,#3242);
#2854=LINE('',#6260,#3243);
#2855=LINE('',#6269,#3244);
#2856=LINE('',#6282,#3245);
#2857=LINE('',#6307,#3246);
#2858=LINE('',#6313,#3247);
#2859=LINE('',#6322,#3248);
#2860=LINE('',#6328,#3249);
#2861=LINE('',#6332,#3250);
#2862=LINE('',#6336,#3251);
#2863=LINE('',#6340,#3252);
#2864=LINE('',#6342,#3253);
#2865=LINE('',#6351,#3254);
#2866=LINE('',#6364,#3255);
#2867=LINE('',#6377,#3256);
#2868=LINE('',#6390,#3257);
#2869=LINE('',#6396,#3258);
#2870=LINE('',#6398,#3259);
#2871=LINE('',#6400,#3260);
#2872=LINE('',#6411,#3261);
#2873=LINE('',#6436,#3262);
#2874=LINE('',#6442,#3263);
#2875=LINE('',#6444,#3264);
#2876=LINE('',#6446,#3265);
#2877=LINE('',#6455,#3266);
#2878=LINE('',#6461,#3267);
#2879=LINE('',#6465,#3268);
#2880=LINE('',#6469,#3269);
#2881=LINE('',#6473,#3270);
#2882=LINE('',#6475,#3271);
#2883=LINE('',#6477,#3272);
#2884=LINE('',#6479,#3273);
#2885=LINE('',#6481,#3274);
#2886=LINE('',#6483,#3275);
#2887=LINE('',#6492,#3276);
#2888=LINE('',#6498,#3277);
#2889=LINE('',#6505,#3278);
#2890=LINE('',#6509,#3279);
#2891=LINE('',#6511,#3280);
#2892=LINE('',#6513,#3281);
#2893=LINE('',#6522,#3282);
#2894=LINE('',#6535,#3283);
#2895=LINE('',#6548,#3284);
#2896=LINE('',#6554,#3285);
#2897=LINE('',#6556,#3286);
#2898=LINE('',#6565,#3287);
#2899=LINE('',#6578,#3288);
#2900=LINE('',#6584,#3289);
#2901=LINE('',#6588,#3290);
#2902=LINE('',#6599,#3291);
#2903=LINE('',#6612,#3292);
#2904=LINE('',#6621,#3293);
#2905=LINE('',#6623,#3294);
#2906=LINE('',#6625,#3295);
#2907=LINE('',#6627,#3296);
#2908=LINE('',#6629,#3297);
#2909=LINE('',#6631,#3298);
#2910=LINE('',#6633,#3299);
#2911=LINE('',#6635,#3300);
#2912=LINE('',#6638,#3301);
#2913=LINE('',#6640,#3302);
#2914=LINE('',#6642,#3303);
#2915=LINE('',#6644,#3304);
#2916=LINE('',#6646,#3305);
#2917=LINE('',#6655,#3306);
#2918=LINE('',#6668,#3307);
#2919=LINE('',#6681,#3308);
#2920=LINE('',#6694,#3309);
#2921=LINE('',#6707,#3310);
#2922=LINE('',#6720,#3311);
#2923=LINE('',#6726,#3312);
#2924=LINE('',#6728,#3313);
#2925=LINE('',#6730,#3314);
#2926=LINE('',#6732,#3315);
#2927=LINE('',#6734,#3316);
#2928=LINE('',#6736,#3317);
#2929=LINE('',#6745,#3318);
#2930=LINE('',#6758,#3319);
#2931=LINE('',#6771,#3320);
#2932=LINE('',#6784,#3321);
#2933=LINE('',#6797,#3322);
#2934=LINE('',#6810,#3323);
#2935=LINE('',#6823,#3324);
#2936=LINE('',#6836,#3325);
#2937=LINE('',#6842,#3326);
#2938=LINE('',#6844,#3327);
#2939=LINE('',#6846,#3328);
#2940=LINE('',#6848,#3329);
#2941=LINE('',#6850,#3330);
#2942=LINE('',#6852,#3331);
#2943=LINE('',#6861,#3332);
#2944=LINE('',#6867,#3333);
#2945=LINE('',#6871,#3334);
#2946=LINE('',#6874,#3335);
#2947=LINE('',#6876,#3336);
#2948=LINE('',#6878,#3337);
#2949=LINE('',#6880,#3338);
#2950=LINE('',#6882,#3339);
#2951=LINE('',#6884,#3340);
#2952=LINE('',#6886,#3341);
#2953=LINE('',#6888,#3342);
#2954=LINE('',#6891,#3343);
#2955=LINE('',#6893,#3344);
#2956=LINE('',#6895,#3345);
#2957=LINE('',#6897,#3346);
#2958=LINE('',#6899,#3347);
#2959=LINE('',#6908,#3348);
#2960=LINE('',#6921,#3349);
#2961=LINE('',#6934,#3350);
#2962=LINE('',#6947,#3351);
#2963=LINE('',#6960,#3352);
#2964=LINE('',#6973,#3353);
#2965=LINE('',#6979,#3354);
#2966=LINE('',#6981,#3355);
#2967=LINE('',#6983,#3356);
#2968=LINE('',#6985,#3357);
#2969=LINE('',#6987,#3358);
#2970=LINE('',#6989,#3359);
#2971=LINE('',#6998,#3360);
#2972=LINE('',#7011,#3361);
#2973=LINE('',#7024,#3362);
#2974=LINE('',#7037,#3363);
#2975=LINE('',#7050,#3364);
#2976=LINE('',#7063,#3365);
#2977=LINE('',#7076,#3366);
#2978=LINE('',#7089,#3367);
#2979=LINE('',#7095,#3368);
#2980=LINE('',#7097,#3369);
#2981=LINE('',#7099,#3370);
#2982=LINE('',#7101,#3371);
#2983=LINE('',#7103,#3372);
#2984=LINE('',#7105,#3373);
#2985=LINE('',#7114,#3374);
#2986=LINE('',#7120,#3375);
#2987=LINE('',#7124,#3376);
#2988=LINE('',#7127,#3377);
#2989=LINE('',#7129,#3378);
#2990=LINE('',#7131,#3379);
#2991=LINE('',#7133,#3380);
#2992=LINE('',#7135,#3381);
#2993=LINE('',#7137,#3382);
#2994=LINE('',#7139,#3383);
#2995=LINE('',#7141,#3384);
#2996=LINE('',#7151,#3385);
#2997=LINE('',#7157,#3386);
#2998=LINE('',#7166,#3387);
#2999=LINE('',#7172,#3388);
#3000=LINE('',#7174,#3389);
#3001=LINE('',#7183,#3390);
#3002=LINE('',#7196,#3391);
#3003=LINE('',#7209,#3392);
#3004=LINE('',#7222,#3393);
#3005=LINE('',#7235,#3394);
#3006=LINE('',#7248,#3395);
#3007=LINE('',#7261,#3396);
#3008=LINE('',#7267,#3397);
#3009=LINE('',#7269,#3398);
#3010=LINE('',#7278,#3399);
#3011=LINE('',#7291,#3400);
#3012=LINE('',#7304,#3401);
#3013=LINE('',#7317,#3402);
#3014=LINE('',#7342,#3403);
#3015=LINE('',#7348,#3404);
#3016=LINE('',#7350,#3405);
#3017=LINE('',#7352,#3406);
#3018=LINE('',#7354,#3407);
#3019=LINE('',#7365,#3408);
#3020=LINE('',#7378,#3409);
#3021=LINE('',#7391,#3410);
#3022=LINE('',#7404,#3411);
#3023=LINE('',#7417,#3412);
#3024=LINE('',#7430,#3413);
#3025=LINE('',#7443,#3414);
#3026=LINE('',#7449,#3415);
#3027=LINE('',#7451,#3416);
#3028=LINE('',#7460,#3417);
#3029=LINE('',#7473,#3418);
#3030=LINE('',#7486,#3419);
#3031=LINE('',#7499,#3420);
#3032=LINE('',#7512,#3421);
#3033=LINE('',#7530,#3422);
#3034=LINE('',#7532,#3423);
#3035=LINE('',#7534,#3424);
#3036=LINE('',#7536,#3425);
#3037=LINE('',#7538,#3426);
#3038=LINE('',#7540,#3427);
#3039=LINE('',#7542,#3428);
#3040=LINE('',#7544,#3429);
#3041=LINE('',#7546,#3430);
#3042=LINE('',#7548,#3431);
#3043=LINE('',#7550,#3432);
#3044=LINE('',#7552,#3433);
#3045=LINE('',#7554,#3434);
#3046=LINE('',#7556,#3435);
#3047=LINE('',#7563,#3436);
#3048=VECTOR('',#4568,1.);
#3049=VECTOR('',#4571,1.);
#3050=VECTOR('',#4572,1.);
#3051=VECTOR('',#4573,1.);
#3052=VECTOR('',#4574,1.);
#3053=VECTOR('',#4575,1.);
#3054=VECTOR('',#4580,1.);
#3055=VECTOR('',#4581,1.);
#3056=VECTOR('',#4582,1.);
#3057=VECTOR('',#4585,1.);
#3058=VECTOR('',#4586,1.);
#3059=VECTOR('',#4587,1.);
#3060=VECTOR('',#4590,1.);
#3061=VECTOR('',#4591,1.);
#3062=VECTOR('',#4592,1.);
#3063=VECTOR('',#4593,1.);
#3064=VECTOR('',#4594,1.);
#3065=VECTOR('',#4595,1.);
#3066=VECTOR('',#4596,1.);
#3067=VECTOR('',#4597,1.);
#3068=VECTOR('',#4600,1.);
#3069=VECTOR('',#4601,1.);
#3070=VECTOR('',#4602,1.);
#3071=VECTOR('',#4603,1.);
#3072=VECTOR('',#4604,1.);
#3073=VECTOR('',#4605,1.);
#3074=VECTOR('',#4606,1.);
#3075=VECTOR('',#4607,1.);
#3076=VECTOR('',#4608,1.);
#3077=VECTOR('',#4611,1.);
#3078=VECTOR('',#4612,1.);
#3079=VECTOR('',#4613,1.);
#3080=VECTOR('',#4614,1.);
#3081=VECTOR('',#4615,1.);
#3082=VECTOR('',#4616,1.);
#3083=VECTOR('',#4617,1.);
#3084=VECTOR('',#4618,1.);
#3085=VECTOR('',#4619,1.);
#3086=VECTOR('',#4620,1.);
#3087=VECTOR('',#4621,1.);
#3088=VECTOR('',#4622,1.);
#3089=VECTOR('',#4623,1.);
#3090=VECTOR('',#4626,1.);
#3091=VECTOR('',#4627,1.);
#3092=VECTOR('',#4628,1.);
#3093=VECTOR('',#4629,1.);
#3094=VECTOR('',#4630,1.);
#3095=VECTOR('',#4631,1.);
#3096=VECTOR('',#4632,1.);
#3097=VECTOR('',#4633,1.);
#3098=VECTOR('',#4634,1.);
#3099=VECTOR('',#4635,1.);
#3100=VECTOR('',#4636,1.);
#3101=VECTOR('',#4645,1.);
#3102=VECTOR('',#4646,1.);
#3103=VECTOR('',#4651,1.);
#3104=VECTOR('',#4652,1.);
#3105=VECTOR('',#4653,1.);
#3106=VECTOR('',#4660,1.);
#3107=VECTOR('',#4663,1.);
#3108=VECTOR('',#4664,1.);
#3109=VECTOR('',#4671,1.);
#3110=VECTOR('',#4676,1.);
#3111=VECTOR('',#4689,1.);
#3112=VECTOR('',#4690,1.);
#3113=VECTOR('',#4691,1.);
#3114=VECTOR('',#4692,1.);
#3115=VECTOR('',#4693,1.);
#3116=VECTOR('',#4694,1.);
#3117=VECTOR('',#4695,1.);
#3118=VECTOR('',#4696,1.);
#3119=VECTOR('',#4697,1.);
#3120=VECTOR('',#4698,1.);
#3121=VECTOR('',#4699,1.);
#3122=VECTOR('',#4700,1.);
#3123=VECTOR('',#4701,1.);
#3124=VECTOR('',#4704,1.);
#3125=VECTOR('',#4705,1.);
#3126=VECTOR('',#4706,1.);
#3127=VECTOR('',#4707,1.);
#3128=VECTOR('',#4708,1.);
#3129=VECTOR('',#4709,1.);
#3130=VECTOR('',#4710,1.);
#3131=VECTOR('',#4711,1.);
#3132=VECTOR('',#4712,1.);
#3133=VECTOR('',#4713,1.);
#3134=VECTOR('',#4716,1.);
#3135=VECTOR('',#4717,1.);
#3136=VECTOR('',#4718,1.);
#3137=VECTOR('',#4719,1.);
#3138=VECTOR('',#4720,1.);
#3139=VECTOR('',#4723,1.);
#3140=VECTOR('',#4724,1.);
#3141=VECTOR('',#4727,1.);
#3142=VECTOR('',#4728,1.);
#3143=VECTOR('',#4729,1.);
#3144=VECTOR('',#4730,1.);
#3145=VECTOR('',#4731,1.);
#3146=VECTOR('',#4732,1.);
#3147=VECTOR('',#4733,1.);
#3148=VECTOR('',#4734,1.);
#3149=VECTOR('',#4735,1.);
#3150=VECTOR('',#4736,1.);
#3151=VECTOR('',#4737,1.);
#3152=VECTOR('',#4738,1.);
#3153=VECTOR('',#4741,1.);
#3154=VECTOR('',#4742,1.);
#3155=VECTOR('',#4743,1.);
#3156=VECTOR('',#4744,1.);
#3157=VECTOR('',#4747,1.);
#3158=VECTOR('',#4748,1.);
#3159=VECTOR('',#4749,1.);
#3160=VECTOR('',#4750,1.);
#3161=VECTOR('',#4751,1.);
#3162=VECTOR('',#4752,1.);
#3163=VECTOR('',#4777,1.);
#3164=VECTOR('',#4780,1.);
#3165=VECTOR('',#4785,1.);
#3166=VECTOR('',#4790,1.);
#3167=VECTOR('',#4795,1.);
#3168=VECTOR('',#4804,1.);
#3169=VECTOR('',#4805,1.);
#3170=VECTOR('',#4806,1.);
#3171=VECTOR('',#4809,1.);
#3172=VECTOR('',#4812,1.);
#3173=VECTOR('',#4815,1.);
#3174=VECTOR('',#4816,1.);
#3175=VECTOR('',#4817,1.);
#3176=VECTOR('',#4820,1.);
#3177=VECTOR('',#4821,1.);
#3178=VECTOR('',#4824,1.);
#3179=VECTOR('',#4829,1.);
#3180=VECTOR('',#4832,1.);
#3181=VECTOR('',#4837,1.);
#3182=VECTOR('',#4838,1.);
#3183=VECTOR('',#4839,1.);
#3184=VECTOR('',#4842,1.);
#3185=VECTOR('',#4843,1.);
#3186=VECTOR('',#4844,1.);
#3187=VECTOR('',#4847,1.);
#3188=VECTOR('',#4850,1.);
#3189=VECTOR('',#4851,1.);
#3190=VECTOR('',#4852,1.);
#3191=VECTOR('',#4855,1.);
#3192=VECTOR('',#4856,1.);
#3193=VECTOR('',#4859,1.);
#3194=VECTOR('',#4860,1.);
#3195=VECTOR('',#4861,1.);
#3196=VECTOR('',#4864,1.);
#3197=VECTOR('',#4867,1.);
#3198=VECTOR('',#4868,1.);
#3199=VECTOR('',#4883,1.);
#3200=VECTOR('',#4884,1.);
#3201=VECTOR('',#4885,1.);
#3202=VECTOR('',#4888,1.);
#3203=VECTOR('',#4889,1.);
#3204=VECTOR('',#4892,1.);
#3205=VECTOR('',#4893,1.);
#3206=VECTOR('',#4896,1.);
#3207=VECTOR('',#4907,1.);
#3208=VECTOR('',#4908,1.);
#3209=VECTOR('',#4909,1.);
#3210=VECTOR('',#4912,1.);
#3211=VECTOR('',#4913,1.);
#3212=VECTOR('',#4916,1.);
#3213=VECTOR('',#4917,1.);
#3214=VECTOR('',#4920,1.);
#3215=VECTOR('',#4925,1.);
#3216=VECTOR('',#4926,1.);
#3217=VECTOR('',#4927,1.);
#3218=VECTOR('',#4930,1.);
#3219=VECTOR('',#4931,1.);
#3220=VECTOR('',#4934,1.);
#3221=VECTOR('',#4935,1.);
#3222=VECTOR('',#4938,1.);
#3223=VECTOR('',#4943,1.);
#3224=VECTOR('',#4946,1.);
#3225=VECTOR('',#4947,1.);
#3226=VECTOR('',#4950,1.);
#3227=VECTOR('',#4951,1.);
#3228=VECTOR('',#4954,1.);
#3229=VECTOR('',#4955,1.);
#3230=VECTOR('',#4958,1.);
#3231=VECTOR('',#4959,1.);
#3232=VECTOR('',#4962,1.);
#3233=VECTOR('',#4965,1.);
#3234=VECTOR('',#4966,1.);
#3235=VECTOR('',#4967,1.);
#3236=VECTOR('',#4970,1.);
#3237=VECTOR('',#4975,1.);
#3238=VECTOR('',#4976,1.);
#3239=VECTOR('',#4979,1.);
#3240=VECTOR('',#4982,1.);
#3241=VECTOR('',#4985,1.);
#3242=VECTOR('',#4990,1.);
#3243=VECTOR('',#4991,1.);
#3244=VECTOR('',#4992,1.);
#3245=VECTOR('',#4993,1.);
#3246=VECTOR('',#4996,1.);
#3247=VECTOR('',#4997,1.);
#3248=VECTOR('',#4998,1.);
#3249=VECTOR('',#5001,1.);
#3250=VECTOR('',#5006,1.);
#3251=VECTOR('',#5011,1.);
#3252=VECTOR('',#5016,1.);
#3253=VECTOR('',#5017,1.);
#3254=VECTOR('',#5018,1.);
#3255=VECTOR('',#5019,1.);
#3256=VECTOR('',#5020,1.);
#3257=VECTOR('',#5021,1.);
#3258=VECTOR('',#5024,1.);
#3259=VECTOR('',#5025,1.);
#3260=VECTOR('',#5028,1.);
#3261=VECTOR('',#5031,1.);
#3262=VECTOR('',#5034,1.);
#3263=VECTOR('',#5035,1.);
#3264=VECTOR('',#5038,1.);
#3265=VECTOR('',#5039,1.);
#3266=VECTOR('',#5040,1.);
#3267=VECTOR('',#5043,1.);
#3268=VECTOR('',#5048,1.);
#3269=VECTOR('',#5053,1.);
#3270=VECTOR('',#5058,1.);
#3271=VECTOR('',#5059,1.);
#3272=VECTOR('',#5062,1.);
#3273=VECTOR('',#5063,1.);
#3274=VECTOR('',#5066,1.);
#3275=VECTOR('',#5067,1.);
#3276=VECTOR('',#5068,1.);
#3277=VECTOR('',#5071,1.);
#3278=VECTOR('',#5082,1.);
#3279=VECTOR('',#5085,1.);
#3280=VECTOR('',#5088,1.);
#3281=VECTOR('',#5089,1.);
#3282=VECTOR('',#5090,1.);
#3283=VECTOR('',#5091,1.);
#3284=VECTOR('',#5092,1.);
#3285=VECTOR('',#5095,1.);
#3286=VECTOR('',#5096,1.);
#3287=VECTOR('',#5097,1.);
#3288=VECTOR('',#5098,1.);
#3289=VECTOR('',#5101,1.);
#3290=VECTOR('',#5106,1.);
#3291=VECTOR('',#5109,1.);
#3292=VECTOR('',#5110,1.);
#3293=VECTOR('',#5119,1.);
#3294=VECTOR('',#5120,1.);
#3295=VECTOR('',#5121,1.);
#3296=VECTOR('',#5124,1.);
#3297=VECTOR('',#5125,1.);
#3298=VECTOR('',#5128,1.);
#3299=VECTOR('',#5129,1.);
#3300=VECTOR('',#5132,1.);
#3301=VECTOR('',#5137,1.);
#3302=VECTOR('',#5138,1.);
#3303=VECTOR('',#5139,1.);
#3304=VECTOR('',#5142,1.);
#3305=VECTOR('',#5143,1.);
#3306=VECTOR('',#5144,1.);
#3307=VECTOR('',#5145,1.);
#3308=VECTOR('',#5146,1.);
#3309=VECTOR('',#5147,1.);
#3310=VECTOR('',#5148,1.);
#3311=VECTOR('',#5149,1.);
#3312=VECTOR('',#5152,1.);
#3313=VECTOR('',#5153,1.);
#3314=VECTOR('',#5156,1.);
#3315=VECTOR('',#5157,1.);
#3316=VECTOR('',#5160,1.);
#3317=VECTOR('',#5161,1.);
#3318=VECTOR('',#5162,1.);
#3319=VECTOR('',#5163,1.);
#3320=VECTOR('',#5164,1.);
#3321=VECTOR('',#5165,1.);
#3322=VECTOR('',#5166,1.);
#3323=VECTOR('',#5167,1.);
#3324=VECTOR('',#5168,1.);
#3325=VECTOR('',#5169,1.);
#3326=VECTOR('',#5172,1.);
#3327=VECTOR('',#5173,1.);
#3328=VECTOR('',#5176,1.);
#3329=VECTOR('',#5177,1.);
#3330=VECTOR('',#5180,1.);
#3331=VECTOR('',#5181,1.);
#3332=VECTOR('',#5182,1.);
#3333=VECTOR('',#5185,1.);
#3334=VECTOR('',#5190,1.);
#3335=VECTOR('',#5195,1.);
#3336=VECTOR('',#5196,1.);
#3337=VECTOR('',#5197,1.);
#3338=VECTOR('',#5200,1.);
#3339=VECTOR('',#5201,1.);
#3340=VECTOR('',#5204,1.);
#3341=VECTOR('',#5205,1.);
#3342=VECTOR('',#5208,1.);
#3343=VECTOR('',#5213,1.);
#3344=VECTOR('',#5214,1.);
#3345=VECTOR('',#5215,1.);
#3346=VECTOR('',#5218,1.);
#3347=VECTOR('',#5219,1.);
#3348=VECTOR('',#5220,1.);
#3349=VECTOR('',#5221,1.);
#3350=VECTOR('',#5222,1.);
#3351=VECTOR('',#5223,1.);
#3352=VECTOR('',#5224,1.);
#3353=VECTOR('',#5225,1.);
#3354=VECTOR('',#5228,1.);
#3355=VECTOR('',#5229,1.);
#3356=VECTOR('',#5232,1.);
#3357=VECTOR('',#5233,1.);
#3358=VECTOR('',#5236,1.);
#3359=VECTOR('',#5237,1.);
#3360=VECTOR('',#5238,1.);
#3361=VECTOR('',#5239,1.);
#3362=VECTOR('',#5240,1.);
#3363=VECTOR('',#5241,1.);
#3364=VECTOR('',#5242,1.);
#3365=VECTOR('',#5243,1.);
#3366=VECTOR('',#5244,1.);
#3367=VECTOR('',#5245,1.);
#3368=VECTOR('',#5248,1.);
#3369=VECTOR('',#5249,1.);
#3370=VECTOR('',#5252,1.);
#3371=VECTOR('',#5253,1.);
#3372=VECTOR('',#5256,1.);
#3373=VECTOR('',#5257,1.);
#3374=VECTOR('',#5258,1.);
#3375=VECTOR('',#5261,1.);
#3376=VECTOR('',#5266,1.);
#3377=VECTOR('',#5271,1.);
#3378=VECTOR('',#5272,1.);
#3379=VECTOR('',#5273,1.);
#3380=VECTOR('',#5276,1.);
#3381=VECTOR('',#5277,1.);
#3382=VECTOR('',#5280,1.);
#3383=VECTOR('',#5281,1.);
#3384=VECTOR('',#5284,1.);
#3385=VECTOR('',#5287,1.);
#3386=VECTOR('',#5288,1.);
#3387=VECTOR('',#5289,1.);
#3388=VECTOR('',#5292,1.);
#3389=VECTOR('',#5293,1.);
#3390=VECTOR('',#5294,1.);
#3391=VECTOR('',#5295,1.);
#3392=VECTOR('',#5296,1.);
#3393=VECTOR('',#5297,1.);
#3394=VECTOR('',#5298,1.);
#3395=VECTOR('',#5299,1.);
#3396=VECTOR('',#5300,1.);
#3397=VECTOR('',#5303,1.);
#3398=VECTOR('',#5304,1.);
#3399=VECTOR('',#5305,1.);
#3400=VECTOR('',#5306,1.);
#3401=VECTOR('',#5307,1.);
#3402=VECTOR('',#5308,1.);
#3403=VECTOR('',#5311,1.);
#3404=VECTOR('',#5312,1.);
#3405=VECTOR('',#5315,1.);
#3406=VECTOR('',#5316,1.);
#3407=VECTOR('',#5319,1.);
#3408=VECTOR('',#5322,1.);
#3409=VECTOR('',#5323,1.);
#3410=VECTOR('',#5324,1.);
#3411=VECTOR('',#5325,1.);
#3412=VECTOR('',#5326,1.);
#3413=VECTOR('',#5327,1.);
#3414=VECTOR('',#5328,1.);
#3415=VECTOR('',#5331,1.);
#3416=VECTOR('',#5332,1.);
#3417=VECTOR('',#5333,1.);
#3418=VECTOR('',#5334,1.);
#3419=VECTOR('',#5335,1.);
#3420=VECTOR('',#5336,1.);
#3421=VECTOR('',#5337,1.);
#3422=VECTOR('',#5342,1.);
#3423=VECTOR('',#5343,1.);
#3424=VECTOR('',#5344,1.);
#3425=VECTOR('',#5347,1.);
#3426=VECTOR('',#5348,1.);
#3427=VECTOR('',#5351,1.);
#3428=VECTOR('',#5352,1.);
#3429=VECTOR('',#5355,1.);
#3430=VECTOR('',#5356,1.);
#3431=VECTOR('',#5359,1.);
#3432=VECTOR('',#5360,1.);
#3433=VECTOR('',#5363,1.);
#3434=VECTOR('',#5364,1.);
#3435=VECTOR('',#5367,1.);
#3436=VECTOR('',#5376,1.);
#3437=EDGE_LOOP('',(#364,#365,#366,#367,#368,#369));
#3438=EDGE_LOOP('',(#370,#371));
#3439=EDGE_LOOP('',(#372,#373,#374,#375,#376,#377,#378));
#3440=EDGE_LOOP('',(#379,#380,#381,#382,#383,#384,#385));
#3441=EDGE_LOOP('',(#386,#387,#388,#389,#390,#391,#392,#393,#394,#395,#396,
#397,#398,#399,#400,#401,#402));
#3442=EDGE_LOOP('',(#403,#404,#405,#406,#407,#408,#409,#410,#411,#412,#413,
#414,#415,#416,#417,#418));
#3443=EDGE_LOOP('',(#419,#420,#421,#422));
#3444=EDGE_LOOP('',(#423,#424,#425,#426,#427,#428,#429,#430,#431,#432,#433,
#434,#435,#436,#437,#438,#439,#440,#441,#442,#443,#444,#445,#446,#447));
#3445=EDGE_LOOP('',(#448,#449,#450,#451));
#3446=EDGE_LOOP('',(#452,#453,#454,#455,#456,#457,#458,#459,#460,#461,#462,
#463,#464,#465,#466,#467,#468,#469,#470,#471,#472,#473,#474,#475,#476));
#3447=EDGE_LOOP('',(#477,#478,#479,#480));
#3448=EDGE_LOOP('',(#481,#482,#483,#484,#485,#486,#487,#488,#489,#490,#491,
#492,#493));
#3449=EDGE_LOOP('',(#494,#495,#496,#497,#498,#499,#500,#501,#502,#503,#504,
#505));
#3450=EDGE_LOOP('',(#506,#507,#508,#509,#510,#511,#512,#513,#514,#515,#516,
#517,#518,#519));
#3451=EDGE_LOOP('',(#520,#521,#522,#523,#524,#525,#526,#527,#528,#529,#530));
#3452=EDGE_LOOP('',(#531));
#3453=EDGE_LOOP('',(#532));
#3454=EDGE_LOOP('',(#533));
#3455=EDGE_LOOP('',(#534));
#3456=EDGE_LOOP('',(#535));
#3457=EDGE_LOOP('',(#536,#537,#538,#539));
#3458=EDGE_LOOP('',(#540,#541,#542,#543,#544,#545));
#3459=EDGE_LOOP('',(#546,#547,#548,#549));
#3460=EDGE_LOOP('',(#550,#551,#552,#553,#554,#555,#556,#557,#558,#559,#560,
#561));
#3461=EDGE_LOOP('',(#562,#563,#564,#565));
#3462=EDGE_LOOP('',(#566,#567,#568,#569,#570,#571,#572,#573));
#3463=EDGE_LOOP('',(#574,#575,#576,#577,#578,#579,#580,#581));
#3464=EDGE_LOOP('',(#582,#583,#584,#585));
#3465=EDGE_LOOP('',(#586,#587,#588,#589));
#3466=EDGE_LOOP('',(#590,#591,#592,#593,#594,#595));
#3467=EDGE_LOOP('',(#596));
#3468=EDGE_LOOP('',(#597));
#3469=EDGE_LOOP('',(#598));
#3470=EDGE_LOOP('',(#599));
#3471=EDGE_LOOP('',(#600,#601,#602));
#3472=EDGE_LOOP('',(#603,#604,#605,#606));
#3473=EDGE_LOOP('',(#607,#608,#609,#610));
#3474=EDGE_LOOP('',(#611));
#3475=EDGE_LOOP('',(#612));
#3476=EDGE_LOOP('',(#613,#614,#615,#616));
#3477=EDGE_LOOP('',(#617,#618,#619,#620));
#3478=EDGE_LOOP('',(#621,#622,#623,#624,#625,#626));
#3479=EDGE_LOOP('',(#627,#628,#629));
#3480=EDGE_LOOP('',(#630,#631,#632,#633,#634,#635,#636));
#3481=EDGE_LOOP('',(#637,#638,#639,#640,#641));
#3482=EDGE_LOOP('',(#642,#643,#644,#645,#646));
#3483=EDGE_LOOP('',(#647,#648,#649,#650,#651,#652,#653,#654,#655,#656));
#3484=EDGE_LOOP('',(#657));
#3485=EDGE_LOOP('',(#658));
#3486=EDGE_LOOP('',(#659,#660,#661,#662));
#3487=EDGE_LOOP('',(#663,#664,#665,#666));
#3488=EDGE_LOOP('',(#667,#668));
#3489=EDGE_LOOP('',(#669,#670,#671,#672,#673,#674));
#3490=EDGE_LOOP('',(#675,#676,#677,#678,#679,#680));
#3491=EDGE_LOOP('',(#681,#682,#683,#684));
#3492=EDGE_LOOP('',(#685,#686,#687,#688,#689));
#3493=EDGE_LOOP('',(#690,#691,#692,#693));
#3494=EDGE_LOOP('',(#694,#695,#696,#697,#698));
#3495=EDGE_LOOP('',(#699,#700,#701,#702));
#3496=EDGE_LOOP('',(#703,#704,#705,#706,#707,#708));
#3497=EDGE_LOOP('',(#709,#710,#711,#712));
#3498=EDGE_LOOP('',(#713,#714,#715,#716,#717,#718));
#3499=EDGE_LOOP('',(#719));
#3500=EDGE_LOOP('',(#720));
#3501=EDGE_LOOP('',(#721));
#3502=EDGE_LOOP('',(#722));
#3503=EDGE_LOOP('',(#723));
#3504=EDGE_LOOP('',(#724));
#3505=EDGE_LOOP('',(#725,#726,#727,#728));
#3506=EDGE_LOOP('',(#729,#730,#731,#732));
#3507=EDGE_LOOP('',(#733,#734,#735,#736));
#3508=EDGE_LOOP('',(#737,#738,#739,#740));
#3509=EDGE_LOOP('',(#741));
#3510=EDGE_LOOP('',(#742));
#3511=EDGE_LOOP('',(#743));
#3512=EDGE_LOOP('',(#744));
#3513=EDGE_LOOP('',(#745,#746,#747,#748));
#3514=EDGE_LOOP('',(#749,#750,#751,#752));
#3515=EDGE_LOOP('',(#753,#754,#755,#756));
#3516=EDGE_LOOP('',(#757,#758,#759,#760));
#3517=EDGE_LOOP('',(#761));
#3518=EDGE_LOOP('',(#762));
#3519=EDGE_LOOP('',(#763));
#3520=EDGE_LOOP('',(#764));
#3521=EDGE_LOOP('',(#765));
#3522=EDGE_LOOP('',(#766,#767,#768,#769));
#3523=EDGE_LOOP('',(#770,#771,#772,#773));
#3524=EDGE_LOOP('',(#774,#775,#776,#777));
#3525=EDGE_LOOP('',(#778,#779,#780,#781));
#3526=EDGE_LOOP('',(#782,#783,#784,#785));
#3527=EDGE_LOOP('',(#786,#787,#788,#789));
#3528=EDGE_LOOP('',(#790,#791,#792,#793));
#3529=EDGE_LOOP('',(#794,#795,#796,#797));
#3530=EDGE_LOOP('',(#798,#799,#800,#801));
#3531=EDGE_LOOP('',(#802,#803,#804,#805));
#3532=EDGE_LOOP('',(#806,#807,#808,#809));
#3533=EDGE_LOOP('',(#810,#811,#812,#813));
#3534=EDGE_LOOP('',(#814,#815,#816,#817));
#3535=EDGE_LOOP('',(#818,#819,#820,#821,#822,#823,#824,#825,#826,#827,#828,
#829));
#3536=EDGE_LOOP('',(#830,#831,#832,#833));
#3537=EDGE_LOOP('',(#834,#835,#836,#837));
#3538=EDGE_LOOP('',(#838,#839,#840,#841));
#3539=EDGE_LOOP('',(#842,#843,#844,#845));
#3540=EDGE_LOOP('',(#846,#847,#848,#849));
#3541=EDGE_LOOP('',(#850,#851,#852,#853));
#3542=EDGE_LOOP('',(#854,#855,#856,#857));
#3543=EDGE_LOOP('',(#858,#859,#860,#861));
#3544=EDGE_LOOP('',(#862,#863,#864,#865));
#3545=EDGE_LOOP('',(#866,#867,#868,#869));
#3546=EDGE_LOOP('',(#870,#871,#872,#873));
#3547=EDGE_LOOP('',(#874,#875,#876,#877,#878,#879,#880,#881,#882,#883,#884));
#3548=EDGE_LOOP('',(#885,#886,#887,#888));
#3549=EDGE_LOOP('',(#889,#890,#891,#892));
#3550=EDGE_LOOP('',(#893,#894,#895,#896));
#3551=EDGE_LOOP('',(#897,#898,#899,#900));
#3552=EDGE_LOOP('',(#901,#902,#903,#904));
#3553=EDGE_LOOP('',(#905,#906,#907,#908));
#3554=EDGE_LOOP('',(#909,#910,#911,#912));
#3555=EDGE_LOOP('',(#913,#914,#915,#916));
#3556=EDGE_LOOP('',(#917,#918,#919,#920));
#3557=EDGE_LOOP('',(#921,#922,#923,#924));
#3558=EDGE_LOOP('',(#925,#926,#927,#928));
#3559=EDGE_LOOP('',(#929,#930,#931,#932));
#3560=EDGE_LOOP('',(#933,#934,#935,#936));
#3561=EDGE_LOOP('',(#937,#938,#939,#940));
#3562=EDGE_LOOP('',(#941,#942,#943,#944,#945,#946,#947,#948,#949,#950,#951,
#952,#953,#954));
#3563=EDGE_LOOP('',(#955,#956,#957,#958));
#3564=EDGE_LOOP('',(#959,#960,#961,#962));
#3565=EDGE_LOOP('',(#963,#964,#965,#966));
#3566=EDGE_LOOP('',(#967,#968,#969,#970));
#3567=EDGE_LOOP('',(#971,#972,#973,#974));
#3568=EDGE_LOOP('',(#975,#976,#977,#978));
#3569=EDGE_LOOP('',(#979,#980,#981,#982));
#3570=EDGE_LOOP('',(#983,#984,#985,#986));
#3571=EDGE_LOOP('',(#987,#988,#989,#990));
#3572=EDGE_LOOP('',(#991,#992,#993,#994));
#3573=EDGE_LOOP('',(#995,#996,#997,#998));
#3574=EDGE_LOOP('',(#999,#1000,#1001,#1002));
#3575=EDGE_LOOP('',(#1003,#1004,#1005,#1006,#1007,#1008,#1009,#1010,#1011,
#1012,#1013,#1014));
#3576=EDGE_LOOP('',(#1015,#1016,#1017,#1018));
#3577=EDGE_LOOP('',(#1019,#1020,#1021,#1022));
#3578=EDGE_LOOP('',(#1023,#1024,#1025,#1026));
#3579=EDGE_LOOP('',(#1027,#1028,#1029,#1030));
#3580=EDGE_LOOP('',(#1031,#1032,#1033,#1034));
#3581=EDGE_LOOP('',(#1035,#1036,#1037,#1038));
#3582=EDGE_LOOP('',(#1039,#1040,#1041,#1042));
#3583=EDGE_LOOP('',(#1043,#1044,#1045,#1046));
#3584=EDGE_LOOP('',(#1047,#1048,#1049,#1050));
#3585=EDGE_LOOP('',(#1051,#1052,#1053,#1054));
#3586=EDGE_LOOP('',(#1055,#1056,#1057,#1058));
#3587=EDGE_LOOP('',(#1059,#1060,#1061,#1062));
#3588=EDGE_LOOP('',(#1063,#1064,#1065,#1066));
#3589=EDGE_LOOP('',(#1067,#1068,#1069,#1070,#1071,#1072,#1073,#1074,#1075,
#1076,#1077,#1078,#1079));
#3590=EDGE_LOOP('',(#1080,#1081,#1082,#1083));
#3591=EDGE_LOOP('',(#1084,#1085,#1086,#1087));
#3592=EDGE_LOOP('',(#1088,#1089,#1090,#1091));
#3593=EDGE_LOOP('',(#1092,#1093,#1094,#1095));
#3594=EDGE_LOOP('',(#1096,#1097,#1098,#1099));
#3595=EDGE_LOOP('',(#1100,#1101,#1102,#1103));
#3596=EDGE_LOOP('',(#1104,#1105,#1106,#1107));
#3597=EDGE_LOOP('',(#1108,#1109,#1110,#1111));
#3598=EDGE_LOOP('',(#1112,#1113,#1114,#1115));
#3599=EDGE_LOOP('',(#1116,#1117,#1118,#1119));
#3600=EDGE_LOOP('',(#1120,#1121,#1122,#1123));
#3601=EDGE_LOOP('',(#1124,#1125,#1126,#1127));
#3602=EDGE_LOOP('',(#1128,#1129,#1130,#1131));
#3603=EDGE_LOOP('',(#1132,#1133,#1134,#1135));
#3604=EDGE_LOOP('',(#1136,#1137,#1138,#1139));
#3605=EDGE_LOOP('',(#1140,#1141,#1142,#1143));
#3606=EDGE_LOOP('',(#1144,#1145,#1146,#1147));
#3607=EDGE_LOOP('',(#1148,#1149,#1150,#1151));
#3608=EDGE_LOOP('',(#1152,#1153,#1154,#1155));
#3609=EDGE_LOOP('',(#1156,#1157,#1158,#1159));
#3610=EDGE_LOOP('',(#1160,#1161,#1162,#1163));
#3611=EDGE_LOOP('',(#1164,#1165,#1166,#1167));
#3612=EDGE_LOOP('',(#1168,#1169,#1170,#1171));
#3613=EDGE_LOOP('',(#1172,#1173,#1174,#1175));
#3614=EDGE_LOOP('',(#1176,#1177,#1178,#1179));
#3615=EDGE_LOOP('',(#1180,#1181,#1182,#1183));
#3616=EDGE_LOOP('',(#1184,#1185,#1186,#1187));
#3617=EDGE_LOOP('',(#1188,#1189,#1190,#1191));
#3618=EDGE_LOOP('',(#1192,#1193,#1194,#1195));
#3619=EDGE_LOOP('',(#1196,#1197,#1198,#1199));
#3620=EDGE_LOOP('',(#1200,#1201,#1202,#1203,#1204,#1205,#1206,#1207,#1208,
#1209,#1210,#1211,#1212,#1213,#1214,#1215,#1216,#1217,#1218,#1219,#1220,
#1221,#1222,#1223,#1224));
#3621=EDGE_LOOP('',(#1225,#1226,#1227,#1228));
#3622=EDGE_LOOP('',(#1229,#1230,#1231,#1232));
#3623=EDGE_LOOP('',(#1233,#1234,#1235,#1236));
#3624=EDGE_LOOP('',(#1237,#1238,#1239,#1240));
#3625=EDGE_LOOP('',(#1241,#1242,#1243,#1244));
#3626=EDGE_LOOP('',(#1245,#1246,#1247,#1248));
#3627=EDGE_LOOP('',(#1249,#1250,#1251,#1252));
#3628=EDGE_LOOP('',(#1253,#1254,#1255,#1256));
#3629=EDGE_LOOP('',(#1257,#1258,#1259,#1260));
#3630=EDGE_LOOP('',(#1261,#1262,#1263,#1264));
#3631=EDGE_LOOP('',(#1265,#1266,#1267,#1268));
#3632=EDGE_LOOP('',(#1269,#1270,#1271,#1272));
#3633=EDGE_LOOP('',(#1273,#1274,#1275,#1276));
#3634=EDGE_LOOP('',(#1277,#1278,#1279,#1280));
#3635=EDGE_LOOP('',(#1281,#1282,#1283,#1284));
#3636=EDGE_LOOP('',(#1285,#1286,#1287,#1288));
#3637=EDGE_LOOP('',(#1289,#1290,#1291,#1292));
#3638=EDGE_LOOP('',(#1293,#1294,#1295,#1296));
#3639=EDGE_LOOP('',(#1297,#1298,#1299,#1300));
#3640=EDGE_LOOP('',(#1301,#1302,#1303,#1304));
#3641=EDGE_LOOP('',(#1305,#1306,#1307,#1308));
#3642=EDGE_LOOP('',(#1309,#1310,#1311,#1312));
#3643=EDGE_LOOP('',(#1313,#1314,#1315,#1316));
#3644=EDGE_LOOP('',(#1317,#1318,#1319,#1320));
#3645=EDGE_LOOP('',(#1321,#1322,#1323,#1324));
#3646=EDGE_LOOP('',(#1325,#1326,#1327,#1328));
#3647=EDGE_LOOP('',(#1329,#1330,#1331,#1332));
#3648=EDGE_LOOP('',(#1333,#1334,#1335,#1336));
#3649=EDGE_LOOP('',(#1337,#1338,#1339,#1340));
#3650=EDGE_LOOP('',(#1341,#1342,#1343,#1344));
#3651=EDGE_LOOP('',(#1345,#1346,#1347,#1348,#1349,#1350,#1351,#1352,#1353,
#1354,#1355,#1356,#1357,#1358,#1359,#1360,#1361,#1362,#1363,#1364,#1365,
#1366,#1367,#1368,#1369));
#3652=EDGE_LOOP('',(#1370,#1371,#1372,#1373));
#3653=EDGE_LOOP('',(#1374,#1375,#1376,#1377));
#3654=EDGE_LOOP('',(#1378,#1379,#1380,#1381));
#3655=EDGE_LOOP('',(#1382,#1383,#1384,#1385));
#3656=EDGE_LOOP('',(#1386,#1387,#1388,#1389));
#3657=EDGE_LOOP('',(#1390,#1391,#1392,#1393));
#3658=EDGE_LOOP('',(#1394,#1395,#1396,#1397));
#3659=EDGE_LOOP('',(#1398,#1399,#1400,#1401));
#3660=EDGE_LOOP('',(#1402,#1403,#1404,#1405));
#3661=EDGE_LOOP('',(#1406,#1407,#1408,#1409));
#3662=EDGE_LOOP('',(#1410,#1411,#1412,#1413));
#3663=EDGE_LOOP('',(#1414,#1415,#1416,#1417));
#3664=EDGE_LOOP('',(#1418,#1419,#1420,#1421));
#3665=EDGE_LOOP('',(#1422,#1423,#1424,#1425));
#3666=EDGE_LOOP('',(#1426,#1427,#1428,#1429));
#3667=EDGE_LOOP('',(#1430,#1431,#1432,#1433));
#3668=EDGE_LOOP('',(#1434,#1435,#1436,#1437));
#3669=EDGE_LOOP('',(#1438,#1439,#1440,#1441));
#3670=EDGE_LOOP('',(#1442,#1443,#1444,#1445));
#3671=EDGE_LOOP('',(#1446,#1447,#1448,#1449));
#3672=EDGE_LOOP('',(#1450,#1451,#1452,#1453));
#3673=EDGE_LOOP('',(#1454,#1455,#1456,#1457,#1458,#1459,#1460,#1461,#1462,
#1463,#1464,#1465,#1466,#1467,#1468,#1469));
#3674=EDGE_LOOP('',(#1470,#1471,#1472,#1473));
#3675=EDGE_LOOP('',(#1474,#1475,#1476,#1477));
#3676=EDGE_LOOP('',(#1478,#1479,#1480,#1481));
#3677=EDGE_LOOP('',(#1482,#1483,#1484,#1485));
#3678=EDGE_LOOP('',(#1486,#1487,#1488,#1489));
#3679=EDGE_LOOP('',(#1490,#1491,#1492,#1493));
#3680=EDGE_LOOP('',(#1494,#1495,#1496,#1497));
#3681=EDGE_LOOP('',(#1498,#1499,#1500,#1501));
#3682=EDGE_LOOP('',(#1502,#1503,#1504,#1505));
#3683=EDGE_LOOP('',(#1506,#1507,#1508,#1509));
#3684=EDGE_LOOP('',(#1510,#1511,#1512,#1513));
#3685=EDGE_LOOP('',(#1514,#1515,#1516,#1517));
#3686=EDGE_LOOP('',(#1518,#1519,#1520,#1521));
#3687=EDGE_LOOP('',(#1522,#1523,#1524,#1525));
#3688=EDGE_LOOP('',(#1526,#1527,#1528,#1529));
#3689=EDGE_LOOP('',(#1530,#1531,#1532,#1533));
#3690=EDGE_LOOP('',(#1534,#1535,#1536,#1537));
#3691=EDGE_LOOP('',(#1538,#1539,#1540,#1541,#1542,#1543,#1544,#1545,#1546,
#1547,#1548,#1549,#1550,#1551,#1552,#1553,#1554));
#3692=EDGE_LOOP('',(#1555,#1556,#1557,#1558));
#3693=EDGE_LOOP('',(#1559,#1560,#1561,#1562));
#3694=EDGE_LOOP('',(#1563,#1564,#1565,#1566));
#3695=EDGE_LOOP('',(#1567,#1568,#1569,#1570));
#3696=EDGE_LOOP('',(#1571,#1572,#1573,#1574));
#3697=EDGE_LOOP('',(#1575,#1576,#1577,#1578));
#3698=EDGE_LOOP('',(#1579,#1580,#1581,#1582));
#3699=EDGE_LOOP('',(#1583,#1584,#1585,#1586,#1587,#1588,#1589));
#3700=EDGE_LOOP('',(#1590));
#3701=EDGE_LOOP('',(#1591));
#3702=EDGE_LOOP('',(#1592,#1593,#1594,#1595));
#3703=EDGE_LOOP('',(#1596,#1597,#1598,#1599));
#3704=EDGE_LOOP('',(#1600,#1601));
#3705=EDGE_LOOP('',(#1602));
#3706=EDGE_LOOP('',(#1603,#1604));
#3707=EDGE_LOOP('',(#1605));
#3708=EDGE_LOOP('',(#1606,#1607));
#3709=EDGE_LOOP('',(#1608,#1609));
#3710=EDGE_LOOP('',(#1610,#1611));
#3711=EDGE_LOOP('',(#1612,#1613));
#3712=FACE_BOUND('',#3437,.T.);
#3713=FACE_BOUND('',#3438,.T.);
#3714=FACE_BOUND('',#3439,.T.);
#3715=FACE_BOUND('',#3440,.T.);
#3716=FACE_BOUND('',#3441,.T.);
#3717=FACE_BOUND('',#3442,.T.);
#3718=FACE_BOUND('',#3443,.T.);
#3719=FACE_BOUND('',#3444,.T.);
#3720=FACE_BOUND('',#3445,.T.);
#3721=FACE_BOUND('',#3446,.T.);
#3722=FACE_BOUND('',#3447,.T.);
#3723=FACE_BOUND('',#3448,.T.);
#3724=FACE_BOUND('',#3449,.T.);
#3725=FACE_BOUND('',#3450,.T.);
#3726=FACE_BOUND('',#3451,.T.);
#3727=FACE_BOUND('',#3452,.T.);
#3728=FACE_BOUND('',#3453,.T.);
#3729=FACE_BOUND('',#3454,.T.);
#3730=FACE_BOUND('',#3455,.T.);
#3731=FACE_BOUND('',#3456,.T.);
#3732=FACE_BOUND('',#3457,.T.);
#3733=FACE_BOUND('',#3458,.T.);
#3734=FACE_BOUND('',#3459,.T.);
#3735=FACE_BOUND('',#3460,.T.);
#3736=FACE_BOUND('',#3461,.T.);
#3737=FACE_BOUND('',#3462,.T.);
#3738=FACE_BOUND('',#3463,.T.);
#3739=FACE_BOUND('',#3464,.T.);
#3740=FACE_BOUND('',#3465,.T.);
#3741=FACE_BOUND('',#3466,.T.);
#3742=FACE_BOUND('',#3467,.T.);
#3743=FACE_BOUND('',#3468,.T.);
#3744=FACE_BOUND('',#3469,.T.);
#3745=FACE_BOUND('',#3470,.T.);
#3746=FACE_BOUND('',#3471,.T.);
#3747=FACE_BOUND('',#3472,.T.);
#3748=FACE_BOUND('',#3473,.T.);
#3749=FACE_BOUND('',#3474,.T.);
#3750=FACE_BOUND('',#3475,.T.);
#3751=FACE_BOUND('',#3476,.T.);
#3752=FACE_BOUND('',#3477,.T.);
#3753=FACE_BOUND('',#3478,.T.);
#3754=FACE_BOUND('',#3479,.T.);
#3755=FACE_BOUND('',#3480,.T.);
#3756=FACE_BOUND('',#3481,.T.);
#3757=FACE_BOUND('',#3482,.T.);
#3758=FACE_BOUND('',#3483,.T.);
#3759=FACE_BOUND('',#3484,.T.);
#3760=FACE_BOUND('',#3485,.T.);
#3761=FACE_BOUND('',#3486,.T.);
#3762=FACE_BOUND('',#3487,.T.);
#3763=FACE_BOUND('',#3488,.T.);
#3764=FACE_BOUND('',#3489,.T.);
#3765=FACE_BOUND('',#3490,.T.);
#3766=FACE_BOUND('',#3491,.T.);
#3767=FACE_BOUND('',#3492,.T.);
#3768=FACE_BOUND('',#3493,.T.);
#3769=FACE_BOUND('',#3494,.T.);
#3770=FACE_BOUND('',#3495,.T.);
#3771=FACE_BOUND('',#3496,.T.);
#3772=FACE_BOUND('',#3497,.T.);
#3773=FACE_BOUND('',#3498,.T.);
#3774=FACE_BOUND('',#3499,.T.);
#3775=FACE_BOUND('',#3500,.T.);
#3776=FACE_BOUND('',#3501,.T.);
#3777=FACE_BOUND('',#3502,.T.);
#3778=FACE_BOUND('',#3503,.T.);
#3779=FACE_BOUND('',#3504,.T.);
#3780=FACE_BOUND('',#3505,.T.);
#3781=FACE_BOUND('',#3506,.T.);
#3782=FACE_BOUND('',#3507,.T.);
#3783=FACE_BOUND('',#3508,.T.);
#3784=FACE_BOUND('',#3509,.T.);
#3785=FACE_BOUND('',#3510,.T.);
#3786=FACE_BOUND('',#3511,.T.);
#3787=FACE_BOUND('',#3512,.T.);
#3788=FACE_BOUND('',#3513,.T.);
#3789=FACE_BOUND('',#3514,.T.);
#3790=FACE_BOUND('',#3515,.T.);
#3791=FACE_BOUND('',#3516,.T.);
#3792=FACE_BOUND('',#3517,.T.);
#3793=FACE_BOUND('',#3518,.T.);
#3794=FACE_BOUND('',#3519,.T.);
#3795=FACE_BOUND('',#3520,.T.);
#3796=FACE_BOUND('',#3521,.T.);
#3797=FACE_BOUND('',#3522,.T.);
#3798=FACE_BOUND('',#3523,.T.);
#3799=FACE_BOUND('',#3524,.T.);
#3800=FACE_BOUND('',#3525,.T.);
#3801=FACE_BOUND('',#3526,.T.);
#3802=FACE_BOUND('',#3527,.T.);
#3803=FACE_BOUND('',#3528,.T.);
#3804=FACE_BOUND('',#3529,.T.);
#3805=FACE_BOUND('',#3530,.T.);
#3806=FACE_BOUND('',#3531,.T.);
#3807=FACE_BOUND('',#3532,.T.);
#3808=FACE_BOUND('',#3533,.T.);
#3809=FACE_BOUND('',#3534,.T.);
#3810=FACE_BOUND('',#3535,.T.);
#3811=FACE_BOUND('',#3536,.T.);
#3812=FACE_BOUND('',#3537,.T.);
#3813=FACE_BOUND('',#3538,.T.);
#3814=FACE_BOUND('',#3539,.T.);
#3815=FACE_BOUND('',#3540,.T.);
#3816=FACE_BOUND('',#3541,.T.);
#3817=FACE_BOUND('',#3542,.T.);
#3818=FACE_BOUND('',#3543,.T.);
#3819=FACE_BOUND('',#3544,.T.);
#3820=FACE_BOUND('',#3545,.T.);
#3821=FACE_BOUND('',#3546,.T.);
#3822=FACE_BOUND('',#3547,.T.);
#3823=FACE_BOUND('',#3548,.T.);
#3824=FACE_BOUND('',#3549,.T.);
#3825=FACE_BOUND('',#3550,.T.);
#3826=FACE_BOUND('',#3551,.T.);
#3827=FACE_BOUND('',#3552,.T.);
#3828=FACE_BOUND('',#3553,.T.);
#3829=FACE_BOUND('',#3554,.T.);
#3830=FACE_BOUND('',#3555,.T.);
#3831=FACE_BOUND('',#3556,.T.);
#3832=FACE_BOUND('',#3557,.T.);
#3833=FACE_BOUND('',#3558,.T.);
#3834=FACE_BOUND('',#3559,.T.);
#3835=FACE_BOUND('',#3560,.T.);
#3836=FACE_BOUND('',#3561,.T.);
#3837=FACE_BOUND('',#3562,.T.);
#3838=FACE_BOUND('',#3563,.T.);
#3839=FACE_BOUND('',#3564,.T.);
#3840=FACE_BOUND('',#3565,.T.);
#3841=FACE_BOUND('',#3566,.T.);
#3842=FACE_BOUND('',#3567,.T.);
#3843=FACE_BOUND('',#3568,.T.);
#3844=FACE_BOUND('',#3569,.T.);
#3845=FACE_BOUND('',#3570,.T.);
#3846=FACE_BOUND('',#3571,.T.);
#3847=FACE_BOUND('',#3572,.T.);
#3848=FACE_BOUND('',#3573,.T.);
#3849=FACE_BOUND('',#3574,.T.);
#3850=FACE_BOUND('',#3575,.T.);
#3851=FACE_BOUND('',#3576,.T.);
#3852=FACE_BOUND('',#3577,.T.);
#3853=FACE_BOUND('',#3578,.T.);
#3854=FACE_BOUND('',#3579,.T.);
#3855=FACE_BOUND('',#3580,.T.);
#3856=FACE_BOUND('',#3581,.T.);
#3857=FACE_BOUND('',#3582,.T.);
#3858=FACE_BOUND('',#3583,.T.);
#3859=FACE_BOUND('',#3584,.T.);
#3860=FACE_BOUND('',#3585,.T.);
#3861=FACE_BOUND('',#3586,.T.);
#3862=FACE_BOUND('',#3587,.T.);
#3863=FACE_BOUND('',#3588,.T.);
#3864=FACE_BOUND('',#3589,.T.);
#3865=FACE_BOUND('',#3590,.T.);
#3866=FACE_BOUND('',#3591,.T.);
#3867=FACE_BOUND('',#3592,.T.);
#3868=FACE_BOUND('',#3593,.T.);
#3869=FACE_BOUND('',#3594,.T.);
#3870=FACE_BOUND('',#3595,.T.);
#3871=FACE_BOUND('',#3596,.T.);
#3872=FACE_BOUND('',#3597,.T.);
#3873=FACE_BOUND('',#3598,.T.);
#3874=FACE_BOUND('',#3599,.T.);
#3875=FACE_BOUND('',#3600,.T.);
#3876=FACE_BOUND('',#3601,.T.);
#3877=FACE_BOUND('',#3602,.T.);
#3878=FACE_BOUND('',#3603,.T.);
#3879=FACE_BOUND('',#3604,.T.);
#3880=FACE_BOUND('',#3605,.T.);
#3881=FACE_BOUND('',#3606,.T.);
#3882=FACE_BOUND('',#3607,.T.);
#3883=FACE_BOUND('',#3608,.T.);
#3884=FACE_BOUND('',#3609,.T.);
#3885=FACE_BOUND('',#3610,.T.);
#3886=FACE_BOUND('',#3611,.T.);
#3887=FACE_BOUND('',#3612,.T.);
#3888=FACE_BOUND('',#3613,.T.);
#3889=FACE_BOUND('',#3614,.T.);
#3890=FACE_BOUND('',#3615,.T.);
#3891=FACE_BOUND('',#3616,.T.);
#3892=FACE_BOUND('',#3617,.T.);
#3893=FACE_BOUND('',#3618,.T.);
#3894=FACE_BOUND('',#3619,.T.);
#3895=FACE_BOUND('',#3620,.T.);
#3896=FACE_BOUND('',#3621,.T.);
#3897=FACE_BOUND('',#3622,.T.);
#3898=FACE_BOUND('',#3623,.T.);
#3899=FACE_BOUND('',#3624,.T.);
#3900=FACE_BOUND('',#3625,.T.);
#3901=FACE_BOUND('',#3626,.T.);
#3902=FACE_BOUND('',#3627,.T.);
#3903=FACE_BOUND('',#3628,.T.);
#3904=FACE_BOUND('',#3629,.T.);
#3905=FACE_BOUND('',#3630,.T.);
#3906=FACE_BOUND('',#3631,.T.);
#3907=FACE_BOUND('',#3632,.T.);
#3908=FACE_BOUND('',#3633,.T.);
#3909=FACE_BOUND('',#3634,.T.);
#3910=FACE_BOUND('',#3635,.T.);
#3911=FACE_BOUND('',#3636,.T.);
#3912=FACE_BOUND('',#3637,.T.);
#3913=FACE_BOUND('',#3638,.T.);
#3914=FACE_BOUND('',#3639,.T.);
#3915=FACE_BOUND('',#3640,.T.);
#3916=FACE_BOUND('',#3641,.T.);
#3917=FACE_BOUND('',#3642,.T.);
#3918=FACE_BOUND('',#3643,.T.);
#3919=FACE_BOUND('',#3644,.T.);
#3920=FACE_BOUND('',#3645,.T.);
#3921=FACE_BOUND('',#3646,.T.);
#3922=FACE_BOUND('',#3647,.T.);
#3923=FACE_BOUND('',#3648,.T.);
#3924=FACE_BOUND('',#3649,.T.);
#3925=FACE_BOUND('',#3650,.T.);
#3926=FACE_BOUND('',#3651,.T.);
#3927=FACE_BOUND('',#3652,.T.);
#3928=FACE_BOUND('',#3653,.T.);
#3929=FACE_BOUND('',#3654,.T.);
#3930=FACE_BOUND('',#3655,.T.);
#3931=FACE_BOUND('',#3656,.T.);
#3932=FACE_BOUND('',#3657,.T.);
#3933=FACE_BOUND('',#3658,.T.);
#3934=FACE_BOUND('',#3659,.T.);
#3935=FACE_BOUND('',#3660,.T.);
#3936=FACE_BOUND('',#3661,.T.);
#3937=FACE_BOUND('',#3662,.T.);
#3938=FACE_BOUND('',#3663,.T.);
#3939=FACE_BOUND('',#3664,.T.);
#3940=FACE_BOUND('',#3665,.T.);
#3941=FACE_BOUND('',#3666,.T.);
#3942=FACE_BOUND('',#3667,.T.);
#3943=FACE_BOUND('',#3668,.T.);
#3944=FACE_BOUND('',#3669,.T.);
#3945=FACE_BOUND('',#3670,.T.);
#3946=FACE_BOUND('',#3671,.T.);
#3947=FACE_BOUND('',#3672,.T.);
#3948=FACE_BOUND('',#3673,.T.);
#3949=FACE_BOUND('',#3674,.T.);
#3950=FACE_BOUND('',#3675,.T.);
#3951=FACE_BOUND('',#3676,.T.);
#3952=FACE_BOUND('',#3677,.T.);
#3953=FACE_BOUND('',#3678,.T.);
#3954=FACE_BOUND('',#3679,.T.);
#3955=FACE_BOUND('',#3680,.T.);
#3956=FACE_BOUND('',#3681,.T.);
#3957=FACE_BOUND('',#3682,.T.);
#3958=FACE_BOUND('',#3683,.T.);
#3959=FACE_BOUND('',#3684,.T.);
#3960=FACE_BOUND('',#3685,.T.);
#3961=FACE_BOUND('',#3686,.T.);
#3962=FACE_BOUND('',#3687,.T.);
#3963=FACE_BOUND('',#3688,.T.);
#3964=FACE_BOUND('',#3689,.T.);
#3965=FACE_BOUND('',#3690,.T.);
#3966=FACE_BOUND('',#3691,.T.);
#3967=FACE_BOUND('',#3692,.T.);
#3968=FACE_BOUND('',#3693,.T.);
#3969=FACE_BOUND('',#3694,.T.);
#3970=FACE_BOUND('',#3695,.T.);
#3971=FACE_BOUND('',#3696,.T.);
#3972=FACE_BOUND('',#3697,.T.);
#3973=FACE_BOUND('',#3698,.T.);
#3974=FACE_BOUND('',#3699,.T.);
#3975=FACE_BOUND('',#3700,.T.);
#3976=FACE_BOUND('',#3701,.T.);
#3977=FACE_BOUND('',#3702,.T.);
#3978=FACE_BOUND('',#3703,.T.);
#3979=FACE_BOUND('',#3704,.T.);
#3980=FACE_BOUND('',#3705,.T.);
#3981=FACE_BOUND('',#3706,.T.);
#3982=FACE_BOUND('',#3707,.T.);
#3983=FACE_BOUND('',#3708,.T.);
#3984=FACE_BOUND('',#3709,.T.);
#3985=FACE_BOUND('',#3710,.T.);
#3986=FACE_BOUND('',#3711,.T.);
#3987=PLANE('',#4344);
#3988=PLANE('',#4347);
#3989=PLANE('',#4349);
#3990=PLANE('',#4374);
#3991=PLANE('',#4375);
#3992=PLANE('',#4378);
#3993=PLANE('',#4379);
#3994=PLANE('',#4392);
#3995=PLANE('',#4393);
#3996=PLANE('',#4398);
#3997=PLANE('',#4402);
#3998=PLANE('',#4403);
#3999=PLANE('',#4404);
#4000=PLANE('',#4405);
#4001=PLANE('',#4406);
#4002=PLANE('',#4407);
#4003=PLANE('',#4408);
#4004=PLANE('',#4411);
#4005=PLANE('',#4412);
#4006=PLANE('',#4413);
#4007=PLANE('',#4414);
#4008=PLANE('',#4415);
#4009=PLANE('',#4416);
#4010=PLANE('',#4417);
#4011=PLANE('',#4418);
#4012=PLANE('',#4419);
#4013=PLANE('',#4426);
#4014=PLANE('',#4427);
#4015=PLANE('',#4428);
#4016=PLANE('',#4429);
#4017=PLANE('',#4434);
#4018=PLANE('',#4435);
#4019=PLANE('',#4436);
#4020=PLANE('',#4437);
#4021=PLANE('',#4438);
#4022=PLANE('',#4439);
#4023=PLANE('',#4440);
#4024=PLANE('',#4441);
#4025=PLANE('',#4442);
#4026=PLANE('',#4443);
#4027=PLANE('',#4444);
#4028=PLANE('',#4445);
#4029=PLANE('',#4446);
#4030=PLANE('',#4447);
#4031=PLANE('',#4448);
#4032=PLANE('',#4449);
#4033=PLANE('',#4450);
#4034=PLANE('',#4453);
#4035=PLANE('',#4458);
#4036=PLANE('',#4459);
#4037=PLANE('',#4466);
#4038=PLANE('',#4467);
#4039=PLANE('',#4470);
#4040=PLANE('',#4471);
#4041=PLANE('',#4478);
#4042=PLANE('',#4479);
#4043=PLANE('',#4480);
#4044=PLANE('',#4485);
#4045=PLANE('',#4488);
#4046=PLANE('',#4489);
#4047=PLANE('',#4496);
#4048=PLANE('',#4497);
#4049=PLANE('',#4498);
#4050=PLANE('',#4499);
#4051=PLANE('',#4500);
#4052=PLANE('',#4501);
#4053=PLANE('',#4502);
#4054=PLANE('',#4503);
#4055=PLANE('',#4504);
#4056=PLANE('',#4505);
#4057=PLANE('',#4506);
#4058=PLANE('',#4507);
#4059=PLANE('',#4508);
#4060=PLANE('',#4509);
#4061=PLANE('',#4512);
#4062=PLANE('',#4513);
#4063=PLANE('',#4514);
#4064=PLANE('',#4515);
#4065=PLANE('',#4516);
#4066=PLANE('',#4517);
#4067=PLANE('',#4518);
#4068=PLANE('',#4519);
#4069=PLANE('',#4520);
#4070=PLANE('',#4521);
#4071=PLANE('',#4522);
#4072=PLANE('',#4523);
#4073=PLANE('',#4524);
#4074=PLANE('',#4525);
#4075=PLANE('',#4526);
#4076=PLANE('',#4529);
#4077=PLANE('',#4530);
#4078=PLANE('',#4531);
#4079=PLANE('',#4532);
#4080=PLANE('',#4533);
#4081=PLANE('',#4534);
#4082=PLANE('',#4535);
#4083=PLANE('',#4536);
#4084=PLANE('',#4537);
#4085=PLANE('',#4538);
#4086=PLANE('',#4539);
#4087=PLANE('',#4542);
#4088=PLANE('',#4543);
#4089=PLANE('',#4544);
#4090=PLANE('',#4545);
#4091=PLANE('',#4546);
#4092=PLANE('',#4547);
#4093=PLANE('',#4548);
#4094=PLANE('',#4549);
#4095=PLANE('',#4550);
#4096=PLANE('',#4551);
#4097=PLANE('',#4552);
#4098=PLANE('',#4555);
#4099=PLANE('',#4560);
#4100=PLANE('',#4563);
#4101=ADVANCED_FACE('',(#3712,#3713),#3987,.T.);
#4102=ADVANCED_FACE('',(#3714),#3988,.T.);
#4103=ADVANCED_FACE('',(#3715,#3716,#3717,#3718,#3719,#3720,#3721,#3722,
#3723,#3724,#3725,#3726,#3727,#3728,#3729,#3730,#3731,#3732,#3733,#3734),
#3989,.T.);
#4104=ADVANCED_FACE('',(#3735),#3990,.T.);
#4105=ADVANCED_FACE('',(#3736,#3737,#3738,#3739),#3991,.T.);
#4106=ADVANCED_FACE('',(#3740),#3992,.T.);
#4107=ADVANCED_FACE('',(#3741),#3993,.F.);
#4108=ADVANCED_FACE('',(#3742,#3743),#94,.F.);
#4109=ADVANCED_FACE('',(#3744,#3745),#95,.F.);
#4110=ADVANCED_FACE('',(#3746),#96,.F.);
#4111=ADVANCED_FACE('',(#3747),#97,.T.);
#4112=ADVANCED_FACE('',(#3748,#3749),#3994,.T.);
#4113=ADVANCED_FACE('',(#3750,#3751),#3995,.T.);
#4114=ADVANCED_FACE('',(#3752),#98,.T.);
#4115=ADVANCED_FACE('',(#3753),#3996,.T.);
#4116=ADVANCED_FACE('',(#3754),#99,.F.);
#4117=ADVANCED_FACE('',(#3755),#3997,.F.);
#4118=ADVANCED_FACE('',(#3756),#3998,.T.);
#4119=ADVANCED_FACE('',(#3757),#3999,.F.);
#4120=ADVANCED_FACE('',(#3758,#3759,#3760),#4000,.F.);
#4121=ADVANCED_FACE('',(#3761),#4001,.T.);
#4122=ADVANCED_FACE('',(#3762),#4002,.T.);
#4123=ADVANCED_FACE('',(#3763,#3764),#4003,.T.);
#4124=ADVANCED_FACE('',(#3765),#4004,.T.);
#4125=ADVANCED_FACE('',(#3766),#4005,.T.);
#4126=ADVANCED_FACE('',(#3767),#4006,.T.);
#4127=ADVANCED_FACE('',(#3768),#4007,.T.);
#4128=ADVANCED_FACE('',(#3769),#4008,.F.);
#4129=ADVANCED_FACE('',(#3770),#4009,.T.);
#4130=ADVANCED_FACE('',(#3771),#4010,.T.);
#4131=ADVANCED_FACE('',(#3772),#4011,.T.);
#4132=ADVANCED_FACE('',(#3773),#4012,.F.);
#4133=ADVANCED_FACE('',(#3774,#3775),#100,.F.);
#4134=ADVANCED_FACE('',(#3776,#3777),#101,.F.);
#4135=ADVANCED_FACE('',(#3778,#3779),#102,.F.);
#4136=ADVANCED_FACE('',(#3780),#4013,.T.);
#4137=ADVANCED_FACE('',(#3781),#4014,.F.);
#4138=ADVANCED_FACE('',(#3782),#4015,.F.);
#4139=ADVANCED_FACE('',(#3783),#4016,.T.);
#4140=ADVANCED_FACE('',(#3784,#3785),#103,.F.);
#4141=ADVANCED_FACE('',(#3786,#3787),#104,.F.);
#4142=ADVANCED_FACE('',(#3788),#4017,.T.);
#4143=ADVANCED_FACE('',(#3789),#4018,.F.);
#4144=ADVANCED_FACE('',(#3790),#4019,.F.);
#4145=ADVANCED_FACE('',(#3791),#4020,.T.);
#4146=ADVANCED_FACE('',(#3792,#3793,#3794,#3795,#3796,#3797),#4021,.F.);
#4147=ADVANCED_FACE('',(#3798),#4022,.T.);
#4148=ADVANCED_FACE('',(#3799),#4023,.F.);
#4149=ADVANCED_FACE('',(#3800),#4024,.F.);
#4150=ADVANCED_FACE('',(#3801),#4025,.T.);
#4151=ADVANCED_FACE('',(#3802,#3803),#4026,.F.);
#4152=ADVANCED_FACE('',(#3804),#4027,.T.);
#4153=ADVANCED_FACE('',(#3805),#4028,.T.);
#4154=ADVANCED_FACE('',(#3806),#4029,.T.);
#4155=ADVANCED_FACE('',(#3807),#4030,.F.);
#4156=ADVANCED_FACE('',(#3808),#4031,.F.);
#4157=ADVANCED_FACE('',(#3809),#4032,.T.);
#4158=ADVANCED_FACE('',(#3810),#4033,.T.);
#4159=ADVANCED_FACE('',(#3811),#12,.T.);
#4160=ADVANCED_FACE('',(#3812),#13,.T.);
#4161=ADVANCED_FACE('',(#3813),#105,.T.);
#4162=ADVANCED_FACE('',(#3814),#4034,.T.);
#4163=ADVANCED_FACE('',(#3815),#106,.T.);
#4164=ADVANCED_FACE('',(#3816),#14,.T.);
#4165=ADVANCED_FACE('',(#3817),#107,.T.);
#4166=ADVANCED_FACE('',(#3818),#4035,.T.);
#4167=ADVANCED_FACE('',(#3819),#15,.T.);
#4168=ADVANCED_FACE('',(#3820),#16,.T.);
#4169=ADVANCED_FACE('',(#3821),#17,.T.);
#4170=ADVANCED_FACE('',(#3822),#4036,.T.);
#4171=ADVANCED_FACE('',(#3823),#18,.T.);
#4172=ADVANCED_FACE('',(#3824),#19,.T.);
#4173=ADVANCED_FACE('',(#3825),#108,.T.);
#4174=ADVANCED_FACE('',(#3826),#109,.T.);
#4175=ADVANCED_FACE('',(#3827),#110,.T.);
#4176=ADVANCED_FACE('',(#3828),#4037,.T.);
#4177=ADVANCED_FACE('',(#3829),#20,.T.);
#4178=ADVANCED_FACE('',(#3830),#21,.T.);
#4179=ADVANCED_FACE('',(#3831),#22,.T.);
#4180=ADVANCED_FACE('',(#3832),#23,.T.);
#4181=ADVANCED_FACE('',(#3833),#4038,.T.);
#4182=ADVANCED_FACE('',(#3834),#111,.T.);
#4183=ADVANCED_FACE('',(#3835),#24,.T.);
#4184=ADVANCED_FACE('',(#3836),#25,.T.);
#4185=ADVANCED_FACE('',(#3837),#4039,.T.);
#4186=ADVANCED_FACE('',(#3838),#26,.T.);
#4187=ADVANCED_FACE('',(#3839),#4040,.T.);
#4188=ADVANCED_FACE('',(#3840),#27,.T.);
#4189=ADVANCED_FACE('',(#3841),#112,.T.);
#4190=ADVANCED_FACE('',(#3842),#113,.T.);
#4191=ADVANCED_FACE('',(#3843),#114,.T.);
#4192=ADVANCED_FACE('',(#3844),#4041,.T.);
#4193=ADVANCED_FACE('',(#3845),#4042,.T.);
#4194=ADVANCED_FACE('',(#3846),#4043,.T.);
#4195=ADVANCED_FACE('',(#3847),#28,.T.);
#4196=ADVANCED_FACE('',(#3848),#115,.F.);
#4197=ADVANCED_FACE('',(#3849),#116,.F.);
#4198=ADVANCED_FACE('',(#3850),#4044,.T.);
#4199=ADVANCED_FACE('',(#3851),#117,.T.);
#4200=ADVANCED_FACE('',(#3852),#4045,.T.);
#4201=ADVANCED_FACE('',(#3853),#29,.T.);
#4202=ADVANCED_FACE('',(#3854),#30,.T.);
#4203=ADVANCED_FACE('',(#3855),#31,.T.);
#4204=ADVANCED_FACE('',(#3856),#4046,.T.);
#4205=ADVANCED_FACE('',(#3857),#32,.T.);
#4206=ADVANCED_FACE('',(#3858),#33,.T.);
#4207=ADVANCED_FACE('',(#3859),#118,.T.);
#4208=ADVANCED_FACE('',(#3860),#119,.T.);
#4209=ADVANCED_FACE('',(#3861),#34,.T.);
#4210=ADVANCED_FACE('',(#3862),#35,.T.);
#4211=ADVANCED_FACE('',(#3863),#120,.T.);
#4212=ADVANCED_FACE('',(#3864),#4047,.T.);
#4213=ADVANCED_FACE('',(#3865),#4048,.T.);
#4214=ADVANCED_FACE('',(#3866),#4049,.T.);
#4215=ADVANCED_FACE('',(#3867),#4050,.T.);
#4216=ADVANCED_FACE('',(#3868),#4051,.T.);
#4217=ADVANCED_FACE('',(#3869),#4052,.T.);
#4218=ADVANCED_FACE('',(#3870),#4053,.T.);
#4219=ADVANCED_FACE('',(#3871),#4054,.T.);
#4220=ADVANCED_FACE('',(#3872),#36,.T.);
#4221=ADVANCED_FACE('',(#3873),#37,.T.);
#4222=ADVANCED_FACE('',(#3874),#38,.T.);
#4223=ADVANCED_FACE('',(#3875),#39,.T.);
#4224=ADVANCED_FACE('',(#3876),#40,.T.);
#4225=ADVANCED_FACE('',(#3877),#41,.T.);
#4226=ADVANCED_FACE('',(#3878),#4055,.T.);
#4227=ADVANCED_FACE('',(#3879),#4056,.T.);
#4228=ADVANCED_FACE('',(#3880),#4057,.T.);
#4229=ADVANCED_FACE('',(#3881),#42,.T.);
#4230=ADVANCED_FACE('',(#3882),#43,.T.);
#4231=ADVANCED_FACE('',(#3883),#44,.T.);
#4232=ADVANCED_FACE('',(#3884),#45,.T.);
#4233=ADVANCED_FACE('',(#3885),#46,.T.);
#4234=ADVANCED_FACE('',(#3886),#47,.T.);
#4235=ADVANCED_FACE('',(#3887),#48,.T.);
#4236=ADVANCED_FACE('',(#3888),#49,.T.);
#4237=ADVANCED_FACE('',(#3889),#4058,.T.);
#4238=ADVANCED_FACE('',(#3890),#4059,.T.);
#4239=ADVANCED_FACE('',(#3891),#4060,.T.);
#4240=ADVANCED_FACE('',(#3892),#50,.T.);
#4241=ADVANCED_FACE('',(#3893),#121,.F.);
#4242=ADVANCED_FACE('',(#3894),#4061,.T.);
#4243=ADVANCED_FACE('',(#3895),#4062,.T.);
#4244=ADVANCED_FACE('',(#3896),#4063,.T.);
#4245=ADVANCED_FACE('',(#3897),#4064,.T.);
#4246=ADVANCED_FACE('',(#3898),#4065,.T.);
#4247=ADVANCED_FACE('',(#3899),#4066,.T.);
#4248=ADVANCED_FACE('',(#3900),#4067,.T.);
#4249=ADVANCED_FACE('',(#3901),#4068,.T.);
#4250=ADVANCED_FACE('',(#3902),#4069,.T.);
#4251=ADVANCED_FACE('',(#3903),#51,.T.);
#4252=ADVANCED_FACE('',(#3904),#52,.T.);
#4253=ADVANCED_FACE('',(#3905),#53,.T.);
#4254=ADVANCED_FACE('',(#3906),#54,.T.);
#4255=ADVANCED_FACE('',(#3907),#55,.T.);
#4256=ADVANCED_FACE('',(#3908),#56,.T.);
#4257=ADVANCED_FACE('',(#3909),#4070,.T.);
#4258=ADVANCED_FACE('',(#3910),#4071,.T.);
#4259=ADVANCED_FACE('',(#3911),#4072,.T.);
#4260=ADVANCED_FACE('',(#3912),#57,.T.);
#4261=ADVANCED_FACE('',(#3913),#58,.T.);
#4262=ADVANCED_FACE('',(#3914),#59,.T.);
#4263=ADVANCED_FACE('',(#3915),#60,.T.);
#4264=ADVANCED_FACE('',(#3916),#61,.T.);
#4265=ADVANCED_FACE('',(#3917),#62,.T.);
#4266=ADVANCED_FACE('',(#3918),#63,.T.);
#4267=ADVANCED_FACE('',(#3919),#64,.T.);
#4268=ADVANCED_FACE('',(#3920),#4073,.T.);
#4269=ADVANCED_FACE('',(#3921),#4074,.T.);
#4270=ADVANCED_FACE('',(#3922),#4075,.T.);
#4271=ADVANCED_FACE('',(#3923),#65,.T.);
#4272=ADVANCED_FACE('',(#3924),#122,.F.);
#4273=ADVANCED_FACE('',(#3925),#4076,.T.);
#4274=ADVANCED_FACE('',(#3926),#4077,.T.);
#4275=ADVANCED_FACE('',(#3927),#4078,.T.);
#4276=ADVANCED_FACE('',(#3928),#4079,.T.);
#4277=ADVANCED_FACE('',(#3929),#4080,.T.);
#4278=ADVANCED_FACE('',(#3930),#4081,.T.);
#4279=ADVANCED_FACE('',(#3931),#4082,.T.);
#4280=ADVANCED_FACE('',(#3932),#66,.T.);
#4281=ADVANCED_FACE('',(#3933),#67,.T.);
#4282=ADVANCED_FACE('',(#3934),#4083,.T.);
#4283=ADVANCED_FACE('',(#3935),#68,.T.);
#4284=ADVANCED_FACE('',(#3936),#69,.T.);
#4285=ADVANCED_FACE('',(#3937),#70,.T.);
#4286=ADVANCED_FACE('',(#3938),#71,.T.);
#4287=ADVANCED_FACE('',(#3939),#72,.T.);
#4288=ADVANCED_FACE('',(#3940),#73,.T.);
#4289=ADVANCED_FACE('',(#3941),#74,.T.);
#4290=ADVANCED_FACE('',(#3942),#4084,.T.);
#4291=ADVANCED_FACE('',(#3943),#75,.T.);
#4292=ADVANCED_FACE('',(#3944),#76,.T.);
#4293=ADVANCED_FACE('',(#3945),#77,.T.);
#4294=ADVANCED_FACE('',(#3946),#78,.T.);
#4295=ADVANCED_FACE('',(#3947),#79,.T.);
#4296=ADVANCED_FACE('',(#3948),#4085,.T.);
#4297=ADVANCED_FACE('',(#3949),#80,.T.);
#4298=ADVANCED_FACE('',(#3950),#4086,.T.);
#4299=ADVANCED_FACE('',(#3951),#123,.T.);
#4300=ADVANCED_FACE('',(#3952),#81,.T.);
#4301=ADVANCED_FACE('',(#3953),#82,.T.);
#4302=ADVANCED_FACE('',(#3954),#83,.T.);
#4303=ADVANCED_FACE('',(#3955),#84,.T.);
#4304=ADVANCED_FACE('',(#3956),#85,.T.);
#4305=ADVANCED_FACE('',(#3957),#86,.T.);
#4306=ADVANCED_FACE('',(#3958),#87,.T.);
#4307=ADVANCED_FACE('',(#3959),#4087,.T.);
#4308=ADVANCED_FACE('',(#3960),#88,.T.);
#4309=ADVANCED_FACE('',(#3961),#89,.T.);
#4310=ADVANCED_FACE('',(#3962),#90,.T.);
#4311=ADVANCED_FACE('',(#3963),#91,.T.);
#4312=ADVANCED_FACE('',(#3964),#92,.T.);
#4313=ADVANCED_FACE('',(#3965),#93,.T.);
#4314=ADVANCED_FACE('',(#3966),#4088,.T.);
#4315=ADVANCED_FACE('',(#3967),#4089,.T.);
#4316=ADVANCED_FACE('',(#3968),#4090,.T.);
#4317=ADVANCED_FACE('',(#3969),#4091,.T.);
#4318=ADVANCED_FACE('',(#3970),#4092,.T.);
#4319=ADVANCED_FACE('',(#3971),#4093,.T.);
#4320=ADVANCED_FACE('',(#3972),#4094,.T.);
#4321=ADVANCED_FACE('',(#3973),#4095,.T.);
#4322=ADVANCED_FACE('',(#3974),#4096,.T.);
#4323=ADVANCED_FACE('',(#3975,#3976,#3977),#4097,.T.);
#4324=ADVANCED_FACE('',(#3978),#4098,.F.);
#4325=ADVANCED_FACE('',(#3979,#3980),#124,.F.);
#4326=ADVANCED_FACE('',(#3981,#3982),#125,.F.);
#4327=ADVANCED_FACE('',(#3983),#126,.F.);
#4328=ADVANCED_FACE('',(#3984),#4099,.F.);
#4329=ADVANCED_FACE('',(#3985),#127,.F.);
#4330=ADVANCED_FACE('',(#3986),#4100,.F.);
#4331=CLOSED_SHELL('',(#4101,#4102,#4103,#4104,#4105,#4106,#4107,#4108,
#4109,#4110,#4111,#4112,#4113,#4114,#4115,#4116,#4117,#4118,#4119,#4120,
#4121,#4122,#4123,#4124,#4125,#4126,#4127,#4128,#4129,#4130,#4131,#4132,
#4133,#4134,#4135,#4136,#4137,#4138,#4139,#4140,#4141,#4142,#4143,#4144,
#4145,#4146,#4147,#4148,#4149,#4150,#4151,#4152,#4153,#4154,#4155,#4156,
#4157,#4158,#4159,#4160,#4161,#4162,#4163,#4164,#4165,#4166,#4167,#4168,
#4169,#4170,#4171,#4172,#4173,#4174,#4175,#4176,#4177,#4178,#4179,#4180,
#4181,#4182,#4183,#4184,#4185,#4186,#4187,#4188,#4189,#4190,#4191,#4192,
#4193,#4194,#4195,#4196,#4197,#4198,#4199,#4200,#4201,#4202,#4203,#4204,
#4205,#4206,#4207,#4208,#4209,#4210,#4211,#4212,#4213,#4214,#4215,#4216,
#4217,#4218,#4219,#4220,#4221,#4222,#4223,#4224,#4225,#4226,#4227,#4228,
#4229,#4230,#4231,#4232,#4233,#4234,#4235,#4236,#4237,#4238,#4239,#4240,
#4241,#4242,#4243,#4244,#4245,#4246,#4247,#4248,#4249,#4250,#4251,#4252,
#4253,#4254,#4255,#4256,#4257,#4258,#4259,#4260,#4261,#4262,#4263,#4264,
#4265,#4266,#4267,#4268,#4269,#4270,#4271,#4272,#4273,#4274,#4275,#4276,
#4277,#4278,#4279,#4280,#4281,#4282,#4283,#4284,#4285,#4286,#4287,#4288,
#4289,#4290,#4291,#4292,#4293,#4294,#4295,#4296,#4297,#4298,#4299,#4300,
#4301,#4302,#4303,#4304,#4305,#4306,#4307,#4308,#4309,#4310,#4311,#4312,
#4313,#4314,#4315,#4316,#4317,#4318,#4319,#4320,#4321,#4322,#4323,#4324,
#4325,#4326,#4327,#4328,#4329,#4330));
#4332=STYLED_ITEM('',(#4333),#4340);
#4333=PRESENTATION_STYLE_ASSIGNMENT((#4334));
#4334=SURFACE_STYLE_USAGE(.BOTH.,#4335);
#4335=SURFACE_SIDE_STYLE('',(#4336));
#4336=SURFACE_STYLE_FILL_AREA(#4337);
#4337=FILL_AREA_STYLE('',(#4338));
#4338=FILL_AREA_STYLE_COLOUR('',#4339);
#4339=COLOUR_RGB('',0.282352941176471,0.549019607843137,0.16078431372549);
#4340=MANIFOLD_SOLID_BREP('Back Cover',#4331);
#4341=SHAPE_DEFINITION_REPRESENTATION(#7579,#4342);
#4342=SHAPE_REPRESENTATION('Back Cover',(#4343),#7574);
#4343=AXIS2_PLACEMENT_3D('',#5395,#4564,#4565);
#4344=AXIS2_PLACEMENT_3D('',#5396,#4566,#4567);
#4345=AXIS2_PLACEMENT_3D('',#5400,#4569,#4570);
#4346=AXIS2_PLACEMENT_3D('',#5412,#4576,#4577);
#4347=AXIS2_PLACEMENT_3D('',#5413,#4578,#4579);
#4348=AXIS2_PLACEMENT_3D('',#5421,#4583,#4584);
#4349=AXIS2_PLACEMENT_3D('',#5428,#4588,#4589);
#4350=AXIS2_PLACEMENT_3D('',#5502,#4598,#4599);
#4351=AXIS2_PLACEMENT_3D('',#5578,#4609,#4610);
#4352=AXIS2_PLACEMENT_3D('',#5666,#4624,#4625);
#4353=AXIS2_PLACEMENT_3D('',#5749,#4637,#4638);
#4354=AXIS2_PLACEMENT_3D('',#5752,#4639,#4640);
#4355=AXIS2_PLACEMENT_3D('',#5762,#4641,#4642);
#4356=AXIS2_PLACEMENT_3D('',#5764,#4643,#4644);
#4357=AXIS2_PLACEMENT_3D('',#5794,#4647,#4648);
#4358=AXIS2_PLACEMENT_3D('',#5796,#4649,#4650);
#4359=AXIS2_PLACEMENT_3D('',#5808,#4654,#4655);
#4360=AXIS2_PLACEMENT_3D('',#5810,#4656,#4657);
#4361=AXIS2_PLACEMENT_3D('',#5812,#4658,#4659);
#4362=AXIS2_PLACEMENT_3D('',#5832,#4661,#4662);
#4363=AXIS2_PLACEMENT_3D('',#5854,#4665,#4666);
#4364=AXIS2_PLACEMENT_3D('',#5856,#4667,#4668);
#4365=AXIS2_PLACEMENT_3D('',#5858,#4669,#4670);
#4366=AXIS2_PLACEMENT_3D('',#5882,#4672,#4673);
#4367=AXIS2_PLACEMENT_3D('',#5888,#4674,#4675);
#4368=AXIS2_PLACEMENT_3D('',#5892,#4677,#4678);
#4369=AXIS2_PLACEMENT_3D('',#5897,#4679,#4680);
#4370=AXIS2_PLACEMENT_3D('',#5899,#4681,#4682);
#4371=AXIS2_PLACEMENT_3D('',#5901,#4683,#4684);
#4372=AXIS2_PLACEMENT_3D('',#5903,#4685,#4686);
#4373=AXIS2_PLACEMENT_3D('',#5905,#4687,#4688);
#4374=AXIS2_PLACEMENT_3D('',#5932,#4702,#4703);
#4375=AXIS2_PLACEMENT_3D('',#5951,#4714,#4715);
#4376=AXIS2_PLACEMENT_3D('',#5962,#4721,#4722);
#4377=AXIS2_PLACEMENT_3D('',#5967,#4725,#4726);
#4378=AXIS2_PLACEMENT_3D('',#5992,#4739,#4740);
#4379=AXIS2_PLACEMENT_3D('',#6001,#4745,#4746);
#4380=AXIS2_PLACEMENT_3D('',#6014,#4753,#4754);
#4381=AXIS2_PLACEMENT_3D('',#6015,#4755,#4756);
#4382=AXIS2_PLACEMENT_3D('',#6017,#4757,#4758);
#4383=AXIS2_PLACEMENT_3D('',#6019,#4759,#4760);
#4384=AXIS2_PLACEMENT_3D('',#6020,#4761,#4762);
#4385=AXIS2_PLACEMENT_3D('',#6022,#4763,#4764);
#4386=AXIS2_PLACEMENT_3D('',#6024,#4765,#4766);
#4387=AXIS2_PLACEMENT_3D('',#6025,#4767,#4768);
#4388=AXIS2_PLACEMENT_3D('',#6026,#4769,#4770);
#4389=AXIS2_PLACEMENT_3D('',#6027,#4771,#4772);
#4390=AXIS2_PLACEMENT_3D('',#6028,#4773,#4774);
#4391=AXIS2_PLACEMENT_3D('',#6030,#4775,#4776);
#4392=AXIS2_PLACEMENT_3D('',#6033,#4778,#4779);
#4393=AXIS2_PLACEMENT_3D('',#6035,#4781,#4782);
#4394=AXIS2_PLACEMENT_3D('',#6036,#4783,#4784);
#4395=AXIS2_PLACEMENT_3D('',#6040,#4786,#4787);
#4396=AXIS2_PLACEMENT_3D('',#6041,#4788,#4789);
#4397=AXIS2_PLACEMENT_3D('',#6044,#4791,#4792);
#4398=AXIS2_PLACEMENT_3D('',#6045,#4793,#4794);
#4399=AXIS2_PLACEMENT_3D('',#6048,#4796,#4797);
#4400=AXIS2_PLACEMENT_3D('',#6049,#4798,#4799);
#4401=AXIS2_PLACEMENT_3D('',#6050,#4800,#4801);
#4402=AXIS2_PLACEMENT_3D('',#6051,#4802,#4803);
#4403=AXIS2_PLACEMENT_3D('',#6056,#4807,#4808);
#4404=AXIS2_PLACEMENT_3D('',#6058,#4810,#4811);
#4405=AXIS2_PLACEMENT_3D('',#6060,#4813,#4814);
#4406=AXIS2_PLACEMENT_3D('',#6066,#4818,#4819);
#4407=AXIS2_PLACEMENT_3D('',#6070,#4822,#4823);
#4408=AXIS2_PLACEMENT_3D('',#6072,#4825,#4826);
#4409=AXIS2_PLACEMENT_3D('',#6073,#4827,#4828);
#4410=AXIS2_PLACEMENT_3D('',#6077,#4830,#4831);
#4411=AXIS2_PLACEMENT_3D('',#6079,#4833,#4834);
#4412=AXIS2_PLACEMENT_3D('',#6080,#4835,#4836);
#4413=AXIS2_PLACEMENT_3D('',#6086,#4840,#4841);
#4414=AXIS2_PLACEMENT_3D('',#6091,#4845,#4846);
#4415=AXIS2_PLACEMENT_3D('',#6093,#4848,#4849);
#4416=AXIS2_PLACEMENT_3D('',#6099,#4853,#4854);
#4417=AXIS2_PLACEMENT_3D('',#6103,#4857,#4858);
#4418=AXIS2_PLACEMENT_3D('',#6108,#4862,#4863);
#4419=AXIS2_PLACEMENT_3D('',#6110,#4865,#4866);
#4420=AXIS2_PLACEMENT_3D('',#6114,#4869,#4870);
#4421=AXIS2_PLACEMENT_3D('',#6115,#4871,#4872);
#4422=AXIS2_PLACEMENT_3D('',#6117,#4873,#4874);
#4423=AXIS2_PLACEMENT_3D('',#6118,#4875,#4876);
#4424=AXIS2_PLACEMENT_3D('',#6120,#4877,#4878);
#4425=AXIS2_PLACEMENT_3D('',#6121,#4879,#4880);
#4426=AXIS2_PLACEMENT_3D('',#6123,#4881,#4882);
#4427=AXIS2_PLACEMENT_3D('',#6129,#4886,#4887);
#4428=AXIS2_PLACEMENT_3D('',#6133,#4890,#4891);
#4429=AXIS2_PLACEMENT_3D('',#6137,#4894,#4895);
#4430=AXIS2_PLACEMENT_3D('',#6139,#4897,#4898);
#4431=AXIS2_PLACEMENT_3D('',#6140,#4899,#4900);
#4432=AXIS2_PLACEMENT_3D('',#6142,#4901,#4902);
#4433=AXIS2_PLACEMENT_3D('',#6143,#4903,#4904);
#4434=AXIS2_PLACEMENT_3D('',#6145,#4905,#4906);
#4435=AXIS2_PLACEMENT_3D('',#6151,#4910,#4911);
#4436=AXIS2_PLACEMENT_3D('',#6155,#4914,#4915);
#4437=AXIS2_PLACEMENT_3D('',#6159,#4918,#4919);
#4438=AXIS2_PLACEMENT_3D('',#6161,#4921,#4922);
#4439=AXIS2_PLACEMENT_3D('',#6162,#4923,#4924);
#4440=AXIS2_PLACEMENT_3D('',#6168,#4928,#4929);
#4441=AXIS2_PLACEMENT_3D('',#6172,#4932,#4933);
#4442=AXIS2_PLACEMENT_3D('',#6176,#4936,#4937);
#4443=AXIS2_PLACEMENT_3D('',#6178,#4939,#4940);
#4444=AXIS2_PLACEMENT_3D('',#6179,#4941,#4942);
#4445=AXIS2_PLACEMENT_3D('',#6181,#4944,#4945);
#4446=AXIS2_PLACEMENT_3D('',#6185,#4948,#4949);
#4447=AXIS2_PLACEMENT_3D('',#6189,#4952,#4953);
#4448=AXIS2_PLACEMENT_3D('',#6193,#4956,#4957);
#4449=AXIS2_PLACEMENT_3D('',#6197,#4960,#4961);
#4450=AXIS2_PLACEMENT_3D('',#6199,#4963,#4964);
#4451=AXIS2_PLACEMENT_3D('',#6228,#4968,#4969);
#4452=AXIS2_PLACEMENT_3D('',#6231,#4971,#4972);
#4453=AXIS2_PLACEMENT_3D('',#6232,#4973,#4974);
#4454=AXIS2_PLACEMENT_3D('',#6236,#4977,#4978);
#4455=AXIS2_PLACEMENT_3D('',#6239,#4980,#4981);
#4456=AXIS2_PLACEMENT_3D('',#6253,#4983,#4984);
#4457=AXIS2_PLACEMENT_3D('',#6256,#4986,#4987);
#4458=AXIS2_PLACEMENT_3D('',#6257,#4988,#4989);
#4459=AXIS2_PLACEMENT_3D('',#6298,#4994,#4995);
#4460=AXIS2_PLACEMENT_3D('',#6327,#4999,#5000);
#4461=AXIS2_PLACEMENT_3D('',#6330,#5002,#5003);
#4462=AXIS2_PLACEMENT_3D('',#6331,#5004,#5005);
#4463=AXIS2_PLACEMENT_3D('',#6334,#5007,#5008);
#4464=AXIS2_PLACEMENT_3D('',#6335,#5009,#5010);
#4465=AXIS2_PLACEMENT_3D('',#6338,#5012,#5013);
#4466=AXIS2_PLACEMENT_3D('',#6339,#5014,#5015);
#4467=AXIS2_PLACEMENT_3D('',#6395,#5022,#5023);
#4468=AXIS2_PLACEMENT_3D('',#6399,#5026,#5027);
#4469=AXIS2_PLACEMENT_3D('',#6402,#5029,#5030);
#4470=AXIS2_PLACEMENT_3D('',#6427,#5032,#5033);
#4471=AXIS2_PLACEMENT_3D('',#6443,#5036,#5037);
#4472=AXIS2_PLACEMENT_3D('',#6460,#5041,#5042);
#4473=AXIS2_PLACEMENT_3D('',#6463,#5044,#5045);
#4474=AXIS2_PLACEMENT_3D('',#6464,#5046,#5047);
#4475=AXIS2_PLACEMENT_3D('',#6467,#5049,#5050);
#4476=AXIS2_PLACEMENT_3D('',#6468,#5051,#5052);
#4477=AXIS2_PLACEMENT_3D('',#6471,#5054,#5055);
#4478=AXIS2_PLACEMENT_3D('',#6472,#5056,#5057);
#4479=AXIS2_PLACEMENT_3D('',#6476,#5060,#5061);
#4480=AXIS2_PLACEMENT_3D('',#6480,#5064,#5065);
#4481=AXIS2_PLACEMENT_3D('',#6497,#5069,#5070);
#4482=AXIS2_PLACEMENT_3D('',#6500,#5072,#5073);
#4483=AXIS2_PLACEMENT_3D('',#6501,#5074,#5075);
#4484=AXIS2_PLACEMENT_3D('',#6502,#5076,#5077);
#4485=AXIS2_PLACEMENT_3D('',#6503,#5078,#5079);
#4486=AXIS2_PLACEMENT_3D('',#6504,#5080,#5081);
#4487=AXIS2_PLACEMENT_3D('',#6507,#5083,#5084);
#4488=AXIS2_PLACEMENT_3D('',#6510,#5086,#5087);
#4489=AXIS2_PLACEMENT_3D('',#6553,#5093,#5094);
#4490=AXIS2_PLACEMENT_3D('',#6583,#5099,#5100);
#4491=AXIS2_PLACEMENT_3D('',#6586,#5102,#5103);
#4492=AXIS2_PLACEMENT_3D('',#6587,#5104,#5105);
#4493=AXIS2_PLACEMENT_3D('',#6590,#5107,#5108);
#4494=AXIS2_PLACEMENT_3D('',#6617,#5111,#5112);
#4495=AXIS2_PLACEMENT_3D('',#6618,#5113,#5114);
#4496=AXIS2_PLACEMENT_3D('',#6619,#5115,#5116);
#4497=AXIS2_PLACEMENT_3D('',#6620,#5117,#5118);
#4498=AXIS2_PLACEMENT_3D('',#6626,#5122,#5123);
#4499=AXIS2_PLACEMENT_3D('',#6630,#5126,#5127);
#4500=AXIS2_PLACEMENT_3D('',#6634,#5130,#5131);
#4501=AXIS2_PLACEMENT_3D('',#6636,#5133,#5134);
#4502=AXIS2_PLACEMENT_3D('',#6637,#5135,#5136);
#4503=AXIS2_PLACEMENT_3D('',#6643,#5140,#5141);
#4504=AXIS2_PLACEMENT_3D('',#6725,#5150,#5151);
#4505=AXIS2_PLACEMENT_3D('',#6729,#5154,#5155);
#4506=AXIS2_PLACEMENT_3D('',#6733,#5158,#5159);
#4507=AXIS2_PLACEMENT_3D('',#6841,#5170,#5171);
#4508=AXIS2_PLACEMENT_3D('',#6845,#5174,#5175);
#4509=AXIS2_PLACEMENT_3D('',#6849,#5178,#5179);
#4510=AXIS2_PLACEMENT_3D('',#6866,#5183,#5184);
#4511=AXIS2_PLACEMENT_3D('',#6869,#5186,#5187);
#4512=AXIS2_PLACEMENT_3D('',#6870,#5188,#5189);
#4513=AXIS2_PLACEMENT_3D('',#6872,#5191,#5192);
#4514=AXIS2_PLACEMENT_3D('',#6873,#5193,#5194);
#4515=AXIS2_PLACEMENT_3D('',#6879,#5198,#5199);
#4516=AXIS2_PLACEMENT_3D('',#6883,#5202,#5203);
#4517=AXIS2_PLACEMENT_3D('',#6887,#5206,#5207);
#4518=AXIS2_PLACEMENT_3D('',#6889,#5209,#5210);
#4519=AXIS2_PLACEMENT_3D('',#6890,#5211,#5212);
#4520=AXIS2_PLACEMENT_3D('',#6896,#5216,#5217);
#4521=AXIS2_PLACEMENT_3D('',#6978,#5226,#5227);
#4522=AXIS2_PLACEMENT_3D('',#6982,#5230,#5231);
#4523=AXIS2_PLACEMENT_3D('',#6986,#5234,#5235);
#4524=AXIS2_PLACEMENT_3D('',#7094,#5246,#5247);
#4525=AXIS2_PLACEMENT_3D('',#7098,#5250,#5251);
#4526=AXIS2_PLACEMENT_3D('',#7102,#5254,#5255);
#4527=AXIS2_PLACEMENT_3D('',#7119,#5259,#5260);
#4528=AXIS2_PLACEMENT_3D('',#7122,#5262,#5263);
#4529=AXIS2_PLACEMENT_3D('',#7123,#5264,#5265);
#4530=AXIS2_PLACEMENT_3D('',#7125,#5267,#5268);
#4531=AXIS2_PLACEMENT_3D('',#7126,#5269,#5270);
#4532=AXIS2_PLACEMENT_3D('',#7132,#5274,#5275);
#4533=AXIS2_PLACEMENT_3D('',#7136,#5278,#5279);
#4534=AXIS2_PLACEMENT_3D('',#7140,#5282,#5283);
#4535=AXIS2_PLACEMENT_3D('',#7142,#5285,#5286);
#4536=AXIS2_PLACEMENT_3D('',#7171,#5290,#5291);
#4537=AXIS2_PLACEMENT_3D('',#7266,#5301,#5302);
#4538=AXIS2_PLACEMENT_3D('',#7333,#5309,#5310);
#4539=AXIS2_PLACEMENT_3D('',#7349,#5313,#5314);
#4540=AXIS2_PLACEMENT_3D('',#7353,#5317,#5318);
#4541=AXIS2_PLACEMENT_3D('',#7356,#5320,#5321);
#4542=AXIS2_PLACEMENT_3D('',#7448,#5329,#5330);
#4543=AXIS2_PLACEMENT_3D('',#7528,#5338,#5339);
#4544=AXIS2_PLACEMENT_3D('',#7529,#5340,#5341);
#4545=AXIS2_PLACEMENT_3D('',#7535,#5345,#5346);
#4546=AXIS2_PLACEMENT_3D('',#7539,#5349,#5350);
#4547=AXIS2_PLACEMENT_3D('',#7543,#5353,#5354);
#4548=AXIS2_PLACEMENT_3D('',#7547,#5357,#5358);
#4549=AXIS2_PLACEMENT_3D('',#7551,#5361,#5362);
#4550=AXIS2_PLACEMENT_3D('',#7555,#5365,#5366);
#4551=AXIS2_PLACEMENT_3D('',#7557,#5368,#5369);
#4552=AXIS2_PLACEMENT_3D('',#7558,#5370,#5371);
#4553=AXIS2_PLACEMENT_3D('',#7559,#5372,#5373);
#4554=AXIS2_PLACEMENT_3D('',#7561,#5374,#5375);
#4555=AXIS2_PLACEMENT_3D('',#7564,#5377,#5378);
#4556=AXIS2_PLACEMENT_3D('',#7565,#5379,#5380);
#4557=AXIS2_PLACEMENT_3D('',#7566,#5381,#5382);
#4558=AXIS2_PLACEMENT_3D('',#7567,#5383,#5384);
#4559=AXIS2_PLACEMENT_3D('',#7568,#5385,#5386);
#4560=AXIS2_PLACEMENT_3D('',#7569,#5387,#5388);
#4561=AXIS2_PLACEMENT_3D('',#7570,#5389,#5390);
#4562=AXIS2_PLACEMENT_3D('',#7571,#5391,#5392);
#4563=AXIS2_PLACEMENT_3D('',#7572,#5393,#5394);
#4564=DIRECTION('',(0.,0.,1.));
#4565=DIRECTION('',(1.,0.,0.));
#4566=DIRECTION('',(-0.948683298050514,-0.316227766016838,0.));
#4567=DIRECTION('',(-0.316227766016838,0.948683298050514,0.));
#4568=DIRECTION('',(0.,0.,1.));
#4569=DIRECTION('',(-0.948683298050514,-0.316227766016838,0.));
#4570=DIRECTION('',(0.316227766016838,-0.948683298050514,0.));
#4571=DIRECTION('',(0.,0.,1.));
#4572=DIRECTION('',(0.252201369748387,-0.756604109245161,-0.603278286506629));
#4573=DIRECTION('',(0.,0.,1.));
#4574=DIRECTION('',(0.316227766016838,-0.948683298050514,0.));
#4575=DIRECTION('',(0.,0.,-1.));
#4576=DIRECTION('',(-0.948683298050514,-0.316227766016838,0.));
#4577=DIRECTION('',(-0.316227766016838,0.948683298050514,0.));
#4578=DIRECTION('',(-0.948683298050514,0.316227766016838,0.));
#4579=DIRECTION('',(0.,0.,-1.));
#4580=DIRECTION('',(0.316227766016838,0.948683298050514,0.));
#4581=DIRECTION('',(0.,0.,1.));
#4582=DIRECTION('',(-0.229415733870562,-0.688247201611685,-0.688247201611685));
#4583=DIRECTION('',(-0.948683298050514,0.316227766016838,0.));
#4584=DIRECTION('',(0.316227766016838,0.948683298050514,0.));
#4585=DIRECTION('',(0.,0.,1.));
#4586=DIRECTION('',(0.316227766016838,0.948683298050514,0.));
#4587=DIRECTION('',(0.,0.,1.));
#4588=DIRECTION('',(0.,1.,0.));
#4589=DIRECTION('',(1.,0.,0.));
#4590=DIRECTION('',(-1.,0.,0.));
#4591=DIRECTION('',(0.,0.,-1.));
#4592=DIRECTION('',(-0.707106781186547,0.,0.707106781186548));
#4593=DIRECTION('',(-0.707106781186548,0.,-0.707106781186548));
#4594=DIRECTION('',(0.707409286719849,0.,-0.706804146183733));
#4595=DIRECTION('',(1.,0.,0.));
#4596=DIRECTION('',(0.,0.,1.));
#4597=DIRECTION('',(0.427628369839069,0.,-0.903954632328846));
#4598=DIRECTION('',(0.,-1.,0.));
#4599=DIRECTION('',(0.,0.,-1.));
#4600=DIRECTION('',(0.428675496477683,0.,-0.903458531820698));
#4601=DIRECTION('',(-0.424782866935162,0.,0.905295264517795));
#4602=DIRECTION('',(-0.423644334708706,0.,0.905828613849892));
#4603=DIRECTION('',(0.,0.,1.));
#4604=DIRECTION('',(-1.,0.,0.));
#4605=DIRECTION('',(0.,0.,-1.));
#4606=DIRECTION('',(1.,0.,0.));
#4607=DIRECTION('',(-1.,0.,0.));
#4608=DIRECTION('',(-0.461821196076148,0.,-0.886973045168113));
#4609=DIRECTION('',(0.,-1.,0.));
#4610=DIRECTION('',(0.,0.,-1.));
#4611=DIRECTION('',(-1.,0.,0.));
#4612=DIRECTION('',(0.,0.,-1.));
#4613=DIRECTION('',(1.,0.,0.));
#4614=DIRECTION('',(-1.,0.,0.));
#4615=DIRECTION('',(0.,0.,-1.));
#4616=DIRECTION('',(1.,0.,0.));
#4617=DIRECTION('',(0.501167968631897,0.,0.865350025837741));
#4618=DIRECTION('',(1.,0.,0.));
#4619=DIRECTION('',(0.,0.,1.));
#4620=DIRECTION('',(-1.,0.,0.));
#4621=DIRECTION('',(0.,0.,-1.));
#4622=DIRECTION('',(-1.,0.,0.));
#4623=DIRECTION('',(-0.461821196076148,0.,-0.886973045168114));
#4624=DIRECTION('',(0.,-1.,0.));
#4625=DIRECTION('',(0.,0.,-1.));
#4626=DIRECTION('',(-1.,0.,0.));
#4627=DIRECTION('',(0.,0.,-1.));
#4628=DIRECTION('',(1.,0.,0.));
#4629=DIRECTION('',(-1.,0.,0.));
#4630=DIRECTION('',(0.,0.,-1.));
#4631=DIRECTION('',(1.,0.,0.));
#4632=DIRECTION('',(0.501167968631896,0.,0.865350025837741));
#4633=DIRECTION('',(1.,0.,0.));
#4634=DIRECTION('',(0.,0.,1.));
#4635=DIRECTION('',(-1.,0.,0.));
#4636=DIRECTION('',(0.,0.,-1.));
#4637=DIRECTION('',(0.,-1.,0.));
#4638=DIRECTION('',(0.,0.,-1.));
#4639=DIRECTION('',(0.,-1.,0.));
#4640=DIRECTION('',(0.,0.,-1.));
#4641=DIRECTION('',(0.,-1.,0.));
#4642=DIRECTION('',(0.,0.,-1.));
#4643=DIRECTION('',(0.,-1.,0.));
#4644=DIRECTION('',(0.,0.,-1.));
#4645=DIRECTION('',(0.,0.,-1.));
#4646=DIRECTION('',(0.,0.,-1.));
#4647=DIRECTION('',(0.,-1.,0.));
#4648=DIRECTION('',(0.,0.,-1.));
#4649=DIRECTION('',(0.,-1.,0.));
#4650=DIRECTION('',(0.,0.,-1.));
#4651=DIRECTION('',(1.,0.,0.));
#4652=DIRECTION('',(0.,0.,1.));
#4653=DIRECTION('',(-1.,0.,0.));
#4654=DIRECTION('',(0.,-1.,0.));
#4655=DIRECTION('',(0.,0.,-1.));
#4656=DIRECTION('',(0.,-1.,0.));
#4657=DIRECTION('',(0.,0.,-1.));
#4658=DIRECTION('',(0.,-1.,0.));
#4659=DIRECTION('',(0.,0.,-1.));
#4660=DIRECTION('',(0.23828578204586,0.,-0.971195081368719));
#4661=DIRECTION('',(0.,-1.,0.));
#4662=DIRECTION('',(0.,0.,-1.));
#4663=DIRECTION('',(0.,0.,1.));
#4664=DIRECTION('',(0.,0.,1.));
#4665=DIRECTION('',(0.,-1.,0.));
#4666=DIRECTION('',(0.,0.,-1.));
#4667=DIRECTION('',(0.,-1.,0.));
#4668=DIRECTION('',(0.,0.,-1.));
#4669=DIRECTION('',(0.,-1.,0.));
#4670=DIRECTION('',(0.,0.,-1.));
#4671=DIRECTION('',(0.,0.,-1.));
#4672=DIRECTION('',(0.,-1.,0.));
#4673=DIRECTION('',(0.,0.,-1.));
#4674=DIRECTION('',(0.,-1.,0.));
#4675=DIRECTION('',(0.,0.,-1.));
#4676=DIRECTION('',(-0.458951123919624,0.,0.888461516247561));
#4677=DIRECTION('',(0.,-1.,0.));
#4678=DIRECTION('',(0.,0.,-1.));
#4679=DIRECTION('',(0.,1.,0.));
#4680=DIRECTION('',(1.,0.,0.));
#4681=DIRECTION('',(0.,1.,0.));
#4682=DIRECTION('',(1.,0.,0.));
#4683=DIRECTION('',(0.,1.,0.));
#4684=DIRECTION('',(1.,0.,0.));
#4685=DIRECTION('',(0.,1.,0.));
#4686=DIRECTION('',(1.,0.,0.));
#4687=DIRECTION('',(0.,1.,0.));
#4688=DIRECTION('',(1.,0.,0.));
#4689=DIRECTION('',(0.,0.,1.));
#4690=DIRECTION('',(1.,0.,0.));
#4691=DIRECTION('',(0.,0.,1.));
#4692=DIRECTION('',(1.,0.,0.));
#4693=DIRECTION('',(-1.,0.,0.));
#4694=DIRECTION('',(-1.,0.,0.));
#4695=DIRECTION('',(0.,0.,1.));
#4696=DIRECTION('',(-1.,0.,0.));
#4697=DIRECTION('',(0.,0.,1.));
#4698=DIRECTION('',(-1.,0.,0.));
#4699=DIRECTION('',(1.,0.,0.));
#4700=DIRECTION('',(0.,0.,1.));
#4701=DIRECTION('',(-1.,0.,0.));
#4702=DIRECTION('',(0.,0.,1.));
#4703=DIRECTION('',(1.,0.,0.));
#4704=DIRECTION('',(-0.316227766016838,0.948683298050514,0.));
#4705=DIRECTION('',(-1.,1.52782985040159E-16,0.));
#4706=DIRECTION('',(0.,-1.,0.));
#4707=DIRECTION('',(1.,0.,0.));
#4708=DIRECTION('',(0.,1.,0.));
#4709=DIRECTION('',(0.316227766016838,0.948683298050514,0.));
#4710=DIRECTION('',(1.,0.,0.));
#4711=DIRECTION('',(0.,-1.,0.));
#4712=DIRECTION('',(1.,0.,0.));
#4713=DIRECTION('',(0.,-1.,0.));
#4714=DIRECTION('',(0.,-1.,0.));
#4715=DIRECTION('',(-1.,0.,0.));
#4716=DIRECTION('',(0.,0.,1.));
#4717=DIRECTION('',(1.,0.,0.));
#4718=DIRECTION('',(0.,0.,1.));
#4719=DIRECTION('',(1.,0.,0.));
#4720=DIRECTION('',(0.,0.,1.));
#4721=DIRECTION('',(0.,-1.,0.));
#4722=DIRECTION('',(-1.,0.,0.));
#4723=DIRECTION('',(0.,0.,1.));
#4724=DIRECTION('',(1.,0.,0.));
#4725=DIRECTION('',(0.,-1.,0.));
#4726=DIRECTION('',(-1.,0.,0.));
#4727=DIRECTION('',(0.,0.,-1.));
#4728=DIRECTION('',(1.,0.,0.));
#4729=DIRECTION('',(0.,0.,1.));
#4730=DIRECTION('',(1.,0.,0.));
#4731=DIRECTION('',(0.,0.,1.));
#4732=DIRECTION('',(1.,0.,0.));
#4733=DIRECTION('',(0.,0.,-1.));
#4734=DIRECTION('',(-1.,0.,0.));
#4735=DIRECTION('',(0.,0.,1.));
#4736=DIRECTION('',(1.,0.,0.));
#4737=DIRECTION('',(0.,0.,1.));
#4738=DIRECTION('',(1.,0.,0.));
#4739=DIRECTION('',(0.,1.,0.));
#4740=DIRECTION('',(1.,0.,0.));
#4741=DIRECTION('',(7.53159600610098E-17,0.,1.));
#4742=DIRECTION('',(-1.,0.,0.));
#4743=DIRECTION('',(0.,0.,1.));
#4744=DIRECTION('',(1.,0.,0.));
#4745=DIRECTION('',(0.,0.,1.));
#4746=DIRECTION('',(0.,-1.,0.));
#4747=DIRECTION('',(-1.,0.,0.));
#4748=DIRECTION('',(0.,-1.,0.));
#4749=DIRECTION('',(-1.,0.,0.));
#4750=DIRECTION('',(0.,-1.,0.));
#4751=DIRECTION('',(-1.,0.,0.));
#4752=DIRECTION('',(-1.,0.,0.));
#4753=DIRECTION('',(0.,1.,0.));
#4754=DIRECTION('',(1.,0.,0.));
#4755=DIRECTION('',(0.,1.,0.));
#4756=DIRECTION('',(1.,0.,0.));
#4757=DIRECTION('',(0.,1.,0.));
#4758=DIRECTION('',(1.,0.,0.));
#4759=DIRECTION('',(0.,1.,0.));
#4760=DIRECTION('',(1.,0.,0.));
#4761=DIRECTION('',(0.,1.,0.));
#4762=DIRECTION('',(1.,0.,0.));
#4763=DIRECTION('',(0.,1.,0.));
#4764=DIRECTION('',(1.,0.,0.));
#4765=DIRECTION('',(0.,1.,0.));
#4766=DIRECTION('',(1.,0.,0.));
#4767=DIRECTION('',(0.,0.707106781186548,-0.707106781186548));
#4768=DIRECTION('',(0.,0.707106781186548,0.707106781186548));
#4769=DIRECTION('',(0.,-1.,0.));
#4770=DIRECTION('',(1.,0.,0.));
#4771=DIRECTION('',(0.,-1.,0.));
#4772=DIRECTION('',(-1.,0.,0.));
#4773=DIRECTION('',(0.,1.,0.));
#4774=DIRECTION('',(1.,0.,0.));
#4775=DIRECTION('',(0.,1.,0.));
#4776=DIRECTION('',(1.,0.,0.));
#4777=DIRECTION('',(0.,-1.,0.));
#4778=DIRECTION('',(0.,1.,0.));
#4779=DIRECTION('',(1.,0.,0.));
#4780=DIRECTION('',(0.,0.,1.));
#4781=DIRECTION('',(0.,1.,0.));
#4782=DIRECTION('',(1.,0.,0.));
#4783=DIRECTION('',(0.,1.,0.));
#4784=DIRECTION('',(1.,0.,0.));
#4785=DIRECTION('',(0.,0.,1.));
#4786=DIRECTION('',(0.,1.,0.));
#4787=DIRECTION('',(1.,0.,0.));
#4788=DIRECTION('',(0.,-1.,0.));
#4789=DIRECTION('',(-1.,0.,0.));
#4790=DIRECTION('',(0.,-1.,0.));
#4791=DIRECTION('',(0.,1.,0.));
#4792=DIRECTION('',(1.,0.,0.));
#4793=DIRECTION('',(0.,0.707106781186548,-0.707106781186548));
#4794=DIRECTION('',(1.,0.,0.));
#4795=DIRECTION('',(0.229415733870562,-0.688247201611685,-0.688247201611685));
#4796=DIRECTION('',(0.,0.707106781186548,-0.707106781186548));
#4797=DIRECTION('',(0.,0.707106781186548,0.707106781186548));
#4798=DIRECTION('',(0.,1.,0.));
#4799=DIRECTION('',(1.,0.,0.));
#4800=DIRECTION('',(-0.948683298050514,-0.316227766016838,0.));
#4801=DIRECTION('',(-0.316227766016838,0.948683298050514,0.));
#4802=DIRECTION('',(-0.948683298050514,-0.316227766016838,0.));
#4803=DIRECTION('',(0.,0.,1.));
#4804=DIRECTION('',(-0.316227766016838,0.948683298050514,0.));
#4805=DIRECTION('',(0.,0.,1.));
#4806=DIRECTION('',(0.,0.,1.));
#4807=DIRECTION('',(1.,0.,0.));
#4808=DIRECTION('',(0.,-1.,0.));
#4809=DIRECTION('',(0.,0.,1.));
#4810=DIRECTION('',(1.,0.,0.));
#4811=DIRECTION('',(0.,-1.,0.));
#4812=DIRECTION('',(0.,0.,1.));
#4813=DIRECTION('',(0.,1.,0.));
#4814=DIRECTION('',(1.,0.,0.));
#4815=DIRECTION('',(0.,0.,1.));
#4816=DIRECTION('',(-1.,0.,0.));
#4817=DIRECTION('',(0.,0.,1.));
#4818=DIRECTION('',(1.,0.,0.));
#4819=DIRECTION('',(0.,-1.,0.));
#4820=DIRECTION('',(0.,0.781878508385384,0.623430828661086));
#4821=DIRECTION('',(0.,0.,1.));
#4822=DIRECTION('',(-1.,0.,0.));
#4823=DIRECTION('',(0.,1.,0.));
#4824=DIRECTION('',(0.,-0.781878508385384,-0.623430828661086));
#4825=DIRECTION('',(0.948683298050514,-0.316227766016838,0.));
#4826=DIRECTION('',(-0.316227766016838,-0.948683298050514,0.));
#4827=DIRECTION('',(0.948683298050514,-0.316227766016838,0.));
#4828=DIRECTION('',(0.316227766016838,0.948683298050514,0.));
#4829=DIRECTION('',(0.,0.,1.));
#4830=DIRECTION('',(0.948683298050514,-0.316227766016838,0.));
#4831=DIRECTION('',(-0.316227766016838,-0.948683298050514,0.));
#4832=DIRECTION('',(0.252201369748387,0.756604109245161,0.603278286506629));
#4833=DIRECTION('',(0.,-0.623430828661086,0.781878508385383));
#4834=DIRECTION('',(-1.,0.,0.));
#4835=DIRECTION('',(0.,0.,-1.));
#4836=DIRECTION('',(0.,1.,0.));
#4837=DIRECTION('',(0.,1.,0.));
#4838=DIRECTION('',(-1.,0.,0.));
#4839=DIRECTION('',(0.,1.,0.));
#4840=DIRECTION('',(1.,0.,0.));
#4841=DIRECTION('',(0.,-1.,0.));
#4842=DIRECTION('',(0.,0.,-1.));
#4843=DIRECTION('',(0.,-1.,0.));
#4844=DIRECTION('',(0.,1.,0.));
#4845=DIRECTION('',(0.,0.,-1.));
#4846=DIRECTION('',(0.,1.,0.));
#4847=DIRECTION('',(0.,1.,0.));
#4848=DIRECTION('',(1.,0.,0.));
#4849=DIRECTION('',(0.,-1.,0.));
#4850=DIRECTION('',(0.,-1.,0.));
#4851=DIRECTION('',(0.,0.,-1.));
#4852=DIRECTION('',(0.,1.,0.));
#4853=DIRECTION('',(0.,0.,-1.));
#4854=DIRECTION('',(0.,1.,0.));
#4855=DIRECTION('',(-1.,0.,0.));
#4856=DIRECTION('',(0.,1.,0.));
#4857=DIRECTION('',(-1.,0.,0.));
#4858=DIRECTION('',(0.,1.,0.));
#4859=DIRECTION('',(7.53159600610098E-17,0.,1.));
#4860=DIRECTION('',(0.,-1.,0.));
#4861=DIRECTION('',(0.,1.,0.));
#4862=DIRECTION('',(0.,0.,1.));
#4863=DIRECTION('',(0.,-1.,0.));
#4864=DIRECTION('',(0.,1.,0.));
#4865=DIRECTION('',(-1.,0.,0.));
#4866=DIRECTION('',(0.,1.,0.));
#4867=DIRECTION('',(0.,-1.,0.));
#4868=DIRECTION('',(0.,0.,1.));
#4869=DIRECTION('',(0.,1.,0.));
#4870=DIRECTION('',(1.,0.,0.));
#4871=DIRECTION('',(0.,1.,0.));
#4872=DIRECTION('',(1.,0.,0.));
#4873=DIRECTION('',(0.,1.,0.));
#4874=DIRECTION('',(1.,0.,0.));
#4875=DIRECTION('',(0.,1.,0.));
#4876=DIRECTION('',(1.,0.,0.));
#4877=DIRECTION('',(0.,1.,0.));
#4878=DIRECTION('',(1.,0.,0.));
#4879=DIRECTION('',(0.,1.,0.));
#4880=DIRECTION('',(1.,0.,0.));
#4881=DIRECTION('',(0.,0.,1.));
#4882=DIRECTION('',(0.,-1.,0.));
#4883=DIRECTION('',(1.,0.,0.));
#4884=DIRECTION('',(0.,1.,0.));
#4885=DIRECTION('',(0.,1.,0.));
#4886=DIRECTION('',(-1.,0.,0.));
#4887=DIRECTION('',(0.,1.,0.));
#4888=DIRECTION('',(0.,1.,0.));
#4889=DIRECTION('',(0.,0.,1.));
#4890=DIRECTION('',(0.,0.,1.));
#4891=DIRECTION('',(0.,-1.,0.));
#4892=DIRECTION('',(0.,1.,0.));
#4893=DIRECTION('',(1.,0.,0.));
#4894=DIRECTION('',(-1.,0.,0.));
#4895=DIRECTION('',(0.,1.,0.));
#4896=DIRECTION('',(0.,0.,1.));
#4897=DIRECTION('',(0.,1.,0.));
#4898=DIRECTION('',(1.,0.,0.));
#4899=DIRECTION('',(0.,1.,0.));
#4900=DIRECTION('',(1.,0.,0.));
#4901=DIRECTION('',(0.,1.,0.));
#4902=DIRECTION('',(1.,0.,0.));
#4903=DIRECTION('',(0.,1.,0.));
#4904=DIRECTION('',(1.,0.,0.));
#4905=DIRECTION('',(0.,0.,-1.));
#4906=DIRECTION('',(0.,1.,0.));
#4907=DIRECTION('',(0.,1.,0.));
#4908=DIRECTION('',(-1.,0.,0.));
#4909=DIRECTION('',(0.,1.,0.));
#4910=DIRECTION('',(1.,0.,0.));
#4911=DIRECTION('',(0.,-1.,0.));
#4912=DIRECTION('',(0.,0.,-1.));
#4913=DIRECTION('',(0.,1.,0.));
#4914=DIRECTION('',(0.,0.,-1.));
#4915=DIRECTION('',(0.,1.,0.));
#4916=DIRECTION('',(-1.,0.,0.));
#4917=DIRECTION('',(0.,1.,0.));
#4918=DIRECTION('',(1.,0.,0.));
#4919=DIRECTION('',(0.,-1.,0.));
#4920=DIRECTION('',(0.,0.,-1.));
#4921=DIRECTION('',(0.,1.,0.));
#4922=DIRECTION('',(1.,0.,0.));
#4923=DIRECTION('',(0.,0.,-1.));
#4924=DIRECTION('',(0.,1.,0.));
#4925=DIRECTION('',(0.,1.,0.));
#4926=DIRECTION('',(-1.,0.,0.));
#4927=DIRECTION('',(0.,1.,0.));
#4928=DIRECTION('',(1.,0.,0.));
#4929=DIRECTION('',(0.,-1.,0.));
#4930=DIRECTION('',(0.,0.,-1.));
#4931=DIRECTION('',(0.,1.,0.));
#4932=DIRECTION('',(0.,0.,-1.));
#4933=DIRECTION('',(0.,1.,0.));
#4934=DIRECTION('',(-1.,0.,0.));
#4935=DIRECTION('',(0.,1.,0.));
#4936=DIRECTION('',(1.,0.,0.));
#4937=DIRECTION('',(0.,-1.,0.));
#4938=DIRECTION('',(0.,0.,-1.));
#4939=DIRECTION('',(0.,1.,0.));
#4940=DIRECTION('',(1.,0.,0.));
#4941=DIRECTION('',(0.,0.,1.));
#4942=DIRECTION('',(0.,-1.,0.));
#4943=DIRECTION('',(-1.,0.,0.));
#4944=DIRECTION('',(0.,0.,1.));
#4945=DIRECTION('',(0.,-1.,0.));
#4946=DIRECTION('',(0.,-1.,0.));
#4947=DIRECTION('',(-1.,0.,0.));
#4948=DIRECTION('',(1.,0.,0.));
#4949=DIRECTION('',(0.,-1.,0.));
#4950=DIRECTION('',(0.,-1.,0.));
#4951=DIRECTION('',(0.,0.,1.));
#4952=DIRECTION('',(0.,0.,1.));
#4953=DIRECTION('',(0.,-1.,0.));
#4954=DIRECTION('',(0.,-1.,0.));
#4955=DIRECTION('',(-1.,0.,0.));
#4956=DIRECTION('',(1.,0.,0.));
#4957=DIRECTION('',(0.,-1.,0.));
#4958=DIRECTION('',(0.,-1.,0.));
#4959=DIRECTION('',(0.,0.,1.));
#4960=DIRECTION('',(0.,0.,1.));
#4961=DIRECTION('',(0.,-1.,0.));
#4962=DIRECTION('',(-1.,0.,0.));
#4963=DIRECTION('',(0.,1.,0.));
#4964=DIRECTION('',(1.,0.,0.));
#4965=DIRECTION('',(0.,-1.,0.));
#4966=DIRECTION('',(0.,-1.,0.));
#4967=DIRECTION('',(0.,-1.,0.));
#4968=DIRECTION('',(0.,-1.,0.));
#4969=DIRECTION('',(0.881748653640961,0.,0.471719526628221));
#4970=DIRECTION('',(0.,-1.,0.));
#4971=DIRECTION('',(0.,-1.,0.));
#4972=DIRECTION('',(0.,0.,-1.));
#4973=DIRECTION('',(0.888461516247561,8.83366108651708E-25,0.458951123919624));
#4974=DIRECTION('',(0.458951123919624,4.29201860717436E-16,-0.888461516247561));
#4975=DIRECTION('',(0.,-1.,0.));
#4976=DIRECTION('',(0.458951123919624,4.29201860717436E-16,-0.888461516247561));
#4977=DIRECTION('',(0.,-1.,0.));
#4978=DIRECTION('',(0.896699505544136,0.,0.442639804758792));
#4979=DIRECTION('',(0.,-1.,0.));
#4980=DIRECTION('',(0.,-1.,0.));
#4981=DIRECTION('',(0.,0.,-1.));
#4982=DIRECTION('',(0.,-1.,0.));
#4983=DIRECTION('',(0.,-1.,0.));
#4984=DIRECTION('',(0.104188131164606,0.,-0.994557606840562));
#4985=DIRECTION('',(0.,-1.,0.));
#4986=DIRECTION('',(0.,-1.,0.));
#4987=DIRECTION('',(0.,0.,-1.));
#4988=DIRECTION('',(-1.,0.,0.));
#4989=DIRECTION('',(0.,1.,0.));
#4990=DIRECTION('',(0.,-1.,0.));
#4991=DIRECTION('',(0.,0.,-1.));
#4992=DIRECTION('',(0.,-1.,0.));
#4993=DIRECTION('',(0.,-1.,0.));
#4994=DIRECTION('',(0.,1.,0.));
#4995=DIRECTION('',(1.,0.,0.));
#4996=DIRECTION('',(0.,-1.,0.));
#4997=DIRECTION('',(0.,-1.,0.));
#4998=DIRECTION('',(0.,-1.,0.));
#4999=DIRECTION('',(0.,-1.,0.));
#5000=DIRECTION('',(-0.793312403556813,0.,0.608814775085915));
#5001=DIRECTION('',(0.,-1.,0.));
#5002=DIRECTION('',(0.,-1.,0.));
#5003=DIRECTION('',(0.,0.,-1.));
#5004=DIRECTION('',(0.,-1.,0.));
#5005=DIRECTION('',(-0.58754534773369,0.,0.809191240904458));
#5006=DIRECTION('',(0.,-1.,0.));
#5007=DIRECTION('',(0.,-1.,0.));
#5008=DIRECTION('',(0.,0.,-1.));
#5009=DIRECTION('',(0.,-1.,0.));
#5010=DIRECTION('',(-0.462482208916869,0.,0.886628561707423));
#5011=DIRECTION('',(0.,-1.,0.));
#5012=DIRECTION('',(0.,-1.,0.));
#5013=DIRECTION('',(0.,0.,-1.));
#5014=DIRECTION('',(1.,0.,0.));
#5015=DIRECTION('',(0.,-1.,0.));
#5016=DIRECTION('',(0.,-1.,0.));
#5017=DIRECTION('',(0.,0.,1.));
#5018=DIRECTION('',(0.,-1.,0.));
#5019=DIRECTION('',(0.,-1.,0.));
#5020=DIRECTION('',(0.,-1.,0.));
#5021=DIRECTION('',(0.,-1.,0.));
#5022=DIRECTION('',(1.,0.,0.));
#5023=DIRECTION('',(0.,-1.,0.));
#5024=DIRECTION('',(0.,-1.,0.));
#5025=DIRECTION('',(0.,0.,1.));
#5026=DIRECTION('',(0.,-1.,0.));
#5027=DIRECTION('',(-0.273013544525494,0.,-0.962010189398026));
#5028=DIRECTION('',(0.,-1.,0.));
#5029=DIRECTION('',(0.,-1.,0.));
#5030=DIRECTION('',(0.,0.,-1.));
#5031=DIRECTION('',(0.,-1.,0.));
#5032=DIRECTION('',(0.,1.,0.));
#5033=DIRECTION('',(1.,0.,0.));
#5034=DIRECTION('',(0.,-1.,0.));
#5035=DIRECTION('',(0.,-1.,0.));
#5036=DIRECTION('',(-0.971195081368719,0.,-0.23828578204586));
#5037=DIRECTION('',(-0.23828578204586,0.,0.971195081368719));
#5038=DIRECTION('',(0.,-1.,0.));
#5039=DIRECTION('',(0.23828578204586,0.,-0.971195081368719));
#5040=DIRECTION('',(0.,-1.,0.));
#5041=DIRECTION('',(0.,-1.,0.));
#5042=DIRECTION('',(-0.318186690202528,0.,0.948028074572668));
#5043=DIRECTION('',(0.,-1.,0.));
#5044=DIRECTION('',(0.,-1.,0.));
#5045=DIRECTION('',(0.,0.,-1.));
#5046=DIRECTION('',(0.,-1.,0.));
#5047=DIRECTION('',(-0.161986894350727,0.,0.986792909408355));
#5048=DIRECTION('',(0.,-1.,0.));
#5049=DIRECTION('',(0.,-1.,0.));
#5050=DIRECTION('',(0.,0.,-1.));
#5051=DIRECTION('',(0.,-1.,0.));
#5052=DIRECTION('',(-0.0494891947600741,0.,0.998774659070803));
#5053=DIRECTION('',(0.,-1.,0.));
#5054=DIRECTION('',(0.,-1.,0.));
#5055=DIRECTION('',(0.,0.,-1.));
#5056=DIRECTION('',(0.,0.,1.));
#5057=DIRECTION('',(0.,-1.,0.));
#5058=DIRECTION('',(0.,-1.,0.));
#5059=DIRECTION('',(-1.,0.,0.));
#5060=DIRECTION('',(1.,0.,0.));
#5061=DIRECTION('',(0.,-1.,0.));
#5062=DIRECTION('',(0.,-1.,0.));
#5063=DIRECTION('',(0.,0.,1.));
#5064=DIRECTION('',(0.,0.,-1.));
#5065=DIRECTION('',(0.,1.,0.));
#5066=DIRECTION('',(0.,-1.,0.));
#5067=DIRECTION('',(1.,0.,0.));
#5068=DIRECTION('',(0.,-1.,0.));
#5069=DIRECTION('',(0.,-1.,0.));
#5070=DIRECTION('',(-0.221967466061114,0.,0.975054072352097));
#5071=DIRECTION('',(0.,-1.,0.));
#5072=DIRECTION('',(0.,-1.,0.));
#5073=DIRECTION('',(0.,0.,-1.));
#5074=DIRECTION('',(0.,-1.,0.));
#5075=DIRECTION('',(-0.300447127402215,0.,0.953798471185479));
#5076=DIRECTION('',(0.,-1.,0.));
#5077=DIRECTION('',(0.,0.,-1.));
#5078=DIRECTION('',(0.,1.,0.));
#5079=DIRECTION('',(1.,0.,0.));
#5080=DIRECTION('',(0.,-1.,0.));
#5081=DIRECTION('',(0.429421638702591,0.,-0.903104122576119));
#5082=DIRECTION('',(0.,-1.,0.));
#5083=DIRECTION('',(0.,-1.,0.));
#5084=DIRECTION('',(0.,0.,-1.));
#5085=DIRECTION('',(0.,-1.,0.));
#5086=DIRECTION('',(-1.,0.,0.));
#5087=DIRECTION('',(0.,1.,0.));
#5088=DIRECTION('',(0.,-1.,0.));
#5089=DIRECTION('',(0.,0.,-1.));
#5090=DIRECTION('',(0.,-1.,0.));
#5091=DIRECTION('',(0.,-1.,0.));
#5092=DIRECTION('',(0.,-1.,0.));
#5093=DIRECTION('',(-1.,0.,0.));
#5094=DIRECTION('',(0.,1.,0.));
#5095=DIRECTION('',(0.,-1.,0.));
#5096=DIRECTION('',(0.,0.,-1.));
#5097=DIRECTION('',(0.,-1.,0.));
#5098=DIRECTION('',(0.,-1.,0.));
#5099=DIRECTION('',(0.,-1.,0.));
#5100=DIRECTION('',(0.850923678273065,0.,0.525289342890409));
#5101=DIRECTION('',(0.,-1.,0.));
#5102=DIRECTION('',(0.,-1.,0.));
#5103=DIRECTION('',(0.,0.,-1.));
#5104=DIRECTION('',(0.,-1.,0.));
#5105=DIRECTION('',(0.982156433068858,0.,0.18806578897146));
#5106=DIRECTION('',(0.,-1.,0.));
#5107=DIRECTION('',(0.,-1.,0.));
#5108=DIRECTION('',(0.,0.,-1.));
#5109=DIRECTION('',(0.,-1.,0.));
#5110=DIRECTION('',(0.,-1.,0.));
#5111=DIRECTION('',(0.,-1.,0.));
#5112=DIRECTION('',(0.554078535716084,0.,-0.832464399394185));
#5113=DIRECTION('',(0.,-1.,0.));
#5114=DIRECTION('',(0.,0.,-1.));
#5115=DIRECTION('',(0.,1.,0.));
#5116=DIRECTION('',(1.,0.,0.));
#5117=DIRECTION('',(0.,0.,-1.));
#5118=DIRECTION('',(0.,1.,0.));
#5119=DIRECTION('',(0.,-1.,0.));
#5120=DIRECTION('',(1.,0.,0.));
#5121=DIRECTION('',(0.,-1.,0.));
#5122=DIRECTION('',(-1.,0.,0.));
#5123=DIRECTION('',(0.,1.,0.));
#5124=DIRECTION('',(0.,-1.,0.));
#5125=DIRECTION('',(0.,0.,-1.));
#5126=DIRECTION('',(0.,0.,1.));
#5127=DIRECTION('',(0.,-1.,0.));
#5128=DIRECTION('',(0.,-1.,0.));
#5129=DIRECTION('',(-1.,0.,0.));
#5130=DIRECTION('',(1.,0.,0.));
#5131=DIRECTION('',(0.,-1.,0.));
#5132=DIRECTION('',(0.,0.,1.));
#5133=DIRECTION('',(0.,1.,0.));
#5134=DIRECTION('',(1.,0.,0.));
#5135=DIRECTION('',(0.,0.,1.));
#5136=DIRECTION('',(0.,-1.,0.));
#5137=DIRECTION('',(0.,-1.,0.));
#5138=DIRECTION('',(-1.,0.,0.));
#5139=DIRECTION('',(0.,-1.,0.));
#5140=DIRECTION('',(0.865350025837741,0.,-0.501167968631896));
#5141=DIRECTION('',(-0.501167968631896,0.,-0.865350025837741));
#5142=DIRECTION('',(0.,-1.,0.));
#5143=DIRECTION('',(0.501167968631896,0.,0.865350025837741));
#5144=DIRECTION('',(0.,-1.,0.));
#5145=DIRECTION('',(0.,-1.,0.));
#5146=DIRECTION('',(0.,-1.,0.));
#5147=DIRECTION('',(0.,-1.,0.));
#5148=DIRECTION('',(0.,-1.,0.));
#5149=DIRECTION('',(0.,-1.,0.));
#5150=DIRECTION('',(0.,0.,-1.));
#5151=DIRECTION('',(0.,1.,0.));
#5152=DIRECTION('',(0.,-1.,0.));
#5153=DIRECTION('',(1.,0.,0.));
#5154=DIRECTION('',(-1.,0.,0.));
#5155=DIRECTION('',(0.,1.,0.));
#5156=DIRECTION('',(0.,-1.,0.));
#5157=DIRECTION('',(0.,0.,-1.));
#5158=DIRECTION('',(0.,0.,1.));
#5159=DIRECTION('',(0.,-1.,0.));
#5160=DIRECTION('',(0.,-1.,0.));
#5161=DIRECTION('',(-1.,0.,0.));
#5162=DIRECTION('',(0.,-1.,0.));
#5163=DIRECTION('',(0.,-1.,0.));
#5164=DIRECTION('',(0.,-1.,0.));
#5165=DIRECTION('',(0.,-1.,0.));
#5166=DIRECTION('',(0.,-1.,0.));
#5167=DIRECTION('',(0.,-1.,0.));
#5168=DIRECTION('',(0.,-1.,0.));
#5169=DIRECTION('',(0.,-1.,0.));
#5170=DIRECTION('',(0.,0.,-1.));
#5171=DIRECTION('',(0.,1.,0.));
#5172=DIRECTION('',(0.,-1.,0.));
#5173=DIRECTION('',(1.,0.,0.));
#5174=DIRECTION('',(-1.,0.,0.));
#5175=DIRECTION('',(0.,1.,0.));
#5176=DIRECTION('',(0.,-1.,0.));
#5177=DIRECTION('',(0.,0.,-1.));
#5178=DIRECTION('',(0.,0.,1.));
#5179=DIRECTION('',(0.,-1.,0.));
#5180=DIRECTION('',(0.,-1.,0.));
#5181=DIRECTION('',(-1.,0.,0.));
#5182=DIRECTION('',(0.,-1.,0.));
#5183=DIRECTION('',(0.,-1.,0.));
#5184=DIRECTION('',(-0.0723521191519105,0.,-0.99737915100238));
#5185=DIRECTION('',(0.,-1.,0.));
#5186=DIRECTION('',(0.,-1.,0.));
#5187=DIRECTION('',(0.,0.,-1.));
#5188=DIRECTION('',(-0.886973045168113,0.,0.461821196076148));
#5189=DIRECTION('',(0.461821196076148,0.,0.886973045168114));
#5190=DIRECTION('',(-0.461821196076148,0.,-0.886973045168114));
#5191=DIRECTION('',(0.,1.,0.));
#5192=DIRECTION('',(1.,0.,0.));
#5193=DIRECTION('',(0.,0.,-1.));
#5194=DIRECTION('',(0.,1.,0.));
#5195=DIRECTION('',(0.,-1.,0.));
#5196=DIRECTION('',(1.,0.,0.));
#5197=DIRECTION('',(0.,-1.,0.));
#5198=DIRECTION('',(-1.,0.,0.));
#5199=DIRECTION('',(0.,1.,0.));
#5200=DIRECTION('',(0.,-1.,0.));
#5201=DIRECTION('',(0.,0.,-1.));
#5202=DIRECTION('',(0.,0.,1.));
#5203=DIRECTION('',(0.,-1.,0.));
#5204=DIRECTION('',(0.,-1.,0.));
#5205=DIRECTION('',(-1.,0.,0.));
#5206=DIRECTION('',(1.,0.,0.));
#5207=DIRECTION('',(0.,-1.,0.));
#5208=DIRECTION('',(0.,0.,1.));
#5209=DIRECTION('',(0.,1.,0.));
#5210=DIRECTION('',(1.,0.,0.));
#5211=DIRECTION('',(0.,0.,1.));
#5212=DIRECTION('',(0.,-1.,0.));
#5213=DIRECTION('',(0.,-1.,0.));
#5214=DIRECTION('',(-1.,0.,0.));
#5215=DIRECTION('',(0.,-1.,0.));
#5216=DIRECTION('',(0.865350025837741,0.,-0.501167968631897));
#5217=DIRECTION('',(-0.501167968631897,0.,-0.865350025837741));
#5218=DIRECTION('',(0.,-1.,0.));
#5219=DIRECTION('',(0.501167968631897,0.,0.865350025837741));
#5220=DIRECTION('',(0.,-1.,0.));
#5221=DIRECTION('',(0.,-1.,0.));
#5222=DIRECTION('',(0.,-1.,0.));
#5223=DIRECTION('',(0.,-1.,0.));
#5224=DIRECTION('',(0.,-1.,0.));
#5225=DIRECTION('',(0.,-1.,0.));
#5226=DIRECTION('',(0.,0.,-1.));
#5227=DIRECTION('',(0.,1.,0.));
#5228=DIRECTION('',(0.,-1.,0.));
#5229=DIRECTION('',(1.,0.,0.));
#5230=DIRECTION('',(-1.,0.,0.));
#5231=DIRECTION('',(0.,1.,0.));
#5232=DIRECTION('',(0.,-1.,0.));
#5233=DIRECTION('',(0.,0.,-1.));
#5234=DIRECTION('',(0.,0.,1.));
#5235=DIRECTION('',(0.,-1.,0.));
#5236=DIRECTION('',(0.,-1.,0.));
#5237=DIRECTION('',(-1.,0.,0.));
#5238=DIRECTION('',(0.,-1.,0.));
#5239=DIRECTION('',(0.,-1.,0.));
#5240=DIRECTION('',(0.,-1.,0.));
#5241=DIRECTION('',(0.,-1.,0.));
#5242=DIRECTION('',(0.,-1.,0.));
#5243=DIRECTION('',(0.,-1.,0.));
#5244=DIRECTION('',(0.,-1.,0.));
#5245=DIRECTION('',(0.,-1.,0.));
#5246=DIRECTION('',(0.,0.,-1.));
#5247=DIRECTION('',(0.,1.,0.));
#5248=DIRECTION('',(0.,-1.,0.));
#5249=DIRECTION('',(1.,0.,0.));
#5250=DIRECTION('',(-1.,0.,0.));
#5251=DIRECTION('',(0.,1.,0.));
#5252=DIRECTION('',(0.,-1.,0.));
#5253=DIRECTION('',(0.,0.,-1.));
#5254=DIRECTION('',(0.,0.,1.));
#5255=DIRECTION('',(0.,-1.,0.));
#5256=DIRECTION('',(0.,-1.,0.));
#5257=DIRECTION('',(-1.,0.,0.));
#5258=DIRECTION('',(0.,-1.,0.));
#5259=DIRECTION('',(0.,-1.,0.));
#5260=DIRECTION('',(-0.072352119151929,0.,-0.997379151002378));
#5261=DIRECTION('',(0.,-1.,0.));
#5262=DIRECTION('',(0.,-1.,0.));
#5263=DIRECTION('',(0.,0.,-1.));
#5264=DIRECTION('',(-0.886973045168113,0.,0.461821196076148));
#5265=DIRECTION('',(0.461821196076148,0.,0.886973045168113));
#5266=DIRECTION('',(-0.461821196076148,0.,-0.886973045168113));
#5267=DIRECTION('',(0.,1.,0.));
#5268=DIRECTION('',(1.,0.,0.));
#5269=DIRECTION('',(1.,0.,0.));
#5270=DIRECTION('',(0.,-1.,0.));
#5271=DIRECTION('',(0.,-1.,0.));
#5272=DIRECTION('',(0.,0.,1.));
#5273=DIRECTION('',(0.,-1.,0.));
#5274=DIRECTION('',(0.,0.,-1.));
#5275=DIRECTION('',(0.,1.,0.));
#5276=DIRECTION('',(0.,-1.,0.));
#5277=DIRECTION('',(1.,0.,0.));
#5278=DIRECTION('',(-1.,0.,0.));
#5279=DIRECTION('',(0.,1.,0.));
#5280=DIRECTION('',(0.,-1.,0.));
#5281=DIRECTION('',(0.,0.,-1.));
#5282=DIRECTION('',(0.,0.,1.));
#5283=DIRECTION('',(0.,-1.,0.));
#5284=DIRECTION('',(-1.,0.,0.));
#5285=DIRECTION('',(0.,1.,0.));
#5286=DIRECTION('',(1.,0.,0.));
#5287=DIRECTION('',(0.,-1.,0.));
#5288=DIRECTION('',(0.,-1.,0.));
#5289=DIRECTION('',(0.,-1.,0.));
#5290=DIRECTION('',(0.905828613849892,0.,0.423644334708706));
#5291=DIRECTION('',(0.423644334708706,0.,-0.905828613849892));
#5292=DIRECTION('',(0.,-1.,0.));
#5293=DIRECTION('',(-0.423644334708706,0.,0.905828613849892));
#5294=DIRECTION('',(0.,-1.,0.));
#5295=DIRECTION('',(0.,-1.,0.));
#5296=DIRECTION('',(0.,-1.,0.));
#5297=DIRECTION('',(0.,-1.,0.));
#5298=DIRECTION('',(0.,-1.,0.));
#5299=DIRECTION('',(0.,-1.,0.));
#5300=DIRECTION('',(0.,-1.,0.));
#5301=DIRECTION('',(0.905295264517795,0.,0.424782866935162));
#5302=DIRECTION('',(0.424782866935162,0.,-0.905295264517795));
#5303=DIRECTION('',(0.,-1.,0.));
#5304=DIRECTION('',(-0.424782866935162,0.,0.905295264517795));
#5305=DIRECTION('',(0.,-1.,0.));
#5306=DIRECTION('',(0.,-1.,0.));
#5307=DIRECTION('',(0.,-1.,0.));
#5308=DIRECTION('',(0.,-1.,0.));
#5309=DIRECTION('',(0.,1.,0.));
#5310=DIRECTION('',(1.,0.,0.));
#5311=DIRECTION('',(0.,-1.,0.));
#5312=DIRECTION('',(0.,-1.,0.));
#5313=DIRECTION('',(-0.903458531820698,0.,-0.428675496477683));
#5314=DIRECTION('',(-0.428675496477683,0.,0.903458531820698));
#5315=DIRECTION('',(0.,-1.,0.));
#5316=DIRECTION('',(0.428675496477683,0.,-0.903458531820698));
#5317=DIRECTION('',(0.,-1.,0.));
#5318=DIRECTION('',(-0.905434146421439,0.,0.424486756559117));
#5319=DIRECTION('',(0.,-1.,0.));
#5320=DIRECTION('',(0.,-1.,0.));
#5321=DIRECTION('',(0.,0.,-1.));
#5322=DIRECTION('',(0.,-1.,0.));
#5323=DIRECTION('',(0.,-1.,0.));
#5324=DIRECTION('',(0.,-1.,0.));
#5325=DIRECTION('',(0.,-1.,0.));
#5326=DIRECTION('',(0.,-1.,0.));
#5327=DIRECTION('',(0.,-1.,0.));
#5328=DIRECTION('',(0.,-1.,0.));
#5329=DIRECTION('',(-0.903954632328846,0.,-0.427628369839069));
#5330=DIRECTION('',(-0.42762836983907,0.,0.903954632328847));
#5331=DIRECTION('',(0.,-1.,0.));
#5332=DIRECTION('',(0.427628369839069,0.,-0.903954632328846));
#5333=DIRECTION('',(0.,-1.,0.));
#5334=DIRECTION('',(0.,-1.,0.));
#5335=DIRECTION('',(0.,-1.,0.));
#5336=DIRECTION('',(0.,-1.,0.));
#5337=DIRECTION('',(0.,-1.,0.));
#5338=DIRECTION('',(0.,1.,0.));
#5339=DIRECTION('',(1.,0.,0.));
#5340=DIRECTION('',(0.,0.,1.));
#5341=DIRECTION('',(0.,-1.,0.));
#5342=DIRECTION('',(0.,-1.,0.));
#5343=DIRECTION('',(-1.,0.,0.));
#5344=DIRECTION('',(0.,-1.,0.));
#5345=DIRECTION('',(1.,0.,0.));
#5346=DIRECTION('',(0.,-1.,0.));
#5347=DIRECTION('',(0.,-1.,0.));
#5348=DIRECTION('',(0.,0.,1.));
#5349=DIRECTION('',(0.,0.,-1.));
#5350=DIRECTION('',(0.,1.,0.));
#5351=DIRECTION('',(0.,-1.,0.));
#5352=DIRECTION('',(1.,0.,0.));
#5353=DIRECTION('',(-0.706804146183732,0.,-0.707409286719849));
#5354=DIRECTION('',(-0.707409286719849,0.,0.706804146183733));
#5355=DIRECTION('',(0.,-1.,0.));
#5356=DIRECTION('',(0.707409286719849,0.,-0.706804146183733));
#5357=DIRECTION('',(-0.707106781186548,0.,0.707106781186548));
#5358=DIRECTION('',(0.707106781186548,0.,0.707106781186548));
#5359=DIRECTION('',(0.,-1.,0.));
#5360=DIRECTION('',(-0.707106781186548,0.,-0.707106781186548));
#5361=DIRECTION('',(0.707106781186548,0.,0.707106781186547));
#5362=DIRECTION('',(0.707106781186547,0.,-0.707106781186548));
#5363=DIRECTION('',(0.,-1.,0.));
#5364=DIRECTION('',(-0.707106781186547,0.,0.707106781186548));
#5365=DIRECTION('',(-1.,0.,0.));
#5366=DIRECTION('',(0.,1.,0.));
#5367=DIRECTION('',(0.,0.,-1.));
#5368=DIRECTION('',(0.,1.,0.));
#5369=DIRECTION('',(1.,0.,0.));
#5370=DIRECTION('',(1.52782985040159E-16,1.,0.));
#5371=DIRECTION('',(1.,-1.52782985040159E-16,0.));
#5372=DIRECTION('',(1.52782985040159E-16,1.,0.));
#5373=DIRECTION('',(1.,-1.52782985040159E-16,0.));
#5374=DIRECTION('',(1.52782985040159E-16,1.,0.));
#5375=DIRECTION('',(1.,-1.52782985040159E-16,0.));
#5376=DIRECTION('',(-1.,1.52782985040159E-16,0.));
#5377=DIRECTION('',(0.,0.,-1.));
#5378=DIRECTION('',(-1.,0.,0.));
#5379=DIRECTION('',(0.,-1.,0.));
#5380=DIRECTION('',(-1.,0.,0.));
#5381=DIRECTION('',(0.,-1.,0.));
#5382=DIRECTION('',(-1.,0.,0.));
#5383=DIRECTION('',(0.,1.,0.));
#5384=DIRECTION('',(1.,0.,0.));
#5385=DIRECTION('',(0.,1.,0.));
#5386=DIRECTION('',(1.,0.,0.));
#5387=DIRECTION('',(0.,1.,0.));
#5388=DIRECTION('',(1.,0.,0.));
#5389=DIRECTION('',(0.,1.,0.));
#5390=DIRECTION('',(1.,0.,0.));
#5391=DIRECTION('',(0.,-1.,0.));
#5392=DIRECTION('',(1.,0.,0.));
#5393=DIRECTION('',(0.,1.,0.));
#5394=DIRECTION('',(1.,0.,0.));
#5395=CARTESIAN_POINT('',(0.,0.,0.));
#5396=CARTESIAN_POINT('',(0.0883333333333333,0.0525,-0.118579413809261));
#5397=CARTESIAN_POINT('',(0.0841666666666666,0.065,-0.118579413809261));
#5398=CARTESIAN_POINT('',(0.0841666666666666,0.065,-0.0154126281010489));
#5399=CARTESIAN_POINT('',(0.0841666666666666,0.065,0.00142058619073867));
#5400=CARTESIAN_POINT('',(0.083,0.0685,-0.0165794138092614));
#5401=CARTESIAN_POINT('',(0.0841666666666666,0.065,-0.0177461995174739));
#5402=CARTESIAN_POINT('',(0.0841666666666666,0.065,-0.118579413809261));
#5403=CARTESIAN_POINT('',(0.0841666666666666,0.065,-0.118579413809261));
#5404=CARTESIAN_POINT('',(0.0788132011490006,0.0810603965529981,-0.105773656617728));
#5405=CARTESIAN_POINT('',(0.0925,0.04,-0.138513163809261));
#5406=CARTESIAN_POINT('',(0.0925,0.04,-0.118579413809261));
#5407=CARTESIAN_POINT('',(0.0925,0.04,0.00142058619073867));
#5408=CARTESIAN_POINT('',(0.0883333333333333,0.0525,0.00142058619073867));
#5409=CARTESIAN_POINT('',(0.0855,0.061,-0.118579413809261));
#5410=CARTESIAN_POINT('',(0.0855,0.061,-0.0122492867903391));
#5411=CARTESIAN_POINT('',(0.0855,0.061,-0.0209095408281836));
#5412=CARTESIAN_POINT('',(0.083,0.0685,-0.0165794138092614));
#5413=CARTESIAN_POINT('',(-0.09,0.07,0.015));
#5414=CARTESIAN_POINT('',(-0.09,0.07,-0.0235794138092613));
#5415=CARTESIAN_POINT('',(-0.09,0.07,-0.0235794138092613));
#5416=CARTESIAN_POINT('',(-0.0908333333333333,0.0675,-0.0235794138092613));
#5417=CARTESIAN_POINT('',(-0.09,0.07,0.015));
#5418=CARTESIAN_POINT('',(-0.09,0.07,-0.12));
#5419=CARTESIAN_POINT('',(-0.0686842105263158,0.133947368421053,-0.0560526315789474));
#5420=CARTESIAN_POINT('',(-0.0969059162966331,0.0492822511101008,-0.140717748889899));
#5421=CARTESIAN_POINT('',(-0.0956643028458098,0.0530070914625705,-0.14566430284581));
#5422=CARTESIAN_POINT('',(-0.1,0.04,-0.142978836371034));
#5423=CARTESIAN_POINT('',(-0.1,0.04,-0.058));
#5424=CARTESIAN_POINT('',(-0.1,0.04,0.00142058619073867));
#5425=CARTESIAN_POINT('',(-0.09,0.07,0.00142058619073867));
#5426=CARTESIAN_POINT('',(-0.0908333333333333,0.0675,0.00142058619073867));
#5427=CARTESIAN_POINT('',(-0.0908333333333333,0.0675,-0.0235794138092613));
#5428=CARTESIAN_POINT('',(-1.38777878078145E-17,0.07,0.));
#5429=CARTESIAN_POINT('',(0.0832806087157021,0.07,-0.0321320895198062));
#5430=CARTESIAN_POINT('',(0.0864473138113904,0.07,-0.0321320895198062));
#5431=CARTESIAN_POINT('',(0.0801139036200139,0.07,-0.0321320895198062));
#5432=CARTESIAN_POINT('',(0.0801139036200139,0.07,-0.0467869200478209));
#5433=CARTESIAN_POINT('',(0.0801139036200139,0.07,-0.0614417505758357));
#5434=CARTESIAN_POINT('',(0.077495042656214,0.07,-0.0588228896120358));
#5435=CARTESIAN_POINT('',(0.0748761816924141,0.07,-0.0562040286482359));
#5436=CARTESIAN_POINT('',(0.0726433018215356,0.07,-0.0584369085191144));
#5437=CARTESIAN_POINT('',(0.0704104219506572,0.07,-0.0606697883899929));
#5438=CARTESIAN_POINT('',(0.0752621627853355,0.07,-0.0655173788903388));
#5439=CARTESIAN_POINT('',(0.0801139036200139,0.07,-0.0703649693906846));
#5440=CARTESIAN_POINT('',(0.0832806087157021,0.07,-0.0703649693906846));
#5441=CARTESIAN_POINT('',(0.0864473138113904,0.07,-0.0703649693906846));
#5442=CARTESIAN_POINT('',(0.0864473138113904,0.07,-0.0512485294552454));
#5443=CARTESIAN_POINT('',(0.0599349780954577,0.07,-0.0674099313459532));
#5444=CARTESIAN_POINT('',(0.0624749827069403,0.07,-0.0650276394391052));
#5445=CARTESIAN_POINT('',(0.0637989393590039,0.07,-0.0610308674769194));
#5446=CARTESIAN_POINT('',(0.0599349780954577,0.07,-0.0674099313459532));
#5447=CARTESIAN_POINT('',(0.0637989393590039,0.07,-0.0610308674769194));
#5448=CARTESIAN_POINT('',(0.0637989393590039,0.07,-0.0610308674769194));
#5449=CARTESIAN_POINT('',(0.0651228960110676,0.07,-0.0570340955147335));
#5450=CARTESIAN_POINT('',(0.0651228960110676,0.07,-0.0514311441658749));
#5451=CARTESIAN_POINT('',(0.0651228960110676,0.07,-0.0514311441658749));
#5452=CARTESIAN_POINT('',(0.0651228960110676,0.07,-0.0514311441658749));
#5453=CARTESIAN_POINT('',(0.0651228960110676,0.07,-0.0466084556715239));
#5454=CARTESIAN_POINT('',(0.0641102144339405,0.07,-0.0429229587842746));
#5455=CARTESIAN_POINT('',(0.0641102144339405,0.07,-0.0429229587842746));
#5456=CARTESIAN_POINT('',(0.0641102144339405,0.07,-0.0429229587842746));
#5457=CARTESIAN_POINT('',(0.0630975328568135,0.07,-0.0392374618970254));
#5458=CARTESIAN_POINT('',(0.0611800783952041,0.07,-0.0368012156438551));
#5459=CARTESIAN_POINT('',(0.0611800783952041,0.07,-0.0368012156438551));
#5460=CARTESIAN_POINT('',(0.0611800783952041,0.07,-0.0368012156438551));
#5461=CARTESIAN_POINT('',(0.0592626239335947,0.07,-0.0343649693906846));
#5462=CARTESIAN_POINT('',(0.0565649066174775,0.07,-0.0331198690909383));
#5463=CARTESIAN_POINT('',(0.0565649066174775,0.07,-0.0331198690909383));
#5464=CARTESIAN_POINT('',(0.0565649066174775,0.07,-0.0331198690909383));
#5465=CARTESIAN_POINT('',(0.0538671893013604,0.07,-0.0318747687911919));
#5466=CARTESIAN_POINT('',(0.0504390131427254,0.07,-0.0318747687911919));
#5467=CARTESIAN_POINT('',(0.0504390131427254,0.07,-0.0318747687911919));
#5468=CARTESIAN_POINT('',(0.0504390131427254,0.07,-0.0318747687911919));
#5469=CARTESIAN_POINT('',(0.0467535162554762,0.07,-0.0318747687911919));
#5470=CARTESIAN_POINT('',(0.0439063869033894,0.07,-0.0333273858075626));
#5471=CARTESIAN_POINT('',(0.0439063869033894,0.07,-0.0333273858075626));
#5472=CARTESIAN_POINT('',(0.0450726308508186,0.07,-0.0357926844010604));
#5473=CARTESIAN_POINT('',(0.0462388747982477,0.07,-0.0382579829945583));
#5474=CARTESIAN_POINT('',(0.0462388747982477,0.07,-0.0382579829945583));
#5475=CARTESIAN_POINT('',(0.0478492045192529,0.07,-0.0369547780141571));
#5476=CARTESIAN_POINT('',(0.0502813004380909,0.07,-0.0369547780141571));
#5477=CARTESIAN_POINT('',(0.0502813004380909,0.07,-0.0369547780141571));
#5478=CARTESIAN_POINT('',(0.0502813004380909,0.07,-0.0369547780141571));
#5479=CARTESIAN_POINT('',(0.0522070555683652,0.07,-0.0369547780141571));
#5480=CARTESIAN_POINT('',(0.0537883329490431,0.07,-0.0377101388626699));
#5481=CARTESIAN_POINT('',(0.0537883329490431,0.07,-0.0377101388626699));
#5482=CARTESIAN_POINT('',(0.0537883329490431,0.07,-0.0377101388626699));
#5483=CARTESIAN_POINT('',(0.055369610329721,0.07,-0.0384654997111827));
#5484=CARTESIAN_POINT('',(0.0564569979248328,0.07,-0.0401754374561677));
#5485=CARTESIAN_POINT('',(0.0564569979248328,0.07,-0.0401754374561677));
#5486=CARTESIAN_POINT('',(0.0564569979248328,0.07,-0.0401754374561677));
#5487=CARTESIAN_POINT('',(0.0575443855199447,0.07,-0.0418853752011527));
#5488=CARTESIAN_POINT('',(0.0581420336638229,0.07,-0.0446619488695871));
#5489=CARTESIAN_POINT('',(0.0581420336638229,0.07,-0.0446619488695871));
#5490=CARTESIAN_POINT('',(0.0581420336638229,0.07,-0.0446619488695871));
#5491=CARTESIAN_POINT('',(0.0587396818077012,0.07,-0.0474385225380215));
#5492=CARTESIAN_POINT('',(0.0587894858196911,0.07,-0.0514311441658749));
#5493=CARTESIAN_POINT('',(0.0587894858196911,0.07,-0.0514311441658749));
#5494=CARTESIAN_POINT('',(0.0587894858196911,0.07,-0.0514311441658749));
#5495=CARTESIAN_POINT('',(0.0587396818077012,0.07,-0.0547016076198753));
#5496=CARTESIAN_POINT('',(0.0583246483744524,0.07,-0.0571378538730457));
#5497=CARTESIAN_POINT('',(0.0583246483744524,0.07,-0.0571378538730457));
#5498=CARTESIAN_POINT('',(0.0583246483744524,0.07,-0.0571378538730457));
#5499=CARTESIAN_POINT('',(0.0579096149412036,0.07,-0.0595741001262161));
#5500=CARTESIAN_POINT('',(0.0571293520866959,0.07,-0.0612923385398661));
#5501=CARTESIAN_POINT('',(0.0571293520866959,0.07,-0.0612923385398661));
#5502=CARTESIAN_POINT('',(0.0572236561954678,0.07,-0.0614038662046678));
#5503=CARTESIAN_POINT('',(0.0570791936305104,0.07,-0.0613919172466395));
#5504=CARTESIAN_POINT('',(0.0585072630850819,0.07,-0.0644009389548995));
#5505=CARTESIAN_POINT('',(0.0505967258473599,0.07,-0.0658577063056028));
#5506=CARTESIAN_POINT('',(0.0486792713857505,0.07,-0.0658577063056028));
#5507=CARTESIAN_POINT('',(0.0471228960110676,0.07,-0.0651313977974174));
#5508=CARTESIAN_POINT('',(0.0505967258473599,0.07,-0.0658577063056028));
#5509=CARTESIAN_POINT('',(0.0471228960110676,0.07,-0.0651313977974174));
#5510=CARTESIAN_POINT('',(0.0471228960110676,0.07,-0.0651313977974174));
#5511=CARTESIAN_POINT('',(0.0455665206363846,0.07,-0.064405089289232));
#5512=CARTESIAN_POINT('',(0.0444749827069403,0.07,-0.0626660992039196));
#5513=CARTESIAN_POINT('',(0.0444749827069403,0.07,-0.0626660992039196));
#5514=CARTESIAN_POINT('',(0.0444749827069403,0.07,-0.0626660992039196));
#5515=CARTESIAN_POINT('',(0.0433834447774959,0.07,-0.0609271091186072));
#5516=CARTESIAN_POINT('',(0.0427857966336177,0.07,-0.0581754374561677));
#5517=CARTESIAN_POINT('',(0.0427857966336177,0.07,-0.0581754374561677));
#5518=CARTESIAN_POINT('',(0.0427857966336177,0.07,-0.0581754374561677));
#5519=CARTESIAN_POINT('',(0.0421881484897395,0.07,-0.0554237657937282));
#5520=CARTESIAN_POINT('',(0.0421383444777496,0.07,-0.0514311441658749));
#5521=CARTESIAN_POINT('',(0.0421383444777496,0.07,-0.0514311441658749));
#5522=CARTESIAN_POINT('',(0.0421383444777496,0.07,-0.0514311441658749));
#5523=CARTESIAN_POINT('',(0.0421881484897395,0.07,-0.0482685894045191));
#5524=CARTESIAN_POINT('',(0.0425533779109984,0.07,-0.0458281928170162));
#5525=CARTESIAN_POINT('',(0.0425533779109984,0.07,-0.0458281928170162));
#5526=CARTESIAN_POINT('',(0.0425533779109984,0.07,-0.0458281928170162));
#5527=CARTESIAN_POINT('',(0.0429186073322574,0.07,-0.0433877962295133));
#5528=CARTESIAN_POINT('',(0.0436407655061102,0.07,-0.0416778584845283));
#5529=CARTESIAN_POINT('',(0.0436407655061102,0.07,-0.0416778584845283));
#5530=CARTESIAN_POINT('',(0.0422172008300669,0.07,-0.0386439640874797));
#5531=CARTESIAN_POINT('',(0.0407936361540236,0.07,-0.035610069690431));
#5532=CARTESIAN_POINT('',(0.0407936361540236,0.07,-0.035610069690431));
#5533=CARTESIAN_POINT('',(0.0384030435785105,0.07,-0.0380504662779339));
#5534=CARTESIAN_POINT('',(0.0371081392667743,0.07,-0.0419642315534699));
#5535=CARTESIAN_POINT('',(0.0371081392667743,0.07,-0.0419642315534699));
#5536=CARTESIAN_POINT('',(0.0371081392667743,0.07,-0.0419642315534699));
#5537=CARTESIAN_POINT('',(0.035813234955038,0.07,-0.0458779968290061));
#5538=CARTESIAN_POINT('',(0.035813234955038,0.07,-0.0514311441658749));
#5539=CARTESIAN_POINT('',(0.035813234955038,0.07,-0.0514311441658749));
#5540=CARTESIAN_POINT('',(0.035813234955038,0.07,-0.0514311441658749));
#5541=CARTESIAN_POINT('',(0.035813234955038,0.07,-0.0562538326602258));
#5542=CARTESIAN_POINT('',(0.0368217661978326,0.07,-0.0599144275414801));
#5543=CARTESIAN_POINT('',(0.0368217661978326,0.07,-0.0599144275414801));
#5544=CARTESIAN_POINT('',(0.0368217661978326,0.07,-0.0599144275414801));
#5545=CARTESIAN_POINT('',(0.0378302974406271,0.07,-0.0635750224227344));
#5546=CARTESIAN_POINT('',(0.0397270002305741,0.07,-0.0660112686759048));
#5547=CARTESIAN_POINT('',(0.0397270002305741,0.07,-0.0660112686759048));
#5548=CARTESIAN_POINT('',(0.0397270002305741,0.07,-0.0660112686759048));
#5549=CARTESIAN_POINT('',(0.0416237030205211,0.07,-0.0684475149290752));
#5550=CARTESIAN_POINT('',(0.0443463223426332,0.07,-0.0697175172348165));
#5551=CARTESIAN_POINT('',(0.0443463223426332,0.07,-0.0697175172348165));
#5552=CARTESIAN_POINT('',(0.0443463223426332,0.07,-0.0697175172348165));
#5553=CARTESIAN_POINT('',(0.0470689416647452,0.07,-0.0709875195405578));
#5554=CARTESIAN_POINT('',(0.0504390131427254,0.07,-0.0709875195405578));
#5555=CARTESIAN_POINT('',(0.0504390131427254,0.07,-0.0709875195405578));
#5556=CARTESIAN_POINT('',(0.0504390131427254,0.07,-0.0709875195405578));
#5557=CARTESIAN_POINT('',(0.05401660133733,0.07,-0.0709875195405578));
#5558=CARTESIAN_POINT('',(0.0567143186534471,0.07,-0.0696428112168318));
#5559=CARTESIAN_POINT('',(0.0567143186534471,0.07,-0.0696428112168318));
#5560=CARTESIAN_POINT('',(0.0555729767120129,0.07,-0.0672024146293289));
#5561=CARTESIAN_POINT('',(0.0544316347705788,0.07,-0.064762018041826));
#5562=CARTESIAN_POINT('',(0.0544316347705788,0.07,-0.064762018041826));
#5563=CARTESIAN_POINT('',(0.0527216970255938,0.07,-0.0658577063056028));
#5564=CARTESIAN_POINT('',(0.0505967258473599,0.07,-0.0658577063056028));
#5565=CARTESIAN_POINT('',(0.0275623703020521,0.07,-0.0473098621737144));
#5566=CARTESIAN_POINT('',(0.0275623703020521,0.07,-0.0499287231375142));
#5567=CARTESIAN_POINT('',(0.0275623703020521,0.07,-0.0446910012099145));
#5568=CARTESIAN_POINT('',(0.0193156559833987,0.07,-0.0446910012099145));
#5569=CARTESIAN_POINT('',(0.0110689416647452,0.07,-0.0446910012099145));
#5570=CARTESIAN_POINT('',(0.0110689416647452,0.07,-0.0473098621737144));
#5571=CARTESIAN_POINT('',(0.0110689416647452,0.07,-0.0499287231375142));
#5572=CARTESIAN_POINT('',(0.0193156559833987,0.07,-0.0499287231375142));
#5573=CARTESIAN_POINT('',(-0.000319575743601551,0.07,-0.0321320895198062));
#5574=CARTESIAN_POINT('',(0.00297578971639384,0.07,-0.0321320895198062));
#5575=CARTESIAN_POINT('',(-0.00361494120359694,0.07,-0.0321320895198062));
#5576=CARTESIAN_POINT('',(-0.00722158173852892,0.07,-0.0390589975207284));
#5577=CARTESIAN_POINT('',(-0.0108282919522173,0.07,-0.0459860393465581));
#5578=CARTESIAN_POINT('',(-0.0108143562240309,0.07,-0.0435429387706686));
#5579=CARTESIAN_POINT('',(-0.0111643993543924,0.07,-0.0459610035156558));
#5580=CARTESIAN_POINT('',(-0.0111643993543924,0.07,-0.0459610035156558));
#5581=CARTESIAN_POINT('',(-0.0113428637306894,0.07,-0.0459361015096609));
#5582=CARTESIAN_POINT('',(-0.0117080931519483,0.07,-0.0459361015096609));
#5583=CARTESIAN_POINT('',(-0.0117080931519483,0.07,-0.0459361015096609));
#5584=CARTESIAN_POINT('',(-0.013585081853816,0.07,-0.0459361015096609));
#5585=CARTESIAN_POINT('',(-0.0146133271846899,0.07,-0.0459361015096609));
#5586=CARTESIAN_POINT('',(-0.0146133271846899,0.07,-0.0482187853925292));
#5587=CARTESIAN_POINT('',(-0.0146133271846899,0.07,-0.0505014692753976));
#5588=CARTESIAN_POINT('',(-0.0128494350933825,0.07,-0.0505014692753976));
#5589=CARTESIAN_POINT('',(-0.0110855430020751,0.07,-0.0505014692753976));
#5590=CARTESIAN_POINT('',(-0.0110855430020751,0.07,-0.0505014692753976));
#5591=CARTESIAN_POINT('',(-0.00994835139497346,0.07,-0.0505014692753976));
#5592=CARTESIAN_POINT('',(-0.00880700945353929,0.07,-0.050887450368319));
#5593=CARTESIAN_POINT('',(-0.00880700945353929,0.07,-0.050887450368319));
#5594=CARTESIAN_POINT('',(-0.00880700945353929,0.07,-0.050887450368319));
#5595=CARTESIAN_POINT('',(-0.00766566751210512,0.07,-0.0512734314612403));
#5596=CARTESIAN_POINT('',(-0.00673184228729536,0.07,-0.0521574526740602));
#5597=CARTESIAN_POINT('',(-0.00673184228729536,0.07,-0.0521574526740602));
#5598=CARTESIAN_POINT('',(-0.00673184228729536,0.07,-0.0521574526740602));
#5599=CARTESIAN_POINT('',(-0.00579801706248558,0.07,-0.0530414738868802));
#5600=CARTESIAN_POINT('',(-0.00522527092460225,0.07,-0.054622751267558));
#5601=CARTESIAN_POINT('',(-0.00522527092460225,0.07,-0.054622751267558));
#5602=CARTESIAN_POINT('',(-0.00522527092460225,0.07,-0.054622751267558));
#5603=CARTESIAN_POINT('',(-0.00465252478671892,0.07,-0.0562040286482359));
#5604=CARTESIAN_POINT('',(-0.00465252478671892,0.07,-0.0585365165430941));
#5605=CARTESIAN_POINT('',(-0.00465252478671892,0.07,-0.0585365165430941));
#5606=CARTESIAN_POINT('',(-0.00465252478671892,0.07,-0.0585365165430941));
#5607=CARTESIAN_POINT('',(-0.00465252478671892,0.07,-0.0594744921022364));
#5608=CARTESIAN_POINT('',(-0.00491399584966565,0.07,-0.0606946903959878));
#5609=CARTESIAN_POINT('',(-0.00491399584966565,0.07,-0.0606946903959878));
#5610=CARTESIAN_POINT('',(-0.00491399584966565,0.07,-0.0606946903959878));
#5611=CARTESIAN_POINT('',(-0.00517546691261239,0.07,-0.0619148886897393));
#5612=CARTESIAN_POINT('',(-0.00597648143878256,0.07,-0.063027178290846));
#5613=CARTESIAN_POINT('',(-0.00597648143878256,0.07,-0.063027178290846));
#5614=CARTESIAN_POINT('',(-0.00597648143878256,0.07,-0.063027178290846));
#5615=CARTESIAN_POINT('',(-0.00677749596495272,0.07,-0.0641394678919528));
#5616=CARTESIAN_POINT('',(-0.00823011298132348,0.07,-0.0648948287404656));
#5617=CARTESIAN_POINT('',(-0.00823011298132348,0.07,-0.0648948287404656));
#5618=CARTESIAN_POINT('',(-0.00823011298132348,0.07,-0.0648948287404656));
#5619=CARTESIAN_POINT('',(-0.00968272999769425,0.07,-0.0656501895889784));
#5620=CARTESIAN_POINT('',(-0.0120733225732073,0.07,-0.0656501895889784));
#5621=CARTESIAN_POINT('',(-0.0120733225732073,0.07,-0.0656501895889784));
#5622=CARTESIAN_POINT('',(-0.0133433248789486,0.07,-0.0656501895889784));
#5623=CARTESIAN_POINT('',(-0.0146133271846899,0.07,-0.0656501895889784));
#5624=CARTESIAN_POINT('',(-0.0146133271846899,0.07,-0.0680075794898315));
#5625=CARTESIAN_POINT('',(-0.0146133271846899,0.07,-0.0703649693906846));
#5626=CARTESIAN_POINT('',(-0.0132893705326262,0.07,-0.0703649693906846));
#5627=CARTESIAN_POINT('',(-0.0119654138805626,0.07,-0.0703649693906846));
#5628=CARTESIAN_POINT('',(-0.0119654138805626,0.07,-0.0703649693906846));
#5629=CARTESIAN_POINT('',(-0.00953331796172469,0.07,-0.0703649693906846));
#5630=CARTESIAN_POINT('',(-0.00714687572054414,0.07,-0.0695888568705094));
#5631=CARTESIAN_POINT('',(-0.00714687572054414,0.07,-0.0695888568705094));
#5632=CARTESIAN_POINT('',(-0.00714687572054414,0.07,-0.0695888568705094));
#5633=CARTESIAN_POINT('',(-0.0047604334793636,0.07,-0.0688127443503342));
#5634=CARTESIAN_POINT('',(-0.00286373068941663,0.07,-0.0672563689756512));
#5635=CARTESIAN_POINT('',(-0.00286373068941663,0.07,-0.0672563689756512));
#5636=CARTESIAN_POINT('',(-0.00286373068941663,0.07,-0.0672563689756512));
#5637=CARTESIAN_POINT('',(-0.000967027899469661,0.07,-0.0656999936009682));
#5638=CARTESIAN_POINT('',(0.00019921604795943,0.07,-0.0634961660704172));
#5639=CARTESIAN_POINT('',(0.00019921604795943,0.07,-0.0634961660704172));
#5640=CARTESIAN_POINT('',(0.00019921604795943,0.07,-0.0634961660704172));
#5641=CARTESIAN_POINT('',(0.00136545999538853,0.07,-0.0612923385398661));
#5642=CARTESIAN_POINT('',(0.00136545999538853,0.07,-0.0585365165430941));
#5643=CARTESIAN_POINT('',(0.00136545999538853,0.07,-0.0585365165430941));
#5644=CARTESIAN_POINT('',(0.00136545999538853,0.07,-0.0585365165430941));
#5645=CARTESIAN_POINT('',(0.00136545999538853,0.07,-0.0543861822106062));
#5646=CARTESIAN_POINT('',(-0.000556144800553368,0.07,-0.0514809481778647));
#5647=CARTESIAN_POINT('',(-0.000556144800553368,0.07,-0.0514809481778647));
#5648=CARTESIAN_POINT('',(-0.000556144800553368,0.07,-0.0514809481778647));
#5649=CARTESIAN_POINT('',(-0.00247774959649526,0.07,-0.0485757141451232));
#5650=CARTESIAN_POINT('',(-0.00573991238183075,0.07,-0.0471812018094073));
#5651=CARTESIAN_POINT('',(-0.00573991238183075,0.07,-0.0471812018094073));
#5652=CARTESIAN_POINT('',(-0.00138206133271845,0.07,-0.0396566456646067));
#5653=CARTESIAN_POINT('',(-0.0198510491122896,0.07,-0.0703649693906846));
#5654=CARTESIAN_POINT('',(-0.0229637998616555,0.07,-0.0703649693906846));
#5655=CARTESIAN_POINT('',(-0.0167382983629237,0.07,-0.0703649693906846));
#5656=CARTESIAN_POINT('',(-0.0167382983629237,0.07,-0.0512485294552454));
#5657=CARTESIAN_POINT('',(-0.0167382983629237,0.07,-0.0321320895198062));
#5658=CARTESIAN_POINT('',(-0.0198510491122896,0.07,-0.0321320895198062));
#5659=CARTESIAN_POINT('',(-0.0229637998616555,0.07,-0.0321320895198062));
#5660=CARTESIAN_POINT('',(-0.0229637998616555,0.07,-0.0512485294552454));
#5661=CARTESIAN_POINT('',(-0.0345598339866267,0.07,-0.0321320895198062));
#5662=CARTESIAN_POINT('',(-0.0312644685266313,0.07,-0.0321320895198062));
#5663=CARTESIAN_POINT('',(-0.0378551994466221,0.07,-0.0321320895198062));
#5664=CARTESIAN_POINT('',(-0.041461839981554,0.07,-0.0390589975207284));
#5665=CARTESIAN_POINT('',(-0.0450685501952424,0.07,-0.0459860393465581));
#5666=CARTESIAN_POINT('',(-0.0450546144670561,0.07,-0.0435429387706677));
#5667=CARTESIAN_POINT('',(-0.0454046575974176,0.07,-0.0459610035156558));
#5668=CARTESIAN_POINT('',(-0.0454046575974176,0.07,-0.0459610035156558));
#5669=CARTESIAN_POINT('',(-0.0455831219737145,0.07,-0.0459361015096609));
#5670=CARTESIAN_POINT('',(-0.0459483513949735,0.07,-0.0459361015096609));
#5671=CARTESIAN_POINT('',(-0.0459483513949735,0.07,-0.0459361015096609));
#5672=CARTESIAN_POINT('',(-0.0478253400968411,0.07,-0.0459361015096609));
#5673=CARTESIAN_POINT('',(-0.048853585427715,0.07,-0.0459361015096609));
#5674=CARTESIAN_POINT('',(-0.048853585427715,0.07,-0.0482187853925292));
#5675=CARTESIAN_POINT('',(-0.048853585427715,0.07,-0.0505014692753976));
#5676=CARTESIAN_POINT('',(-0.0470896933364076,0.07,-0.0505014692753976));
#5677=CARTESIAN_POINT('',(-0.0453258012451003,0.07,-0.0505014692753976));
#5678=CARTESIAN_POINT('',(-0.0453258012451003,0.07,-0.0505014692753976));
#5679=CARTESIAN_POINT('',(-0.0441886096379986,0.07,-0.0505014692753976));
#5680=CARTESIAN_POINT('',(-0.0430472676965645,0.07,-0.050887450368319));
#5681=CARTESIAN_POINT('',(-0.0430472676965645,0.07,-0.050887450368319));
#5682=CARTESIAN_POINT('',(-0.0430472676965645,0.07,-0.050887450368319));
#5683=CARTESIAN_POINT('',(-0.0419059257551302,0.07,-0.0512734314612403));
#5684=CARTESIAN_POINT('',(-0.0409721005303205,0.07,-0.0521574526740602));
#5685=CARTESIAN_POINT('',(-0.0409721005303205,0.07,-0.0521574526740602));
#5686=CARTESIAN_POINT('',(-0.0409721005303205,0.07,-0.0521574526740602));
#5687=CARTESIAN_POINT('',(-0.0400382753055107,0.07,-0.0530414738868802));
#5688=CARTESIAN_POINT('',(-0.0394655291676274,0.07,-0.054622751267558));
#5689=CARTESIAN_POINT('',(-0.0394655291676274,0.07,-0.054622751267558));
#5690=CARTESIAN_POINT('',(-0.0394655291676274,0.07,-0.054622751267558));
#5691=CARTESIAN_POINT('',(-0.038892783029744,0.07,-0.0562040286482359));
#5692=CARTESIAN_POINT('',(-0.038892783029744,0.07,-0.0585365165430941));
#5693=CARTESIAN_POINT('',(-0.038892783029744,0.07,-0.0585365165430941));
#5694=CARTESIAN_POINT('',(-0.038892783029744,0.07,-0.0585365165430941));
#5695=CARTESIAN_POINT('',(-0.038892783029744,0.07,-0.0594744921022364));
#5696=CARTESIAN_POINT('',(-0.0391542540926908,0.07,-0.0606946903959878));
#5697=CARTESIAN_POINT('',(-0.0391542540926908,0.07,-0.0606946903959878));
#5698=CARTESIAN_POINT('',(-0.0391542540926908,0.07,-0.0606946903959878));
#5699=CARTESIAN_POINT('',(-0.0394157251556375,0.07,-0.0619148886897393));
#5700=CARTESIAN_POINT('',(-0.0402167396818077,0.07,-0.063027178290846));
#5701=CARTESIAN_POINT('',(-0.0402167396818077,0.07,-0.063027178290846));
#5702=CARTESIAN_POINT('',(-0.0402167396818077,0.07,-0.063027178290846));
#5703=CARTESIAN_POINT('',(-0.0410177542079778,0.07,-0.0641394678919528));
#5704=CARTESIAN_POINT('',(-0.0424703712243486,0.07,-0.0648948287404656));
#5705=CARTESIAN_POINT('',(-0.0424703712243486,0.07,-0.0648948287404656));
#5706=CARTESIAN_POINT('',(-0.0424703712243486,0.07,-0.0648948287404656));
#5707=CARTESIAN_POINT('',(-0.0439229882407194,0.07,-0.0656501895889784));
#5708=CARTESIAN_POINT('',(-0.0463135808162324,0.07,-0.0656501895889784));
#5709=CARTESIAN_POINT('',(-0.0463135808162324,0.07,-0.0656501895889784));
#5710=CARTESIAN_POINT('',(-0.0475835831219737,0.07,-0.0656501895889784));
#5711=CARTESIAN_POINT('',(-0.048853585427715,0.07,-0.0656501895889784));
#5712=CARTESIAN_POINT('',(-0.048853585427715,0.07,-0.0680075794898315));
#5713=CARTESIAN_POINT('',(-0.048853585427715,0.07,-0.0703649693906846));
#5714=CARTESIAN_POINT('',(-0.0475296287756514,0.07,-0.0703649693906846));
#5715=CARTESIAN_POINT('',(-0.0462056721235877,0.07,-0.0703649693906846));
#5716=CARTESIAN_POINT('',(-0.0462056721235877,0.07,-0.0703649693906846));
#5717=CARTESIAN_POINT('',(-0.0437735762047498,0.07,-0.0703649693906846));
#5718=CARTESIAN_POINT('',(-0.0413871339635693,0.07,-0.0695888568705094));
#5719=CARTESIAN_POINT('',(-0.0413871339635693,0.07,-0.0695888568705094));
#5720=CARTESIAN_POINT('',(-0.0413871339635693,0.07,-0.0695888568705094));
#5721=CARTESIAN_POINT('',(-0.0390006917223888,0.07,-0.0688127443503342));
#5722=CARTESIAN_POINT('',(-0.0371039889324418,0.07,-0.0672563689756512));
#5723=CARTESIAN_POINT('',(-0.0371039889324418,0.07,-0.0672563689756512));
#5724=CARTESIAN_POINT('',(-0.0371039889324418,0.07,-0.0672563689756512));
#5725=CARTESIAN_POINT('',(-0.0352072861424948,0.07,-0.0656999936009682));
#5726=CARTESIAN_POINT('',(-0.0340410421950657,0.07,-0.0634961660704172));
#5727=CARTESIAN_POINT('',(-0.0340410421950657,0.07,-0.0634961660704172));
#5728=CARTESIAN_POINT('',(-0.0340410421950657,0.07,-0.0634961660704172));
#5729=CARTESIAN_POINT('',(-0.0328747982476366,0.07,-0.0612923385398661));
#5730=CARTESIAN_POINT('',(-0.0328747982476366,0.07,-0.0585365165430941));
#5731=CARTESIAN_POINT('',(-0.0328747982476366,0.07,-0.0585365165430941));
#5732=CARTESIAN_POINT('',(-0.0328747982476366,0.07,-0.0585365165430941));
#5733=CARTESIAN_POINT('',(-0.0328747982476366,0.07,-0.0543861822106062));
#5734=CARTESIAN_POINT('',(-0.0347964030435785,0.07,-0.0514809481778647));
#5735=CARTESIAN_POINT('',(-0.0347964030435785,0.07,-0.0514809481778647));
#5736=CARTESIAN_POINT('',(-0.0347964030435785,0.07,-0.0514809481778647));
#5737=CARTESIAN_POINT('',(-0.0367180078395204,0.07,-0.0485757141451232));
#5738=CARTESIAN_POINT('',(-0.0399801706248559,0.07,-0.0471812018094073));
#5739=CARTESIAN_POINT('',(-0.0399801706248559,0.07,-0.0471812018094073));
#5740=CARTESIAN_POINT('',(-0.0356223195757436,0.07,-0.0396566456646067));
#5741=CARTESIAN_POINT('',(-0.0540913073553147,0.07,-0.0703649693906846));
#5742=CARTESIAN_POINT('',(-0.0572040581046806,0.07,-0.0703649693906846));
#5743=CARTESIAN_POINT('',(-0.0509785566059488,0.07,-0.0703649693906846));
#5744=CARTESIAN_POINT('',(-0.0509785566059488,0.07,-0.0512485294552454));
#5745=CARTESIAN_POINT('',(-0.0509785566059488,0.07,-0.0321320895198062));
#5746=CARTESIAN_POINT('',(-0.0540913073553147,0.07,-0.0321320895198062));
#5747=CARTESIAN_POINT('',(-0.0572040581046806,0.07,-0.0321320895198062));
#5748=CARTESIAN_POINT('',(-0.0572040581046806,0.07,-0.0512485294552454));
#5749=CARTESIAN_POINT('',(-0.125812834524779,0.07,0.0601040815466914));
#5750=CARTESIAN_POINT('',(-0.0736559833986627,0.07,-0.0540292534580123));
#5751=CARTESIAN_POINT('',(-0.0701574308988418,0.07,-0.0523646044294116));
#5752=CARTESIAN_POINT('',(-0.0767537528905625,0.07,-0.0389124013510676));
#5753=CARTESIAN_POINT('',(-0.0669158404427023,0.07,-0.0502109458721234));
#5754=CARTESIAN_POINT('',(-0.0669158404427023,0.07,-0.0502109458721234));
#5755=CARTESIAN_POINT('',(-0.0654632234263316,0.07,-0.0489409435663821));
#5756=CARTESIAN_POINT('',(-0.0645293982015218,0.07,-0.0471272474630849));
#5757=CARTESIAN_POINT('',(-0.0645293982015218,0.07,-0.0471272474630849));
#5758=CARTESIAN_POINT('',(-0.0645293982015218,0.07,-0.0471272474630849));
#5759=CARTESIAN_POINT('',(-0.063595572976712,0.07,-0.0453135513597877));
#5760=CARTESIAN_POINT('',(-0.063595572976712,0.07,-0.0426158340436706));
#5761=CARTESIAN_POINT('',(-0.063595572976712,0.07,-0.0426158340436706));
#5762=CARTESIAN_POINT('',(-0.0733855874278607,0.07,-0.042615361730849));
#5763=CARTESIAN_POINT('',(-0.0642931475240461,0.07,-0.038984418785804));
#5764=CARTESIAN_POINT('',(-0.0741712965201451,0.07,-0.0428831261548991));
#5765=CARTESIAN_POINT('',(-0.0662642379525017,0.07,-0.0357926844010604));
#5766=CARTESIAN_POINT('',(-0.0662642379525017,0.07,-0.0357926844010604));
#5767=CARTESIAN_POINT('',(-0.0675383905925755,0.07,-0.0343649693906846));
#5768=CARTESIAN_POINT('',(-0.0694060410421951,0.07,-0.0333771898195525));
#5769=CARTESIAN_POINT('',(-0.0694060410421951,0.07,-0.0333771898195525));
#5770=CARTESIAN_POINT('',(-0.0694060410421951,0.07,-0.0333771898195525));
#5771=CARTESIAN_POINT('',(-0.0712736914918146,0.07,-0.0323894102484204));
#5772=CARTESIAN_POINT('',(-0.0736559833986627,0.07,-0.0320822855078163));
#5773=CARTESIAN_POINT('',(-0.0736559833986627,0.07,-0.0320822855078163));
#5774=CARTESIAN_POINT('',(-0.0736559833986627,0.07,-0.0345724861073091));
#5775=CARTESIAN_POINT('',(-0.0736559833986627,0.07,-0.0370626867068017));
#5776=CARTESIAN_POINT('',(-0.0736559833986627,0.07,-0.0370626867068017));
#5777=CARTESIAN_POINT('',(-0.0694060410421951,0.07,-0.0381002702899238));
#5778=CARTESIAN_POINT('',(-0.0694060410421951,0.07,-0.0427154420676503));
#5779=CARTESIAN_POINT('',(-0.0694060410421951,0.07,-0.0427154420676503));
#5780=CARTESIAN_POINT('',(-0.0694060410421951,0.07,-0.0427154420676503));
#5781=CARTESIAN_POINT('',(-0.0694060410421951,0.07,-0.04453328850528));
#5782=CARTESIAN_POINT('',(-0.0705971869956191,0.07,-0.045724434458704));
#5783=CARTESIAN_POINT('',(-0.0705971869956191,0.07,-0.045724434458704));
#5784=CARTESIAN_POINT('',(-0.0705971869956191,0.07,-0.045724434458704));
#5785=CARTESIAN_POINT('',(-0.0717883329490431,0.07,-0.046915580412128));
#5786=CARTESIAN_POINT('',(-0.0736559833986627,0.07,-0.04795316399525));
#5787=CARTESIAN_POINT('',(-0.0736559833986627,0.07,-0.04795316399525));
#5788=CARTESIAN_POINT('',(-0.0736559833986627,0.07,-0.0509912087266311));
#5789=CARTESIAN_POINT('',(-0.0847041733917454,0.07,-0.0391378538730457));
#5790=CARTESIAN_POINT('',(-0.0839820152178925,0.07,-0.0387228204397969));
#5791=CARTESIAN_POINT('',(-0.0828655752824533,0.07,-0.0383326890125431));
#5792=CARTESIAN_POINT('',(-0.0847041733917454,0.07,-0.0391378538730457));
#5793=CARTESIAN_POINT('',(-0.0828655752824533,0.07,-0.0383326890125431));
#5794=CARTESIAN_POINT('',(-0.0698288945160329,0.07,-0.0757387134833138));
#5795=CARTESIAN_POINT('',(-0.0805579701077748,0.07,-0.0376064488014386));
#5796=CARTESIAN_POINT('',(-0.0741010196009601,0.07,-0.0604294121741127));
#5797=CARTESIAN_POINT('',(-0.0781715471524095,0.07,-0.0370626867068017));
#5798=CARTESIAN_POINT('',(-0.0781715471524095,0.07,-0.0370626867068017));
#5799=CARTESIAN_POINT('',(-0.076976250864653,0.07,-0.0368551699901773));
#5800=CARTESIAN_POINT('',(-0.075938667281531,0.07,-0.0368551699901773));
#5801=CARTESIAN_POINT('',(-0.075938667281531,0.07,-0.0368551699901773));
#5802=CARTESIAN_POINT('',(-0.0758598109292137,0.07,-0.0368551699901773));
#5803=CARTESIAN_POINT('',(-0.0757809545768965,0.07,-0.0368551699901773));
#5804=CARTESIAN_POINT('',(-0.0757809545768965,0.07,-0.0343898713966796));
#5805=CARTESIAN_POINT('',(-0.0757809545768965,0.07,-0.0319245728031817));
#5806=CARTESIAN_POINT('',(-0.0758349089232188,0.07,-0.0319245728031817));
#5807=CARTESIAN_POINT('',(-0.0758888636040711,0.07,-0.0319243972596068));
#5808=CARTESIAN_POINT('',(-0.0758382092886252,0.07,-0.0585050880518626));
#5809=CARTESIAN_POINT('',(-0.0784579174596638,0.07,-0.032053260236347));
#5810=CARTESIAN_POINT('',(-0.0764106622466759,0.07,-0.0528022608852405));
#5811=CARTESIAN_POINT('',(-0.0811306857626157,0.07,-0.0324933861926687));
#5812=CARTESIAN_POINT('',(-0.0780682280993441,0.07,-0.0459081976810667));
#5813=CARTESIAN_POINT('',(-0.0836956421489509,0.07,-0.0333522878135576));
#5814=CARTESIAN_POINT('',(-0.0836956421489509,0.07,-0.0333522878135576));
#5815=CARTESIAN_POINT('',(-0.0849116901083698,0.07,-0.033900131945446));
#5816=CARTESIAN_POINT('',(-0.0857998616555222,0.07,-0.0346720941312888));
#5817=CARTESIAN_POINT('',(-0.0857998616555222,0.07,-0.0346720941312888));
#5818=CARTESIAN_POINT('',(-0.0852520175236338,0.07,-0.0369049740021673));
#5819=CARTESIAN_POINT('',(-0.085534240258243,0.07,-0.060304558968734));
#5820=CARTESIAN_POINT('',(-0.085534240258243,0.07,-0.0625872428516023));
#5821=CARTESIAN_POINT('',(-0.0847581277380678,0.07,-0.0644009389548995));
#5822=CARTESIAN_POINT('',(-0.085534240258243,0.07,-0.060304558968734));
#5823=CARTESIAN_POINT('',(-0.0847581277380678,0.07,-0.0644009389548995));
#5824=CARTESIAN_POINT('',(-0.0847581277380678,0.07,-0.0644009389548995));
#5825=CARTESIAN_POINT('',(-0.0839820152178925,0.07,-0.0662146350581967));
#5826=CARTESIAN_POINT('',(-0.0826580585658289,0.07,-0.0675925460565827));
#5827=CARTESIAN_POINT('',(-0.0826580585658289,0.07,-0.0675925460565827));
#5828=CARTESIAN_POINT('',(-0.0826580585658289,0.07,-0.0675925460565827));
#5829=CARTESIAN_POINT('',(-0.0813341019137653,0.07,-0.0689704570549687));
#5830=CARTESIAN_POINT('',(-0.079545307816463,0.07,-0.0697714715811389));
#5831=CARTESIAN_POINT('',(-0.079545307816463,0.07,-0.0697714715811389));
#5832=CARTESIAN_POINT('',(-0.0739998390884204,0.07,-0.0573658732113043));
#5833=CARTESIAN_POINT('',(-0.0757809545768965,0.07,-0.0708375726246825));
#5834=CARTESIAN_POINT('',(-0.0757809545768965,0.07,-0.0681113378481437));
#5835=CARTESIAN_POINT('',(-0.0757809545768965,0.07,-0.0653845681916992));
#5836=CARTESIAN_POINT('',(-0.0757809545768965,0.07,-0.0653845681916992));
#5837=CARTESIAN_POINT('',(-0.0774410883098916,0.07,-0.0648201227224808));
#5838=CARTESIAN_POINT('',(-0.0785326262393359,0.07,-0.063392407712105));
#5839=CARTESIAN_POINT('',(-0.0785326262393359,0.07,-0.063392407712105));
#5840=CARTESIAN_POINT('',(-0.0785326262393359,0.07,-0.063392407712105));
#5841=CARTESIAN_POINT('',(-0.0796241641687803,0.07,-0.0619646927017291));
#5842=CARTESIAN_POINT('',(-0.0796241641687803,0.07,-0.0605120756853584));
#5843=CARTESIAN_POINT('',(-0.0796241641687803,0.07,-0.0605120756853584));
#5844=CARTESIAN_POINT('',(-0.0796241641687803,0.07,-0.0605120756853584));
#5845=CARTESIAN_POINT('',(-0.0796241641687803,0.07,-0.0584867125311043));
#5846=CARTESIAN_POINT('',(-0.0785326262393359,0.07,-0.0572416122313579));
#5847=CARTESIAN_POINT('',(-0.0785326262393359,0.07,-0.0572416122313579));
#5848=CARTESIAN_POINT('',(-0.0785326262393359,0.07,-0.0572416122313579));
#5849=CARTESIAN_POINT('',(-0.0774410883098916,0.07,-0.0559965119316115));
#5850=CARTESIAN_POINT('',(-0.0757809545768965,0.07,-0.0550668370411343));
#5851=CARTESIAN_POINT('',(-0.0757809545768965,0.07,-0.0550668370411343));
#5852=CARTESIAN_POINT('',(-0.0757809545768965,0.07,-0.0521076486620704));
#5853=CARTESIAN_POINT('',(-0.0757809545768965,0.07,-0.0491484602830065));
#5854=CARTESIAN_POINT('',(-0.0481649866899385,0.07,-0.106243569391822));
#5855=CARTESIAN_POINT('',(-0.0792089966004166,0.07,-0.0509374951324556));
#5856=CARTESIAN_POINT('',(-0.0712804747678843,0.07,-0.06514997880781));
#5857=CARTESIAN_POINT('',(-0.0823220260875831,0.07,-0.0531948798334861));
#5858=CARTESIAN_POINT('',(-0.0747006848695558,0.07,-0.0614265887201859));
#5859=CARTESIAN_POINT('',(-0.0846294673737607,0.07,-0.0562040286482359));
#5860=CARTESIAN_POINT('',(-0.0846294673737607,0.07,-0.0562040286482359));
#5861=CARTESIAN_POINT('',(-0.085534240258243,0.07,-0.057913966393221));
#5862=CARTESIAN_POINT('',(-0.085534240258243,0.07,-0.060304558968734));
#5863=CARTESIAN_POINT('',(-0.0676379986165552,0.07,-0.0644548933012219));
#5864=CARTESIAN_POINT('',(-0.0678953193451695,0.07,-0.0645545013252016));
#5865=CARTESIAN_POINT('',(-0.0682605487664284,0.07,-0.0648159723881483));
#5866=CARTESIAN_POINT('',(-0.0676379986165552,0.07,-0.0644548933012219));
#5867=CARTESIAN_POINT('',(-0.0682605487664284,0.07,-0.0648159723881483));
#5868=CARTESIAN_POINT('',(-0.0682605487664284,0.07,-0.0648159723881483));
#5869=CARTESIAN_POINT('',(-0.0686257781876873,0.07,-0.0650774434510951));
#5870=CARTESIAN_POINT('',(-0.0692981323495504,0.07,-0.0653098621737144));
#5871=CARTESIAN_POINT('',(-0.0692981323495504,0.07,-0.0653098621737144));
#5872=CARTESIAN_POINT('',(-0.0692981323495504,0.07,-0.0653098621737144));
#5873=CARTESIAN_POINT('',(-0.0699704865114134,0.07,-0.0655422808963337));
#5874=CARTESIAN_POINT('',(-0.0710080700945354,0.07,-0.0656999936009682));
#5875=CARTESIAN_POINT('',(-0.0710080700945354,0.07,-0.0656999936009682));
#5876=CARTESIAN_POINT('',(-0.0710080700945354,0.07,-0.0656999936009682));
#5877=CARTESIAN_POINT('',(-0.0720456536776574,0.07,-0.0658577063056028));
#5878=CARTESIAN_POINT('',(-0.0736559833986627,0.07,-0.0657497976129581));
#5879=CARTESIAN_POINT('',(-0.0736559833986627,0.07,-0.0657497976129581));
#5880=CARTESIAN_POINT('',(-0.0736559833986627,0.07,-0.068368658576758));
#5881=CARTESIAN_POINT('',(-0.0736559833986627,0.07,-0.0709875195405578));
#5882=CARTESIAN_POINT('',(-0.0743506087320911,0.07,-0.0422312394847759));
#5883=CARTESIAN_POINT('',(-0.0690117592806087,0.07,-0.0704977800893243));
#5884=CARTESIAN_POINT('',(-0.0690117592806087,0.07,-0.0704977800893243));
#5885=CARTESIAN_POINT('',(-0.0666502190454231,0.07,-0.0700578446500805));
#5886=CARTESIAN_POINT('',(-0.0651976020290523,0.07,-0.0691198690909383));
#5887=CARTESIAN_POINT('',(-0.0651976020290523,0.07,-0.0691198690909383));
#5888=CARTESIAN_POINT('',(-0.105635732757273,0.07,-0.0882078815827861));
#5889=CARTESIAN_POINT('',(-0.0659280601652197,0.07,-0.0676423499254501));
#5890=CARTESIAN_POINT('',(-0.0663246362389717,0.07,-0.0668741013397642));
#5891=CARTESIAN_POINT('',(-0.0667041884025201,0.07,-0.0661399363790457));
#5892=CARTESIAN_POINT('',(-0.106564655792315,0.07,-0.08664452597925));
#5893=CARTESIAN_POINT('',(-0.0673267235416186,0.07,-0.0649736850927829));
#5894=CARTESIAN_POINT('',(-0.0673267235416186,0.07,-0.0649736850927829));
#5895=CARTESIAN_POINT('',(-0.0675881946045654,0.07,-0.0645046973132117));
#5896=CARTESIAN_POINT('',(-0.0676379986165552,0.07,-0.0644548933012219));
#5897=CARTESIAN_POINT('',(0.0562761333584786,0.07,-0.0819905617833138));
#5898=CARTESIAN_POINT('',(0.0577761333584786,0.07,-0.0819905617833138));
#5899=CARTESIAN_POINT('',(0.0712761333584786,0.07,-0.0819905617833138));
#5900=CARTESIAN_POINT('',(0.0727761333584786,0.07,-0.0819905617833138));
#5901=CARTESIAN_POINT('',(0.0637761333584786,0.07,-0.0994905617833139));
#5902=CARTESIAN_POINT('',(0.0742761333584786,0.07,-0.0994905617833139));
#5903=CARTESIAN_POINT('',(0.0712761333584786,0.07,-0.108990561783314));
#5904=CARTESIAN_POINT('',(0.0727761333584786,0.07,-0.108990561783314));
#5905=CARTESIAN_POINT('',(0.0562761333584786,0.07,-0.108990561783314));
#5906=CARTESIAN_POINT('',(0.0577761333584786,0.07,-0.108990561783314));
#5907=CARTESIAN_POINT('',(-0.0698437799811363,0.07,-0.106576538980007));
#5908=CARTESIAN_POINT('',(-0.0698437799811363,0.07,-0.109576538980007));
#5909=CARTESIAN_POINT('',(-0.0698437799811363,0.07,-0.103576538980007));
#5910=CARTESIAN_POINT('',(-0.0633437799811363,0.07,-0.109576538980007));
#5911=CARTESIAN_POINT('',(-0.0568437799811363,0.07,-0.109576538980007));
#5912=CARTESIAN_POINT('',(-0.0568437799811363,0.07,-0.106576538980007));
#5913=CARTESIAN_POINT('',(-0.0568437799811363,0.07,-0.103576538980007));
#5914=CARTESIAN_POINT('',(-0.0633437799811363,0.07,-0.103576538980007));
#5915=CARTESIAN_POINT('',(3.46944695195361E-18,0.07,-0.0774326540231705));
#5916=CARTESIAN_POINT('',(0.00560541544109583,0.07,-0.0774326540231705));
#5917=CARTESIAN_POINT('',(-0.00560541544109582,0.07,-0.0774326540231705));
#5918=CARTESIAN_POINT('',(-0.0118027077205479,0.07,-0.0774326540231705));
#5919=CARTESIAN_POINT('',(-0.018,0.07,-0.0774326540231705));
#5920=CARTESIAN_POINT('',(-0.018,0.07,-0.0954326540231705));
#5921=CARTESIAN_POINT('',(-0.018,0.07,-0.11343265402317));
#5922=CARTESIAN_POINT('',(3.46944695195361E-18,0.07,-0.11343265402317));
#5923=CARTESIAN_POINT('',(0.018,0.07,-0.11343265402317));
#5924=CARTESIAN_POINT('',(0.018,0.07,-0.0954326540231705));
#5925=CARTESIAN_POINT('',(0.018,0.07,-0.0774326540231705));
#5926=CARTESIAN_POINT('',(0.0118027077205479,0.07,-0.0774326540231705));
#5927=CARTESIAN_POINT('',(-1.38777878078145E-17,0.07,-0.0235794138092613));
#5928=CARTESIAN_POINT('',(0.09,0.07,-0.0235794138092614));
#5929=CARTESIAN_POINT('',(0.09,0.07,0.015));
#5930=CARTESIAN_POINT('',(0.09,0.07,-0.12));
#5931=CARTESIAN_POINT('',(0.,0.07,-0.12));
#5932=CARTESIAN_POINT('',(-0.09,0.07,0.00142058619073867));
#5933=CARTESIAN_POINT('',(0.1,0.04,0.00142058619073867));
#5934=CARTESIAN_POINT('',(0.1,0.04,0.00142058619073867));
#5935=CARTESIAN_POINT('',(0.0908333333333333,0.0675,0.00142058619073867));
#5936=CARTESIAN_POINT('',(0.,0.0675,0.00142058619073867));
#5937=CARTESIAN_POINT('',(-0.1,0.07,0.00142058619073867));
#5938=CARTESIAN_POINT('',(-0.1,0.035,0.00142058619073867));
#5939=CARTESIAN_POINT('',(-1.38777878078145E-17,0.035,0.00142058619073867));
#5940=CARTESIAN_POINT('',(-0.0925,0.035,0.00142058619073867));
#5941=CARTESIAN_POINT('',(-0.0925,0.0375,0.00142058619073867));
#5942=CARTESIAN_POINT('',(-0.0925,0.04,0.00142058619073867));
#5943=CARTESIAN_POINT('',(-0.0883333333333333,0.0525,0.00142058619073867));
#5944=CARTESIAN_POINT('',(-0.0841666666666666,0.065,0.00142058619073867));
#5945=CARTESIAN_POINT('',(0.,0.065,0.00142058619073867));
#5946=CARTESIAN_POINT('',(0.0925,0.0375,0.00142058619073867));
#5947=CARTESIAN_POINT('',(0.0925,0.035,0.00142058619073867));
#5948=CARTESIAN_POINT('',(-1.38777878078145E-17,0.035,0.00142058619073867));
#5949=CARTESIAN_POINT('',(0.1,0.035,0.00142058619073867));
#5950=CARTESIAN_POINT('',(0.1,0.07,0.00142058619073867));
#5951=CARTESIAN_POINT('',(0.,0.065,-0.118579413809261));
#5952=CARTESIAN_POINT('',(0.051305125951767,0.065,-0.118579413809261));
#5953=CARTESIAN_POINT('',(0.051305125951767,0.065,-0.113548469543457));
#5954=CARTESIAN_POINT('',(0.051305125951767,0.065,-0.0774326540231705));
#5955=CARTESIAN_POINT('',(0.,0.065,-0.0774326540231705));
#5956=CARTESIAN_POINT('',(0.0762471407651901,0.065,-0.0774326540231705));
#5957=CARTESIAN_POINT('',(0.0762471407651901,0.065,-0.118579413809261));
#5958=CARTESIAN_POINT('',(0.0762471407651901,0.065,-0.113548469543457));
#5959=CARTESIAN_POINT('',(0.,0.065,-0.113548469543457));
#5960=CARTESIAN_POINT('',(-0.0841666666666666,0.065,-0.118579413809261));
#5961=CARTESIAN_POINT('',(-0.0841666666666666,0.065,-0.0154126281010489));
#5962=CARTESIAN_POINT('',(-0.083,0.065,-0.0165794138092614));
#5963=CARTESIAN_POINT('',(-0.0841666666666666,0.065,-0.0177461995174739));
#5964=CARTESIAN_POINT('',(-0.0841666666666666,0.065,-0.118579413809261));
#5965=CARTESIAN_POINT('',(-0.0841666666666666,0.065,-0.118579413809261));
#5966=CARTESIAN_POINT('',(0.,0.065,-0.118579413809261));
#5967=CARTESIAN_POINT('',(0.083,0.065,-0.0165794138092614));
#5968=CARTESIAN_POINT('',(-0.014,0.065,-0.118579413809261));
#5969=CARTESIAN_POINT('',(-0.014,0.065,-0.0814326540231705));
#5970=CARTESIAN_POINT('',(-0.014,0.065,-0.0864000394940376));
#5971=CARTESIAN_POINT('',(0.,0.065,-0.0814326540231705));
#5972=CARTESIAN_POINT('',(-0.00560541544109582,0.065,-0.0814326540231705));
#5973=CARTESIAN_POINT('',(-0.00560541544109582,0.065,-0.118579413809261));
#5974=CARTESIAN_POINT('',(-0.00560541544109582,0.065,-0.0774326540231705));
#5975=CARTESIAN_POINT('',(0.,0.065,-0.0774326540231705));
#5976=CARTESIAN_POINT('',(0.00560541544109583,0.065,-0.0774326540231705));
#5977=CARTESIAN_POINT('',(0.00560541544109583,0.065,-0.118579413809261));
#5978=CARTESIAN_POINT('',(0.00560541544109583,0.065,-0.0814326540231705));
#5979=CARTESIAN_POINT('',(0.,0.065,-0.0814326540231705));
#5980=CARTESIAN_POINT('',(0.014,0.065,-0.0814326540231705));
#5981=CARTESIAN_POINT('',(0.014,0.065,-0.118579413809261));
#5982=CARTESIAN_POINT('',(0.014,0.065,-0.0864000394940376));
#5983=CARTESIAN_POINT('',(0.,0.065,-0.0864000394940376));
#5984=CARTESIAN_POINT('',(-0.0748340484797955,0.065,-0.118579413809261));
#5985=CARTESIAN_POINT('',(-0.0748340484797955,0.065,-0.11343265402317));
#5986=CARTESIAN_POINT('',(-0.0748340484797955,0.065,-0.0997204239368439));
#5987=CARTESIAN_POINT('',(0.,0.065,-0.0997204239368439));
#5988=CARTESIAN_POINT('',(-0.0518535114824772,0.065,-0.0997204239368439));
#5989=CARTESIAN_POINT('',(-0.0518535114824772,0.065,-0.118579413809261));
#5990=CARTESIAN_POINT('',(-0.0518535114824772,0.065,-0.11343265402317));
#5991=CARTESIAN_POINT('',(0.,0.065,-0.11343265402317));
#5992=CARTESIAN_POINT('',(-1.38777878078145E-17,0.07,0.));
#5993=CARTESIAN_POINT('',(0.014,0.07,-0.0979163467586041));
#5994=CARTESIAN_POINT('',(0.014,0.07,-0.10943265402317));
#5995=CARTESIAN_POINT('',(0.014,0.07,-0.0864000394940376));
#5996=CARTESIAN_POINT('',(1.7347234759768E-18,0.07,-0.10943265402317));
#5997=CARTESIAN_POINT('',(-0.014,0.07,-0.10943265402317));
#5998=CARTESIAN_POINT('',(-0.014,0.07,-0.0839163467586041));
#5999=CARTESIAN_POINT('',(-0.014,0.07,-0.0864000394940376));
#6000=CARTESIAN_POINT('',(5.20417042793042E-18,0.07,-0.0864000394940376));
#6001=CARTESIAN_POINT('',(0.,0.07,-0.15));
#6002=CARTESIAN_POINT('',(0.,0.04,-0.15));
#6003=CARTESIAN_POINT('',(0.096,0.04,-0.15));
#6004=CARTESIAN_POINT('',(0.0929788363710336,0.04,-0.15));
#6005=CARTESIAN_POINT('',(0.096,0.07,-0.15));
#6006=CARTESIAN_POINT('',(0.096,0.035,-0.15));
#6007=CARTESIAN_POINT('',(0.,0.035,-0.15));
#6008=CARTESIAN_POINT('',(-0.096,0.035,-0.15));
#6009=CARTESIAN_POINT('',(-0.096,0.07,-0.15));
#6010=CARTESIAN_POINT('',(-0.096,0.04,-0.15));
#6011=CARTESIAN_POINT('',(0.,0.04,-0.15));
#6012=CARTESIAN_POINT('',(-0.0929788363710336,0.04,-0.15));
#6013=CARTESIAN_POINT('',(0.,0.04,-0.15));
#6014=CARTESIAN_POINT('',(0.0956643028458098,0.,-0.14566430284581));
#6015=CARTESIAN_POINT('',(0.0956643028458098,0.035,-0.14566430284581));
#6016=CARTESIAN_POINT('',(0.0973143028458098,0.035,-0.14566430284581));
#6017=CARTESIAN_POINT('',(0.0956643028458098,0.04,-0.14566430284581));
#6018=CARTESIAN_POINT('',(0.0973143028458098,0.04,-0.14566430284581));
#6019=CARTESIAN_POINT('',(-0.0956643028458098,0.,-0.14566430284581));
#6020=CARTESIAN_POINT('',(-0.0956643028458098,0.035,-0.14566430284581));
#6021=CARTESIAN_POINT('',(-0.0940143028458098,0.035,-0.14566430284581));
#6022=CARTESIAN_POINT('',(-0.0956643028458098,0.04,-0.14566430284581));
#6023=CARTESIAN_POINT('',(-0.0940143028458098,0.04,-0.14566430284581));
#6024=CARTESIAN_POINT('',(-0.0956643028458098,0.04,-0.14566430284581));
#6025=CARTESIAN_POINT('',(-0.0956643028458098,0.0443356971541902,-0.14566430284581));
#6026=CARTESIAN_POINT('',(-0.0956643028458098,0.04,-0.14566430284581));
#6027=CARTESIAN_POINT('',(-0.096,0.07,-0.146));
#6028=CARTESIAN_POINT('',(-0.096,0.04,-0.146));
#6029=CARTESIAN_POINT('',(-0.1,0.04,-0.146));
#6030=CARTESIAN_POINT('',(-0.096,0.035,-0.146));
#6031=CARTESIAN_POINT('',(-0.1,0.035,-0.146));
#6032=CARTESIAN_POINT('',(-0.1,0.07,-0.146));
#6033=CARTESIAN_POINT('',(0.,0.04,8.70083515454312E-5));
#6034=CARTESIAN_POINT('',(-0.1,0.04,-0.058));
#6035=CARTESIAN_POINT('',(0.,0.04,8.70083515454312E-5));
#6036=CARTESIAN_POINT('',(0.0956643028458098,0.04,-0.14566430284581));
#6037=CARTESIAN_POINT('',(0.1,0.04,-0.142978836371034));
#6038=CARTESIAN_POINT('',(0.1,0.04,-0.058));
#6039=CARTESIAN_POINT('',(0.1,0.04,-0.146));
#6040=CARTESIAN_POINT('',(0.096,0.04,-0.146));
#6041=CARTESIAN_POINT('',(0.096,0.07,-0.146));
#6042=CARTESIAN_POINT('',(0.1,0.07,-0.146));
#6043=CARTESIAN_POINT('',(0.1,0.035,-0.146));
#6044=CARTESIAN_POINT('',(0.096,0.035,-0.146));
#6045=CARTESIAN_POINT('',(0.,0.07,-0.12));
#6046=CARTESIAN_POINT('',(0.0763020513129139,0.111093846061258,-0.0789061539387416));
#6047=CARTESIAN_POINT('',(0.0969059162966331,0.0492822511101008,-0.140717748889899));
#6048=CARTESIAN_POINT('',(0.0956643028458098,0.0443356971541902,-0.14566430284581));
#6049=CARTESIAN_POINT('',(0.0956643028458098,0.04,-0.14566430284581));
#6050=CARTESIAN_POINT('',(0.0956643028458098,0.0530070914625705,-0.14566430284581));
#6051=CARTESIAN_POINT('',(0.1,0.04,8.70083515454312E-5));
#6052=CARTESIAN_POINT('',(0.1,0.04,-0.0235794138092613));
#6053=CARTESIAN_POINT('',(0.0908333333333333,0.0675,-0.0235794138092613));
#6054=CARTESIAN_POINT('',(0.0908333333333333,0.0675,-0.0235794138092613));
#6055=CARTESIAN_POINT('',(0.1,0.04,-0.058));
#6056=CARTESIAN_POINT('',(0.1,0.07,-0.058));
#6057=CARTESIAN_POINT('',(0.1,0.035,-0.058));
#6058=CARTESIAN_POINT('',(-0.1,0.07,-0.058));
#6059=CARTESIAN_POINT('',(-0.1,0.035,-0.058));
#6060=CARTESIAN_POINT('',(-1.38777878078145E-17,0.035,0.));
#6061=CARTESIAN_POINT('',(0.0925,0.035,-0.118579413809261));
#6062=CARTESIAN_POINT('',(0.0925,0.035,-0.142499913809261));
#6063=CARTESIAN_POINT('',(-0.0925,0.035,-0.142499913809261));
#6064=CARTESIAN_POINT('',(-0.0925,0.035,-0.142499913809261));
#6065=CARTESIAN_POINT('',(-0.0925,0.035,-0.118579413809261));
#6066=CARTESIAN_POINT('',(-0.0925,0.0375,-0.118579413809261));
#6067=CARTESIAN_POINT('',(-0.0925,0.065,-0.118579413809261));
#6068=CARTESIAN_POINT('',(-0.0925,0.04,-0.138513163809261));
#6069=CARTESIAN_POINT('',(-0.0925,0.04,-0.118579413809261));
#6070=CARTESIAN_POINT('',(0.0925,0.0375,-0.118579413809261));
#6071=CARTESIAN_POINT('',(0.0925,0.065,-0.118579413809261));
#6072=CARTESIAN_POINT('',(-0.0883333333333333,0.0525,-0.118579413809261));
#6073=CARTESIAN_POINT('',(-0.083,0.0685,-0.0165794138092614));
#6074=CARTESIAN_POINT('',(-0.0855,0.061,-0.0122492867903391));
#6075=CARTESIAN_POINT('',(-0.0855,0.061,-0.0209095408281836));
#6076=CARTESIAN_POINT('',(-0.0855,0.061,-0.118579413809261));
#6077=CARTESIAN_POINT('',(-0.083,0.0685,-0.0165794138092614));
#6078=CARTESIAN_POINT('',(-0.0788132011490006,0.081060396552998,-0.105773656617728));
#6079=CARTESIAN_POINT('',(0.,0.065,-0.118579413809261));
#6080=CARTESIAN_POINT('',(-0.00980270772054791,0.045,-0.0814326540231705));
#6081=CARTESIAN_POINT('',(-0.014,0.045,-0.0814326540231705));
#6082=CARTESIAN_POINT('',(-0.014,0.077,-0.0814326540231705));
#6083=CARTESIAN_POINT('',(-0.00980270772054791,0.077,-0.0814326540231705));
#6084=CARTESIAN_POINT('',(-0.00560541544109582,0.077,-0.0814326540231705));
#6085=CARTESIAN_POINT('',(-0.00560541544109582,0.045,-0.0814326540231705));
#6086=CARTESIAN_POINT('',(-0.00560541544109582,0.045,-0.0794326540231705));
#6087=CARTESIAN_POINT('',(-0.00560541544109582,0.077,-0.0794326540231705));
#6088=CARTESIAN_POINT('',(-0.00560541544109582,0.077,-0.0774326540231705));
#6089=CARTESIAN_POINT('',(-0.00560541544109582,0.077,-0.0774326540231705));
#6090=CARTESIAN_POINT('',(-0.00560541544109582,0.045,-0.0774326540231705));
#6091=CARTESIAN_POINT('',(3.46944695195361E-18,0.045,-0.0774326540231705));
#6092=CARTESIAN_POINT('',(0.00560541544109583,0.045,-0.0774326540231705));
#6093=CARTESIAN_POINT('',(0.00560541544109583,0.045,-0.0794326540231705));
#6094=CARTESIAN_POINT('',(0.00560541544109583,0.077,-0.0774326540231705));
#6095=CARTESIAN_POINT('',(0.00560541544109583,0.077,-0.0774326540231705));
#6096=CARTESIAN_POINT('',(0.00560541544109583,0.077,-0.0794326540231705));
#6097=CARTESIAN_POINT('',(0.00560541544109583,0.077,-0.0814326540231705));
#6098=CARTESIAN_POINT('',(0.00560541544109583,0.045,-0.0814326540231705));
#6099=CARTESIAN_POINT('',(0.00980270772054792,0.045,-0.0814326540231705));
#6100=CARTESIAN_POINT('',(0.00980270772054792,0.077,-0.0814326540231705));
#6101=CARTESIAN_POINT('',(0.014,0.077,-0.0814326540231705));
#6102=CARTESIAN_POINT('',(0.014,0.045,-0.0814326540231705));
#6103=CARTESIAN_POINT('',(0.014,0.045,-0.0839163467586041));
#6104=CARTESIAN_POINT('',(0.014,0.077,-0.0979163467586041));
#6105=CARTESIAN_POINT('',(0.014,0.077,-0.10943265402317));
#6106=CARTESIAN_POINT('',(0.014,0.077,-0.10943265402317));
#6107=CARTESIAN_POINT('',(0.014,0.045,-0.0864000394940376));
#6108=CARTESIAN_POINT('',(5.20417042793042E-18,0.045,-0.0864000394940376));
#6109=CARTESIAN_POINT('',(-0.014,0.045,-0.0864000394940376));
#6110=CARTESIAN_POINT('',(-0.014,0.045,-0.0839163467586041));
#6111=CARTESIAN_POINT('',(-0.014,0.077,-0.10943265402317));
#6112=CARTESIAN_POINT('',(-0.014,0.077,-0.10943265402317));
#6113=CARTESIAN_POINT('',(-0.014,0.077,-0.0839163467586041));
#6114=CARTESIAN_POINT('',(0.0562761333584786,0.045,-0.108990561783314));
#6115=CARTESIAN_POINT('',(0.0562761333584786,0.068,-0.108990561783314));
#6116=CARTESIAN_POINT('',(0.0577761333584786,0.068,-0.108990561783314));
#6117=CARTESIAN_POINT('',(0.0712761333584786,0.045,-0.108990561783314));
#6118=CARTESIAN_POINT('',(0.0712761333584786,0.068,-0.108990561783314));
#6119=CARTESIAN_POINT('',(0.0727761333584786,0.068,-0.108990561783314));
#6120=CARTESIAN_POINT('',(0.0637761333584786,0.045,-0.0994905617833139));
#6121=CARTESIAN_POINT('',(0.0637761333584786,0.068,-0.0994905617833139));
#6122=CARTESIAN_POINT('',(0.0742761333584786,0.068,-0.0994905617833139));
#6123=CARTESIAN_POINT('',(-0.0633437799811363,0.045,-0.109576538980007));
#6124=CARTESIAN_POINT('',(-0.0633437799811363,0.068,-0.109576538980007));
#6125=CARTESIAN_POINT('',(-0.0698437799811363,0.068,-0.109576538980007));
#6126=CARTESIAN_POINT('',(-0.0568437799811363,0.068,-0.109576538980007));
#6127=CARTESIAN_POINT('',(-0.0568437799811363,0.045,-0.109576538980007));
#6128=CARTESIAN_POINT('',(-0.0698437799811363,0.045,-0.109576538980007));
#6129=CARTESIAN_POINT('',(-0.0698437799811363,0.045,-0.106576538980007));
#6130=CARTESIAN_POINT('',(-0.0698437799811363,0.045,-0.103576538980007));
#6131=CARTESIAN_POINT('',(-0.0698437799811363,0.068,-0.103576538980007));
#6132=CARTESIAN_POINT('',(-0.0698437799811363,0.068,-0.106576538980007));
#6133=CARTESIAN_POINT('',(-0.0633437799811363,0.045,-0.103576538980007));
#6134=CARTESIAN_POINT('',(-0.0568437799811363,0.045,-0.103576538980007));
#6135=CARTESIAN_POINT('',(-0.0568437799811363,0.068,-0.103576538980007));
#6136=CARTESIAN_POINT('',(-0.0633437799811363,0.068,-0.103576538980007));
#6137=CARTESIAN_POINT('',(-0.0568437799811363,0.045,-0.106576538980007));
#6138=CARTESIAN_POINT('',(-0.0568437799811363,0.068,-0.106576538980007));
#6139=CARTESIAN_POINT('',(0.0712761333584786,0.045,-0.0819905617833138));
#6140=CARTESIAN_POINT('',(0.0712761333584786,0.068,-0.0819905617833138));
#6141=CARTESIAN_POINT('',(0.0727761333584786,0.068,-0.0819905617833138));
#6142=CARTESIAN_POINT('',(0.0562761333584786,0.045,-0.0819905617833138));
#6143=CARTESIAN_POINT('',(0.0562761333584786,0.068,-0.0819905617833138));
#6144=CARTESIAN_POINT('',(0.0577761333584786,0.068,-0.0819905617833138));
#6145=CARTESIAN_POINT('',(0.0637761333584785,0.043,-0.0774326540231705));
#6146=CARTESIAN_POINT('',(0.051305125951767,0.043,-0.0774326540231705));
#6147=CARTESIAN_POINT('',(0.051305125951767,0.068,-0.0774326540231705));
#6148=CARTESIAN_POINT('',(0.0637761333584785,0.068,-0.0774326540231705));
#6149=CARTESIAN_POINT('',(0.0762471407651901,0.068,-0.0774326540231705));
#6150=CARTESIAN_POINT('',(0.0762471407651901,0.043,-0.0774326540231705));
#6151=CARTESIAN_POINT('',(0.0762471407651901,0.043,-0.0954905617833138));
#6152=CARTESIAN_POINT('',(0.0762471407651901,0.068,-0.0954905617833138));
#6153=CARTESIAN_POINT('',(0.0762471407651901,0.068,-0.113548469543457));
#6154=CARTESIAN_POINT('',(0.0762471407651901,0.043,-0.113548469543457));
#6155=CARTESIAN_POINT('',(0.0637761333584785,0.043,-0.113548469543457));
#6156=CARTESIAN_POINT('',(0.0637761333584785,0.068,-0.113548469543457));
#6157=CARTESIAN_POINT('',(0.051305125951767,0.068,-0.113548469543457));
#6158=CARTESIAN_POINT('',(0.051305125951767,0.043,-0.113548469543457));
#6159=CARTESIAN_POINT('',(0.051305125951767,0.043,-0.0954905617833138));
#6160=CARTESIAN_POINT('',(0.051305125951767,0.068,-0.0954905617833138));
#6161=CARTESIAN_POINT('',(1.38777878078145E-17,0.068,-0.0592897069046307));
#6162=CARTESIAN_POINT('',(-0.0633437799811363,0.043,-0.0997204239368439));
#6163=CARTESIAN_POINT('',(-0.0748340484797955,0.043,-0.0997204239368439));
#6164=CARTESIAN_POINT('',(-0.0748340484797955,0.068,-0.0997204239368439));
#6165=CARTESIAN_POINT('',(-0.0633437799811363,0.068,-0.0997204239368439));
#6166=CARTESIAN_POINT('',(-0.0518535114824772,0.068,-0.0997204239368439));
#6167=CARTESIAN_POINT('',(-0.0518535114824772,0.043,-0.0997204239368439));
#6168=CARTESIAN_POINT('',(-0.0518535114824772,0.043,-0.106576538980007));
#6169=CARTESIAN_POINT('',(-0.0518535114824772,0.068,-0.106576538980007));
#6170=CARTESIAN_POINT('',(-0.0518535114824772,0.068,-0.11343265402317));
#6171=CARTESIAN_POINT('',(-0.0518535114824772,0.043,-0.11343265402317));
#6172=CARTESIAN_POINT('',(-0.0633437799811363,0.043,-0.11343265402317));
#6173=CARTESIAN_POINT('',(-0.0633437799811363,0.068,-0.11343265402317));
#6174=CARTESIAN_POINT('',(-0.0748340484797955,0.068,-0.11343265402317));
#6175=CARTESIAN_POINT('',(-0.0748340484797955,0.043,-0.11343265402317));
#6176=CARTESIAN_POINT('',(-0.0748340484797955,0.043,-0.106576538980007));
#6177=CARTESIAN_POINT('',(-0.0748340484797955,0.068,-0.106576538980007));
#6178=CARTESIAN_POINT('',(1.38777878078145E-17,0.068,-0.0592897069046307));
#6179=CARTESIAN_POINT('',(1.7347234759768E-18,0.077,-0.10943265402317));
#6180=CARTESIAN_POINT('',(1.7347234759768E-18,0.077,-0.10943265402317));
#6181=CARTESIAN_POINT('',(0.0118027077205479,0.077,-0.0774326540231705));
#6182=CARTESIAN_POINT('',(0.018,0.077,-0.0774326540231705));
#6183=CARTESIAN_POINT('',(0.018,0.077,-0.0774326540231705));
#6184=CARTESIAN_POINT('',(0.0118027077205479,0.077,-0.0774326540231705));
#6185=CARTESIAN_POINT('',(0.018,0.077,-0.0954326540231705));
#6186=CARTESIAN_POINT('',(0.018,0.077,-0.11343265402317));
#6187=CARTESIAN_POINT('',(0.018,0.077,-0.11343265402317));
#6188=CARTESIAN_POINT('',(0.018,0.077,-0.0954326540231705));
#6189=CARTESIAN_POINT('',(3.46944695195361E-18,0.077,-0.11343265402317));
#6190=CARTESIAN_POINT('',(-0.018,0.077,-0.11343265402317));
#6191=CARTESIAN_POINT('',(-0.018,0.077,-0.11343265402317));
#6192=CARTESIAN_POINT('',(3.46944695195361E-18,0.077,-0.11343265402317));
#6193=CARTESIAN_POINT('',(-0.018,0.077,-0.0954326540231705));
#6194=CARTESIAN_POINT('',(-0.018,0.077,-0.0774326540231705));
#6195=CARTESIAN_POINT('',(-0.018,0.077,-0.0774326540231705));
#6196=CARTESIAN_POINT('',(-0.018,0.077,-0.0954326540231705));
#6197=CARTESIAN_POINT('',(-0.0118027077205479,0.077,-0.0774326540231705));
#6198=CARTESIAN_POINT('',(-0.0118027077205479,0.077,-0.0774326540231705));
#6199=CARTESIAN_POINT('',(1.38777878078145E-17,0.077,-0.0592897069046307));
#6200=CARTESIAN_POINT('',(-0.0676379986165552,0.073,-0.0644548933012219));
#6201=CARTESIAN_POINT('',(-0.0676379986165552,0.07,-0.0644548933012219));
#6202=CARTESIAN_POINT('',(-0.0678095457689647,0.073,-0.0645212986505417));
#6203=CARTESIAN_POINT('',(-0.0678095457689647,0.07,-0.0645212986505417));
#6204=CARTESIAN_POINT('',(-0.0680170624855891,0.073,-0.0646416583461838));
#6205=CARTESIAN_POINT('',(-0.0680170624855891,0.07,-0.0646416583461838));
#6206=CARTESIAN_POINT('',(-0.0682605487664284,0.073,-0.0648159723881483));
#6207=CARTESIAN_POINT('',(-0.0682605487664284,0.07,-0.0648159723881483));
#6208=CARTESIAN_POINT('',(-0.0676379986165552,0.073,-0.0644548933012219));
#6209=CARTESIAN_POINT('',(-0.0676379986165552,0.073,-0.0644548933012219));
#6210=CARTESIAN_POINT('',(-0.0676379986165552,0.073,-0.0644548933012219));
#6211=CARTESIAN_POINT('',(-0.0678953193451695,0.073,-0.0645545013252016));
#6212=CARTESIAN_POINT('',(-0.0682605487664284,0.073,-0.0648159723881483));
#6213=CARTESIAN_POINT('',(-0.0682605487664284,0.073,-0.0648159723881483));
#6214=CARTESIAN_POINT('',(-0.0682605487664284,0.073,-0.0648159723881483));
#6215=CARTESIAN_POINT('',(-0.0673267235416186,0.073,-0.0649736850927829));
#6216=CARTESIAN_POINT('',(-0.0673267235416186,0.07,-0.0649736850927829));
#6217=CARTESIAN_POINT('',(-0.0675010375835831,0.073,-0.0646610265730688));
#6218=CARTESIAN_POINT('',(-0.0675010375835831,0.07,-0.0646610265730688));
#6219=CARTESIAN_POINT('',(-0.0676047959418953,0.073,-0.0644880959758818));
#6220=CARTESIAN_POINT('',(-0.0676047959418953,0.07,-0.0644880959758818));
#6221=CARTESIAN_POINT('',(-0.0676379986165552,0.073,-0.0644548933012219));
#6222=CARTESIAN_POINT('',(-0.0676379986165552,0.07,-0.0644548933012219));
#6223=CARTESIAN_POINT('',(-0.0673267235416186,0.073,-0.0649736850927829));
#6224=CARTESIAN_POINT('',(-0.0673267235416186,0.073,-0.0649736850927829));
#6225=CARTESIAN_POINT('',(-0.0673267235416186,0.073,-0.0649736850927829));
#6226=CARTESIAN_POINT('',(-0.0675881946045654,0.073,-0.0645046973132117));
#6227=CARTESIAN_POINT('',(-0.0676379986165552,0.073,-0.0644548933012219));
#6228=CARTESIAN_POINT('',(-0.106564655792315,0.073,-0.08664452597925));
#6229=CARTESIAN_POINT('',(-0.0667041733917454,0.073,-0.066139929040212));
#6230=CARTESIAN_POINT('',(-0.0667041884025201,0.073,-0.0661399363790457));
#6231=CARTESIAN_POINT('',(-0.106564655792315,0.073,-0.08664452597925));
#6232=CARTESIAN_POINT('',(-0.0663246362389717,0.0730000000056225,-0.0668741013397642));
#6233=CARTESIAN_POINT('',(-0.0659280608715702,0.073,-0.0676423500685726));
#6234=CARTESIAN_POINT('',(-0.0659280601652197,0.073,-0.0676423499254501));
#6235=CARTESIAN_POINT('',(-0.0663246362389717,0.073,-0.0668741013397642));
#6236=CARTESIAN_POINT('',(-0.105635732757273,0.073,-0.0882078815827861));
#6237=CARTESIAN_POINT('',(-0.0651976020290523,0.073,-0.0691198690909383));
#6238=CARTESIAN_POINT('',(-0.0651976020290523,0.073,-0.0691198690909383));
#6239=CARTESIAN_POINT('',(-0.105635732757273,0.073,-0.0882078815827861));
#6240=CARTESIAN_POINT('',(-0.0690117592806087,0.073,-0.0704977800893243));
#6241=CARTESIAN_POINT('',(-0.0690117592806087,0.07,-0.0704977800893243));
#6242=CARTESIAN_POINT('',(-0.0674373991238183,0.073,-0.0702044897964951));
#6243=CARTESIAN_POINT('',(-0.0674373991238183,0.07,-0.0702044897964951));
#6244=CARTESIAN_POINT('',(-0.0661660133732995,0.073,-0.0697451861303664));
#6245=CARTESIAN_POINT('',(-0.0661660133732995,0.07,-0.0697451861303664));
#6246=CARTESIAN_POINT('',(-0.0651976020290523,0.073,-0.0691198690909383));
#6247=CARTESIAN_POINT('',(-0.0651976020290523,0.07,-0.0691198690909383));
#6248=CARTESIAN_POINT('',(-0.0690117592806087,0.073,-0.0704977800893243));
#6249=CARTESIAN_POINT('',(-0.0690117592806087,0.073,-0.0704977800893243));
#6250=CARTESIAN_POINT('',(-0.0690117592806087,0.073,-0.0704977800893243));
#6251=CARTESIAN_POINT('',(-0.0666502190454231,0.073,-0.0700578446500805));
#6252=CARTESIAN_POINT('',(-0.0651976020290523,0.073,-0.0691198690909383));
#6253=CARTESIAN_POINT('',(-0.0743506087320911,0.0730000000000001,-0.0422312394847759));
#6254=CARTESIAN_POINT('',(-0.0736559833986627,0.073,-0.0709883237244682));
#6255=CARTESIAN_POINT('',(-0.0736559833986627,0.073,-0.0709875195405578));
#6256=CARTESIAN_POINT('',(-0.0743506087320911,0.073,-0.0422312394847759));
#6257=CARTESIAN_POINT('',(-0.0736559833986627,0.073,-0.068368658576758));
#6258=CARTESIAN_POINT('',(-0.0736559833986627,0.073,-0.0657497976129581));
#6259=CARTESIAN_POINT('',(-0.0736559833986627,0.073,-0.0657497976129581));
#6260=CARTESIAN_POINT('',(-0.0736559833986627,0.073,-0.068368658576758));
#6261=CARTESIAN_POINT('',(-0.0710080700945354,0.073,-0.0656999936009682));
#6262=CARTESIAN_POINT('',(-0.0710080700945354,0.07,-0.0656999936009682));
#6263=CARTESIAN_POINT('',(-0.0716997924832834,0.073,-0.0658051354040579));
#6264=CARTESIAN_POINT('',(-0.0716997924832834,0.07,-0.0658051354040579));
#6265=CARTESIAN_POINT('',(-0.0725824302513258,0.073,-0.0658217367413879));
#6266=CARTESIAN_POINT('',(-0.0725824302513258,0.07,-0.0658217367413879));
#6267=CARTESIAN_POINT('',(-0.0736559833986627,0.073,-0.0657497976129581));
#6268=CARTESIAN_POINT('',(-0.0736559833986627,0.07,-0.0657497976129581));
#6269=CARTESIAN_POINT('',(-0.0710080700945354,0.073,-0.0656999936009682));
#6270=CARTESIAN_POINT('',(-0.0710080700945354,0.073,-0.0656999936009682));
#6271=CARTESIAN_POINT('',(-0.0710080700945354,0.073,-0.0656999936009682));
#6272=CARTESIAN_POINT('',(-0.0720456536776574,0.073,-0.0658577063056028));
#6273=CARTESIAN_POINT('',(-0.0736559833986627,0.073,-0.0657497976129581));
#6274=CARTESIAN_POINT('',(-0.0692981323495504,0.073,-0.0653098621737144));
#6275=CARTESIAN_POINT('',(-0.0692981323495504,0.07,-0.0653098621737144));
#6276=CARTESIAN_POINT('',(-0.0697463684574591,0.073,-0.0654648079887939));
#6277=CARTESIAN_POINT('',(-0.0697463684574591,0.07,-0.0654648079887939));
#6278=CARTESIAN_POINT('',(-0.0703163477057874,0.073,-0.0655948517978785));
#6279=CARTESIAN_POINT('',(-0.0703163477057874,0.07,-0.0655948517978785));
#6280=CARTESIAN_POINT('',(-0.0710080700945354,0.073,-0.0656999936009682));
#6281=CARTESIAN_POINT('',(-0.0710080700945354,0.07,-0.0656999936009682));
#6282=CARTESIAN_POINT('',(-0.0692981323495504,0.073,-0.0653098621737144));
#6283=CARTESIAN_POINT('',(-0.0692981323495504,0.073,-0.0653098621737144));
#6284=CARTESIAN_POINT('',(-0.0692981323495504,0.073,-0.0653098621737144));
#6285=CARTESIAN_POINT('',(-0.0699704865114134,0.073,-0.0655422808963337));
#6286=CARTESIAN_POINT('',(-0.0710080700945354,0.073,-0.0656999936009682));
#6287=CARTESIAN_POINT('',(-0.0682605487664284,0.073,-0.0648159723881483));
#6288=CARTESIAN_POINT('',(-0.0682605487664284,0.07,-0.0648159723881483));
#6289=CARTESIAN_POINT('',(-0.0685040350472677,0.073,-0.0649902864301128));
#6290=CARTESIAN_POINT('',(-0.0685040350472677,0.07,-0.0649902864301128));
#6291=CARTESIAN_POINT('',(-0.0688498962416417,0.073,-0.0651549163586349));
#6292=CARTESIAN_POINT('',(-0.0688498962416417,0.07,-0.0651549163586349));
#6293=CARTESIAN_POINT('',(-0.0692981323495504,0.073,-0.0653098621737144));
#6294=CARTESIAN_POINT('',(-0.0692981323495504,0.07,-0.0653098621737144));
#6295=CARTESIAN_POINT('',(-0.0682605487664284,0.073,-0.0648159723881483));
#6296=CARTESIAN_POINT('',(-0.0686257781876873,0.073,-0.0650774434510951));
#6297=CARTESIAN_POINT('',(-0.0692981323495504,0.073,-0.0653098621737144));
#6298=CARTESIAN_POINT('',(1.38777878078145E-17,0.073,-0.0592897069046307));
#6299=CARTESIAN_POINT('',(-0.085534240258243,0.073,-0.060304558968734));
#6300=CARTESIAN_POINT('',(-0.085534240258243,0.07,-0.060304558968734));
#6301=CARTESIAN_POINT('',(-0.085534240258243,0.073,-0.0618263482239795));
#6302=CARTESIAN_POINT('',(-0.085534240258243,0.07,-0.0618263482239795));
#6303=CARTESIAN_POINT('',(-0.0852755360848513,0.073,-0.063191808219368));
#6304=CARTESIAN_POINT('',(-0.0852755360848513,0.07,-0.063191808219368));
#6305=CARTESIAN_POINT('',(-0.0847581277380678,0.073,-0.0644009389548995));
#6306=CARTESIAN_POINT('',(-0.0847581277380678,0.07,-0.0644009389548995));
#6307=CARTESIAN_POINT('',(-0.085534240258243,0.073,-0.060304558968734));
#6308=CARTESIAN_POINT('',(-0.085534240258243,0.073,-0.060304558968734));
#6309=CARTESIAN_POINT('',(-0.085534240258243,0.073,-0.060304558968734));
#6310=CARTESIAN_POINT('',(-0.085534240258243,0.073,-0.0625872428516023));
#6311=CARTESIAN_POINT('',(-0.0847581277380678,0.073,-0.0644009389548995));
#6312=CARTESIAN_POINT('',(-0.0847581277380678,0.073,-0.0644009389548995));
#6313=CARTESIAN_POINT('',(-0.0847581277380678,0.073,-0.0644009389548995));
#6314=CARTESIAN_POINT('',(-0.0846294673737607,0.073,-0.0562040286482359));
#6315=CARTESIAN_POINT('',(-0.0846294673737607,0.07,-0.0562040286482359));
#6316=CARTESIAN_POINT('',(-0.0852326492967489,0.073,-0.0573439871448926));
#6317=CARTESIAN_POINT('',(-0.0852326492967489,0.07,-0.0573439871448926));
#6318=CARTESIAN_POINT('',(-0.085534240258243,0.073,-0.0587108305850587));
#6319=CARTESIAN_POINT('',(-0.085534240258243,0.07,-0.0587108305850587));
#6320=CARTESIAN_POINT('',(-0.085534240258243,0.073,-0.060304558968734));
#6321=CARTESIAN_POINT('',(-0.085534240258243,0.07,-0.060304558968734));
#6322=CARTESIAN_POINT('',(-0.0846294673737607,0.073,-0.0562040286482359));
#6323=CARTESIAN_POINT('',(-0.0846294673737607,0.073,-0.0562040286482359));
#6324=CARTESIAN_POINT('',(-0.0846294673737607,0.073,-0.0562040286482359));
#6325=CARTESIAN_POINT('',(-0.085534240258243,0.073,-0.057913966393221));
#6326=CARTESIAN_POINT('',(-0.085534240258243,0.073,-0.060304558968734));
#6327=CARTESIAN_POINT('',(-0.0747006848695558,0.073,-0.0614265887201859));
#6328=CARTESIAN_POINT('',(-0.0823218814848974,0.073,-0.0531950362571822));
#6329=CARTESIAN_POINT('',(-0.0823220260875831,0.073,-0.0531948798334861));
#6330=CARTESIAN_POINT('',(-0.0747006848695558,0.073,-0.0614265887201859));
#6331=CARTESIAN_POINT('',(-0.0712804747678843,0.073,-0.06514997880781));
#6332=CARTESIAN_POINT('',(-0.0792091307355315,0.073,-0.0509372543803088));
#6333=CARTESIAN_POINT('',(-0.0792089966004166,0.073,-0.0509374951324556));
#6334=CARTESIAN_POINT('',(-0.0712804747678843,0.073,-0.06514997880781));
#6335=CARTESIAN_POINT('',(-0.0481649866899385,0.0730000000000005,-0.106243569391822));
#6336=CARTESIAN_POINT('',(-0.0757809545768965,0.073,-0.0491483109999654));
#6337=CARTESIAN_POINT('',(-0.0757809545768965,0.073,-0.0491484602830065));
#6338=CARTESIAN_POINT('',(-0.0481649866899385,0.073,-0.106243569391822));
#6339=CARTESIAN_POINT('',(-0.0757809545768965,0.073,-0.0521076486620704));
#6340=CARTESIAN_POINT('',(-0.0757809545768965,0.073,-0.0550668370411343));
#6341=CARTESIAN_POINT('',(-0.0757809545768965,0.073,-0.0550668370411343));
#6342=CARTESIAN_POINT('',(-0.0757809545768965,0.073,-0.0521076486620704));
#6343=CARTESIAN_POINT('',(-0.0785326262393359,0.073,-0.0572416122313579));
#6344=CARTESIAN_POINT('',(-0.0785326262393359,0.07,-0.0572416122313579));
#6345=CARTESIAN_POINT('',(-0.077804934286373,0.073,-0.0564115453648603));
#6346=CARTESIAN_POINT('',(-0.077804934286373,0.07,-0.0564115453648603));
#6347=CARTESIAN_POINT('',(-0.0768877103988932,0.073,-0.0556866203014524));
#6348=CARTESIAN_POINT('',(-0.0768877103988932,0.07,-0.0556866203014524));
#6349=CARTESIAN_POINT('',(-0.0757809545768965,0.073,-0.0550668370411343));
#6350=CARTESIAN_POINT('',(-0.0757809545768965,0.07,-0.0550668370411343));
#6351=CARTESIAN_POINT('',(-0.0785326262393359,0.073,-0.0572416122313579));
#6352=CARTESIAN_POINT('',(-0.0785326262393359,0.073,-0.0572416122313579));
#6353=CARTESIAN_POINT('',(-0.0785326262393359,0.073,-0.0572416122313579));
#6354=CARTESIAN_POINT('',(-0.0774410883098916,0.073,-0.0559965119316115));
#6355=CARTESIAN_POINT('',(-0.0757809545768965,0.073,-0.0550668370411343));
#6356=CARTESIAN_POINT('',(-0.0796241641687803,0.073,-0.0605120756853584));
#6357=CARTESIAN_POINT('',(-0.0796241641687803,0.07,-0.0605120756853584));
#6358=CARTESIAN_POINT('',(-0.0796241641687803,0.073,-0.0591618335825223));
#6359=CARTESIAN_POINT('',(-0.0796241641687803,0.07,-0.0591618335825223));
#6360=CARTESIAN_POINT('',(-0.0792603181922988,0.073,-0.0580716790978555));
#6361=CARTESIAN_POINT('',(-0.0792603181922988,0.07,-0.0580716790978555));
#6362=CARTESIAN_POINT('',(-0.0785326262393359,0.073,-0.0572416122313579));
#6363=CARTESIAN_POINT('',(-0.0785326262393359,0.07,-0.0572416122313579));
#6364=CARTESIAN_POINT('',(-0.0796241641687803,0.073,-0.0605120756853584));
#6365=CARTESIAN_POINT('',(-0.0796241641687803,0.073,-0.0605120756853584));
#6366=CARTESIAN_POINT('',(-0.0796241641687803,0.073,-0.0605120756853584));
#6367=CARTESIAN_POINT('',(-0.0796241641687803,0.073,-0.0584867125311043));
#6368=CARTESIAN_POINT('',(-0.0785326262393359,0.073,-0.0572416122313579));
#6369=CARTESIAN_POINT('',(-0.0785326262393359,0.073,-0.063392407712105));
#6370=CARTESIAN_POINT('',(-0.0785326262393359,0.07,-0.063392407712105));
#6371=CARTESIAN_POINT('',(-0.0792603181922988,0.073,-0.0624405977051877));
#6372=CARTESIAN_POINT('',(-0.0792603181922988,0.07,-0.0624405977051877));
#6373=CARTESIAN_POINT('',(-0.0796241641687803,0.073,-0.0614804870296055));
#6374=CARTESIAN_POINT('',(-0.0796241641687803,0.07,-0.0614804870296055));
#6375=CARTESIAN_POINT('',(-0.0796241641687803,0.073,-0.0605120756853584));
#6376=CARTESIAN_POINT('',(-0.0796241641687803,0.07,-0.0605120756853584));
#6377=CARTESIAN_POINT('',(-0.0785326262393359,0.073,-0.063392407712105));
#6378=CARTESIAN_POINT('',(-0.0785326262393359,0.073,-0.063392407712105));
#6379=CARTESIAN_POINT('',(-0.0785326262393359,0.073,-0.063392407712105));
#6380=CARTESIAN_POINT('',(-0.0796241641687803,0.073,-0.0619646927017291));
#6381=CARTESIAN_POINT('',(-0.0796241641687803,0.073,-0.0605120756853584));
#6382=CARTESIAN_POINT('',(-0.0757809545768965,0.073,-0.0653845681916992));
#6383=CARTESIAN_POINT('',(-0.0757809545768965,0.07,-0.0653845681916992));
#6384=CARTESIAN_POINT('',(-0.0768877103988932,0.073,-0.0650082712122203));
#6385=CARTESIAN_POINT('',(-0.0768877103988932,0.07,-0.0650082712122203));
#6386=CARTESIAN_POINT('',(-0.077804934286373,0.073,-0.0643442177190222));
#6387=CARTESIAN_POINT('',(-0.077804934286373,0.07,-0.0643442177190222));
#6388=CARTESIAN_POINT('',(-0.0785326262393359,0.073,-0.063392407712105));
#6389=CARTESIAN_POINT('',(-0.0785326262393359,0.07,-0.063392407712105));
#6390=CARTESIAN_POINT('',(-0.0757809545768965,0.073,-0.0653845681916992));
#6391=CARTESIAN_POINT('',(-0.0757809545768965,0.073,-0.0653845681916992));
#6392=CARTESIAN_POINT('',(-0.0757809545768965,0.073,-0.0653845681916992));
#6393=CARTESIAN_POINT('',(-0.0774410883098916,0.073,-0.0648201227224808));
#6394=CARTESIAN_POINT('',(-0.0785326262393359,0.073,-0.063392407712105));
#6395=CARTESIAN_POINT('',(-0.0757809545768965,0.073,-0.0681113378481437));
#6396=CARTESIAN_POINT('',(-0.0757809545768965,0.073,-0.0708375726246825));
#6397=CARTESIAN_POINT('',(-0.0757809545768965,0.073,-0.0708375726246825));
#6398=CARTESIAN_POINT('',(-0.0757809545768965,0.073,-0.0681113378481437));
#6399=CARTESIAN_POINT('',(-0.0739998390884204,0.073,-0.0573658732113043));
#6400=CARTESIAN_POINT('',(-0.079545307816463,0.073,-0.0697714715811389));
#6401=CARTESIAN_POINT('',(-0.079545307816463,0.073,-0.0697714715811389));
#6402=CARTESIAN_POINT('',(-0.0739998390884204,0.073,-0.0573658732113043));
#6403=CARTESIAN_POINT('',(-0.0826580585658289,0.073,-0.0675925460565827));
#6404=CARTESIAN_POINT('',(-0.0826580585658289,0.07,-0.0675925460565827));
#6405=CARTESIAN_POINT('',(-0.0817754207977865,0.073,-0.06851115338884));
#6406=CARTESIAN_POINT('',(-0.0817754207977865,0.07,-0.06851115338884));
#6407=CARTESIAN_POINT('',(-0.0807378372146645,0.073,-0.0692374618970254));
#6408=CARTESIAN_POINT('',(-0.0807378372146645,0.07,-0.0692374618970254));
#6409=CARTESIAN_POINT('',(-0.079545307816463,0.073,-0.0697714715811389));
#6410=CARTESIAN_POINT('',(-0.079545307816463,0.07,-0.0697714715811389));
#6411=CARTESIAN_POINT('',(-0.0826580585658289,0.073,-0.0675925460565827));
#6412=CARTESIAN_POINT('',(-0.0826580585658289,0.073,-0.0675925460565827));
#6413=CARTESIAN_POINT('',(-0.0826580585658289,0.073,-0.0675925460565827));
#6414=CARTESIAN_POINT('',(-0.0813341019137653,0.073,-0.0689704570549687));
#6415=CARTESIAN_POINT('',(-0.079545307816463,0.073,-0.0697714715811389));
#6416=CARTESIAN_POINT('',(-0.0847581277380678,0.073,-0.0644009389548995));
#6417=CARTESIAN_POINT('',(-0.0847581277380678,0.07,-0.0644009389548995));
#6418=CARTESIAN_POINT('',(-0.0842407193912843,0.073,-0.065610069690431));
#6419=CARTESIAN_POINT('',(-0.0842407193912843,0.07,-0.065610069690431));
#6420=CARTESIAN_POINT('',(-0.0835406963338713,0.073,-0.0666739387243254));
#6421=CARTESIAN_POINT('',(-0.0835406963338713,0.07,-0.0666739387243254));
#6422=CARTESIAN_POINT('',(-0.0826580585658289,0.073,-0.0675925460565827));
#6423=CARTESIAN_POINT('',(-0.0826580585658289,0.07,-0.0675925460565827));
#6424=CARTESIAN_POINT('',(-0.0847581277380678,0.073,-0.0644009389548995));
#6425=CARTESIAN_POINT('',(-0.0839820152178925,0.073,-0.0662146350581967));
#6426=CARTESIAN_POINT('',(-0.0826580585658289,0.073,-0.0675925460565827));
#6427=CARTESIAN_POINT('',(1.38777878078145E-17,0.073,-0.0592897069046307));
#6428=CARTESIAN_POINT('',(-0.0847041733917454,0.073,-0.0391378538730457));
#6429=CARTESIAN_POINT('',(-0.0847041733917454,0.07,-0.0391378538730457));
#6430=CARTESIAN_POINT('',(-0.0842227346091768,0.073,-0.0388611649175465));
#6431=CARTESIAN_POINT('',(-0.0842227346091768,0.07,-0.0388611649175465));
#6432=CARTESIAN_POINT('',(-0.0836098685727461,0.073,-0.0385927766307123));
#6433=CARTESIAN_POINT('',(-0.0836098685727461,0.07,-0.0385927766307123));
#6434=CARTESIAN_POINT('',(-0.0828655752824533,0.073,-0.0383326890125431));
#6435=CARTESIAN_POINT('',(-0.0828655752824533,0.07,-0.0383326890125431));
#6436=CARTESIAN_POINT('',(-0.0847041733917454,0.073,-0.0391378538730457));
#6437=CARTESIAN_POINT('',(-0.0847041733917454,0.073,-0.0391378538730457));
#6438=CARTESIAN_POINT('',(-0.0847041733917454,0.073,-0.0391378538730457));
#6439=CARTESIAN_POINT('',(-0.0839820152178925,0.073,-0.0387228204397969));
#6440=CARTESIAN_POINT('',(-0.0828655752824533,0.073,-0.0383326890125431));
#6441=CARTESIAN_POINT('',(-0.0828655752824533,0.073,-0.0383326890125431));
#6442=CARTESIAN_POINT('',(-0.0828655752824533,0.073,-0.0383326890125431));
#6443=CARTESIAN_POINT('',(-0.0852520175236338,0.073,-0.0369049740021673));
#6444=CARTESIAN_POINT('',(-0.0857998616555222,0.073,-0.0346720941312888));
#6445=CARTESIAN_POINT('',(-0.0857998616555222,0.073,-0.0346720941312888));
#6446=CARTESIAN_POINT('',(-0.0852520175236338,0.073,-0.0369049740021673));
#6447=CARTESIAN_POINT('',(-0.0836956421489509,0.073,-0.0333522878135576));
#6448=CARTESIAN_POINT('',(-0.0836956421489509,0.07,-0.0333522878135576));
#6449=CARTESIAN_POINT('',(-0.0845063407885635,0.073,-0.0337175172348165));
#6450=CARTESIAN_POINT('',(-0.0845063407885635,0.07,-0.0337175172348165));
#6451=CARTESIAN_POINT('',(-0.0852077472907539,0.073,-0.0341574526740602));
#6452=CARTESIAN_POINT('',(-0.0852077472907539,0.07,-0.0341574526740602));
#6453=CARTESIAN_POINT('',(-0.0857998616555222,0.073,-0.0346720941312888));
#6454=CARTESIAN_POINT('',(-0.0857998616555222,0.07,-0.0346720941312888));
#6455=CARTESIAN_POINT('',(-0.0836956421489509,0.073,-0.0333522878135576));
#6456=CARTESIAN_POINT('',(-0.0836956421489509,0.073,-0.0333522878135576));
#6457=CARTESIAN_POINT('',(-0.0836956421489509,0.073,-0.0333522878135576));
#6458=CARTESIAN_POINT('',(-0.0849116901083698,0.073,-0.033900131945446));
#6459=CARTESIAN_POINT('',(-0.0857998616555222,0.073,-0.0346720941312888));
#6460=CARTESIAN_POINT('',(-0.0780682280993441,0.073,-0.0459081976810667));
#6461=CARTESIAN_POINT('',(-0.0811307355314734,0.073,-0.0324931686067326));
#6462=CARTESIAN_POINT('',(-0.0811306857626157,0.073,-0.0324933861926687));
#6463=CARTESIAN_POINT('',(-0.0780682280993441,0.073,-0.0459081976810667));
#6464=CARTESIAN_POINT('',(-0.0764106622466759,0.0730000000000001,-0.0528022608852405));
#6465=CARTESIAN_POINT('',(-0.0784579202213512,0.073,-0.0320532331674889));
#6466=CARTESIAN_POINT('',(-0.0784579174596638,0.073,-0.032053260236347));
#6467=CARTESIAN_POINT('',(-0.0764106622466759,0.073,-0.0528022608852405));
#6468=CARTESIAN_POINT('',(-0.0758382092886252,0.0730000000000002,-0.0585050880518626));
#6469=CARTESIAN_POINT('',(-0.0758888632695411,0.073,-0.0319245728031817));
#6470=CARTESIAN_POINT('',(-0.0758888636040711,0.07299999975,-0.0319243972596066));
#6471=CARTESIAN_POINT('',(-0.0758382092886252,0.073,-0.0585050880518626));
#6472=CARTESIAN_POINT('',(-0.0758349089232188,0.073,-0.0319245728031817));
#6473=CARTESIAN_POINT('',(-0.0757809545768965,0.073,-0.0319245728031817));
#6474=CARTESIAN_POINT('',(-0.0757809545768965,0.073,-0.0319245728031817));
#6475=CARTESIAN_POINT('',(-0.0758349089232188,0.073,-0.0319245728031817));
#6476=CARTESIAN_POINT('',(-0.0757809545768965,0.073,-0.0343898713966796));
#6477=CARTESIAN_POINT('',(-0.0757809545768965,0.073,-0.0368551699901773));
#6478=CARTESIAN_POINT('',(-0.0757809545768965,0.073,-0.0368551699901773));
#6479=CARTESIAN_POINT('',(-0.0757809545768965,0.073,-0.0343898713966796));
#6480=CARTESIAN_POINT('',(-0.0758598109292137,0.073,-0.0368551699901773));
#6481=CARTESIAN_POINT('',(-0.075938667281531,0.073,-0.0368551699901773));
#6482=CARTESIAN_POINT('',(-0.075938667281531,0.073,-0.0368551699901773));
#6483=CARTESIAN_POINT('',(-0.0758598109292137,0.073,-0.0368551699901773));
#6484=CARTESIAN_POINT('',(-0.0781715471524095,0.073,-0.0370626867068017));
#6485=CARTESIAN_POINT('',(-0.0781715471524095,0.07,-0.0370626867068017));
#6486=CARTESIAN_POINT('',(-0.0773746829605718,0.073,-0.0369243422290522));
#6487=CARTESIAN_POINT('',(-0.0773746829605718,0.07,-0.0369243422290522));
#6488=CARTESIAN_POINT('',(-0.076630389670279,0.073,-0.0368551699901773));
#6489=CARTESIAN_POINT('',(-0.076630389670279,0.07,-0.0368551699901773));
#6490=CARTESIAN_POINT('',(-0.075938667281531,0.073,-0.0368551699901773));
#6491=CARTESIAN_POINT('',(-0.075938667281531,0.07,-0.0368551699901773));
#6492=CARTESIAN_POINT('',(-0.0781715471524095,0.073,-0.0370626867068017));
#6493=CARTESIAN_POINT('',(-0.0781715471524095,0.073,-0.0370626867068017));
#6494=CARTESIAN_POINT('',(-0.0781715471524095,0.073,-0.0370626867068017));
#6495=CARTESIAN_POINT('',(-0.076976250864653,0.073,-0.0368551699901773));
#6496=CARTESIAN_POINT('',(-0.075938667281531,0.073,-0.0368551699901773));
#6497=CARTESIAN_POINT('',(-0.0741010196009601,0.0730000000000002,-0.0604294121741127));
#6498=CARTESIAN_POINT('',(-0.08055798939359,0.073,-0.0376063805043577));
#6499=CARTESIAN_POINT('',(-0.0805579701077748,0.073,-0.0376064488014386));
#6500=CARTESIAN_POINT('',(-0.0741010196009601,0.073,-0.0604294121741127));
#6501=CARTESIAN_POINT('',(-0.0698288945160329,0.0730000000000005,-0.0757387134833138));
#6502=CARTESIAN_POINT('',(-0.0698288945160329,0.073,-0.0757387134833138));
#6503=CARTESIAN_POINT('',(1.38777878078145E-17,0.073,-0.0592897069046307));
#6504=CARTESIAN_POINT('',(-0.125812834524779,0.073,0.0601040815466914));
#6505=CARTESIAN_POINT('',(-0.0736559833986627,0.073,-0.0540294218753774));
#6506=CARTESIAN_POINT('',(-0.0736559833986627,0.073,-0.0540292534580123));
#6507=CARTESIAN_POINT('',(-0.125812834524779,0.073,0.0601040815466914));
#6508=CARTESIAN_POINT('',(-0.0701574308338556,0.07299999975,-0.0523646043976157));
#6509=CARTESIAN_POINT('',(-0.0701572515563754,0.073,-0.0523649693906846));
#6510=CARTESIAN_POINT('',(-0.0736559833986627,0.073,-0.0509912087266311));
#6511=CARTESIAN_POINT('',(-0.0736559833986627,0.073,-0.04795316399525));
#6512=CARTESIAN_POINT('',(-0.0736559833986627,0.073,-0.04795316399525));
#6513=CARTESIAN_POINT('',(-0.0736559833986627,0.073,-0.0509912087266311));
#6514=CARTESIAN_POINT('',(-0.0705971869956191,0.073,-0.045724434458704));
#6515=CARTESIAN_POINT('',(-0.0705971869956191,0.07,-0.045724434458704));
#6516=CARTESIAN_POINT('',(-0.0713912842979018,0.073,-0.0465185317609867));
#6517=CARTESIAN_POINT('',(-0.0713912842979018,0.07,-0.0465185317609867));
#6518=CARTESIAN_POINT('',(-0.0724108830989163,0.073,-0.047261441606502));
#6519=CARTESIAN_POINT('',(-0.0724108830989163,0.07,-0.047261441606502));
#6520=CARTESIAN_POINT('',(-0.0736559833986627,0.073,-0.04795316399525));
#6521=CARTESIAN_POINT('',(-0.0736559833986627,0.07,-0.04795316399525));
#6522=CARTESIAN_POINT('',(-0.0705971869956191,0.073,-0.045724434458704));
#6523=CARTESIAN_POINT('',(-0.0705971869956191,0.073,-0.045724434458704));
#6524=CARTESIAN_POINT('',(-0.0705971869956191,0.073,-0.045724434458704));
#6525=CARTESIAN_POINT('',(-0.0717883329490431,0.073,-0.046915580412128));
#6526=CARTESIAN_POINT('',(-0.0736559833986627,0.073,-0.04795316399525));
#6527=CARTESIAN_POINT('',(-0.0694060410421951,0.073,-0.0427154420676503));
#6528=CARTESIAN_POINT('',(-0.0694060410421951,0.07,-0.0427154420676503));
#6529=CARTESIAN_POINT('',(-0.0694060410421951,0.073,-0.0439273396927368));
#6530=CARTESIAN_POINT('',(-0.0694060410421951,0.07,-0.0439273396927368));
#6531=CARTESIAN_POINT('',(-0.0698030896933364,0.073,-0.0449303371564213));
#6532=CARTESIAN_POINT('',(-0.0698030896933364,0.07,-0.0449303371564213));
#6533=CARTESIAN_POINT('',(-0.0705971869956191,0.073,-0.045724434458704));
#6534=CARTESIAN_POINT('',(-0.0705971869956191,0.07,-0.045724434458704));
#6535=CARTESIAN_POINT('',(-0.0694060410421951,0.073,-0.0427154420676503));
#6536=CARTESIAN_POINT('',(-0.0694060410421951,0.073,-0.0427154420676503));
#6537=CARTESIAN_POINT('',(-0.0694060410421951,0.073,-0.0427154420676503));
#6538=CARTESIAN_POINT('',(-0.0694060410421951,0.073,-0.04453328850528));
#6539=CARTESIAN_POINT('',(-0.0705971869956191,0.073,-0.045724434458704));
#6540=CARTESIAN_POINT('',(-0.0736559833986627,0.073,-0.0370626867068017));
#6541=CARTESIAN_POINT('',(-0.0736559833986627,0.07,-0.0370626867068017));
#6542=CARTESIAN_POINT('',(-0.070822688494351,0.073,-0.0377544090955498));
#6543=CARTESIAN_POINT('',(-0.070822688494351,0.07,-0.0377544090955498));
#6544=CARTESIAN_POINT('',(-0.0694060410421951,0.073,-0.0396386608824993));
#6545=CARTESIAN_POINT('',(-0.0694060410421951,0.07,-0.0396386608824993));
#6546=CARTESIAN_POINT('',(-0.0694060410421951,0.073,-0.0427154420676503));
#6547=CARTESIAN_POINT('',(-0.0694060410421951,0.07,-0.0427154420676503));
#6548=CARTESIAN_POINT('',(-0.0736559833986627,0.073,-0.0370626867068017));
#6549=CARTESIAN_POINT('',(-0.0736559833986627,0.073,-0.0370626867068017));
#6550=CARTESIAN_POINT('',(-0.0736559833986627,0.073,-0.0370626867068017));
#6551=CARTESIAN_POINT('',(-0.0694060410421951,0.073,-0.0381002702899238));
#6552=CARTESIAN_POINT('',(-0.0694060410421951,0.073,-0.0427154420676503));
#6553=CARTESIAN_POINT('',(-0.0736559833986627,0.073,-0.0345724861073091));
#6554=CARTESIAN_POINT('',(-0.0736559833986627,0.073,-0.0320822855078163));
#6555=CARTESIAN_POINT('',(-0.0736559833986627,0.073,-0.0320822855078163));
#6556=CARTESIAN_POINT('',(-0.0736559833986627,0.073,-0.0345724861073091));
#6557=CARTESIAN_POINT('',(-0.0694060410421951,0.073,-0.0333771898195525));
#6558=CARTESIAN_POINT('',(-0.0694060410421951,0.07,-0.0333771898195525));
#6559=CARTESIAN_POINT('',(-0.0706511413419414,0.073,-0.0327186701054644));
#6560=CARTESIAN_POINT('',(-0.0706511413419414,0.07,-0.0327186701054644));
#6561=CARTESIAN_POINT('',(-0.0720677887940973,0.073,-0.0322870353348857));
#6562=CARTESIAN_POINT('',(-0.0720677887940973,0.07,-0.0322870353348857));
#6563=CARTESIAN_POINT('',(-0.0736559833986627,0.073,-0.0320822855078163));
#6564=CARTESIAN_POINT('',(-0.0736559833986627,0.07,-0.0320822855078163));
#6565=CARTESIAN_POINT('',(-0.0694060410421951,0.073,-0.0333771898195525));
#6566=CARTESIAN_POINT('',(-0.0694060410421951,0.073,-0.0333771898195525));
#6567=CARTESIAN_POINT('',(-0.0694060410421951,0.073,-0.0333771898195525));
#6568=CARTESIAN_POINT('',(-0.0712736914918146,0.073,-0.0323894102484204));
#6569=CARTESIAN_POINT('',(-0.0736559833986627,0.073,-0.0320822855078163));
#6570=CARTESIAN_POINT('',(-0.0662642379525017,0.073,-0.0357926844010604));
#6571=CARTESIAN_POINT('',(-0.0662642379525017,0.07,-0.0357926844010604));
#6572=CARTESIAN_POINT('',(-0.0671136730458842,0.073,-0.0348408743941432));
#6573=CARTESIAN_POINT('',(-0.0671136730458842,0.07,-0.0348408743941432));
#6574=CARTESIAN_POINT('',(-0.0681609407424487,0.073,-0.0340357095336406));
#6575=CARTESIAN_POINT('',(-0.0681609407424487,0.07,-0.0340357095336406));
#6576=CARTESIAN_POINT('',(-0.0694060410421951,0.073,-0.0333771898195525));
#6577=CARTESIAN_POINT('',(-0.0694060410421951,0.07,-0.0333771898195525));
#6578=CARTESIAN_POINT('',(-0.0662642379525017,0.073,-0.0357926844010604));
#6579=CARTESIAN_POINT('',(-0.0662642379525017,0.073,-0.0357926844010604));
#6580=CARTESIAN_POINT('',(-0.0662642379525017,0.073,-0.0357926844010604));
#6581=CARTESIAN_POINT('',(-0.0675383905925755,0.073,-0.0343649693906846));
#6582=CARTESIAN_POINT('',(-0.0694060410421951,0.073,-0.0333771898195525));
#6583=CARTESIAN_POINT('',(-0.0741712965201451,0.073,-0.0428831261548991));
#6584=CARTESIAN_POINT('',(-0.06429282914457,0.073,-0.0389842915027436));
#6585=CARTESIAN_POINT('',(-0.0642931475240461,0.073,-0.038984418785804));
#6586=CARTESIAN_POINT('',(-0.0741712965201451,0.073,-0.0428831261548991));
#6587=CARTESIAN_POINT('',(-0.0733855874278607,0.073,-0.042615361730849));
#6588=CARTESIAN_POINT('',(-0.063595572976712,0.073,-0.0426158340436706));
#6589=CARTESIAN_POINT('',(-0.063595572976712,0.073,-0.0426158340436706));
#6590=CARTESIAN_POINT('',(-0.0733855874278607,0.073,-0.042615361730849));
#6591=CARTESIAN_POINT('',(-0.0645293982015218,0.073,-0.0471272474630849));
#6592=CARTESIAN_POINT('',(-0.0645293982015218,0.07,-0.0471272474630849));
#6593=CARTESIAN_POINT('',(-0.0639068480516486,0.073,-0.0459181167275534));
#6594=CARTESIAN_POINT('',(-0.0639068480516486,0.07,-0.0459181167275534));
#6595=CARTESIAN_POINT('',(-0.063595572976712,0.073,-0.0444143122544153));
#6596=CARTESIAN_POINT('',(-0.063595572976712,0.07,-0.0444143122544153));
#6597=CARTESIAN_POINT('',(-0.063595572976712,0.073,-0.0426158340436706));
#6598=CARTESIAN_POINT('',(-0.063595572976712,0.07,-0.0426158340436706));
#6599=CARTESIAN_POINT('',(-0.0645293982015218,0.073,-0.0471272474630849));
#6600=CARTESIAN_POINT('',(-0.0645293982015218,0.073,-0.0471272474630849));
#6601=CARTESIAN_POINT('',(-0.0645293982015218,0.073,-0.0471272474630849));
#6602=CARTESIAN_POINT('',(-0.063595572976712,0.073,-0.0453135513597877));
#6603=CARTESIAN_POINT('',(-0.063595572976712,0.073,-0.0426158340436706));
#6604=CARTESIAN_POINT('',(-0.0669158404427023,0.073,-0.0502109458721234));
#6605=CARTESIAN_POINT('',(-0.0669158404427023,0.07,-0.0502109458721234));
#6606=CARTESIAN_POINT('',(-0.0659474290984552,0.073,-0.0493642776682959));
#6607=CARTESIAN_POINT('',(-0.0659474290984552,0.07,-0.0493642776682959));
#6608=CARTESIAN_POINT('',(-0.065151948351395,0.073,-0.0483363781986164));
#6609=CARTESIAN_POINT('',(-0.065151948351395,0.07,-0.0483363781986164));
#6610=CARTESIAN_POINT('',(-0.0645293982015218,0.073,-0.0471272474630849));
#6611=CARTESIAN_POINT('',(-0.0645293982015218,0.07,-0.0471272474630849));
#6612=CARTESIAN_POINT('',(-0.0669158404427023,0.073,-0.0502109458721234));
#6613=CARTESIAN_POINT('',(-0.0669158404427023,0.073,-0.0502109458721234));
#6614=CARTESIAN_POINT('',(-0.0669158404427023,0.073,-0.0502109458721234));
#6615=CARTESIAN_POINT('',(-0.0654632234263316,0.073,-0.0489409435663821));
#6616=CARTESIAN_POINT('',(-0.0645293982015218,0.073,-0.0471272474630849));
#6617=CARTESIAN_POINT('',(-0.0767537528905625,0.073,-0.0389124013510676));
#6618=CARTESIAN_POINT('',(-0.0767537528905625,0.073,-0.0389124013510676));
#6619=CARTESIAN_POINT('',(1.38777878078145E-17,0.073,-0.0592897069046307));
#6620=CARTESIAN_POINT('',(-0.0540913073553147,0.073,-0.0703649693906846));
#6621=CARTESIAN_POINT('',(-0.0572040581046806,0.073,-0.0703649693906846));
#6622=CARTESIAN_POINT('',(-0.0572040581046806,0.073,-0.0703649693906846));
#6623=CARTESIAN_POINT('',(-0.0540913073553147,0.073,-0.0703649693906846));
#6624=CARTESIAN_POINT('',(-0.0509785566059488,0.073,-0.0703649693906846));
#6625=CARTESIAN_POINT('',(-0.0509785566059488,0.073,-0.0703649693906846));
#6626=CARTESIAN_POINT('',(-0.0572040581046806,0.073,-0.0512485294552454));
#6627=CARTESIAN_POINT('',(-0.0572040581046806,0.073,-0.0321320895198062));
#6628=CARTESIAN_POINT('',(-0.0572040581046806,0.073,-0.0321320895198062));
#6629=CARTESIAN_POINT('',(-0.0572040581046806,0.073,-0.0512485294552454));
#6630=CARTESIAN_POINT('',(-0.0540913073553147,0.073,-0.0321320895198062));
#6631=CARTESIAN_POINT('',(-0.0509785566059488,0.073,-0.0321320895198062));
#6632=CARTESIAN_POINT('',(-0.0509785566059488,0.073,-0.0321320895198062));
#6633=CARTESIAN_POINT('',(-0.0540913073553147,0.073,-0.0321320895198062));
#6634=CARTESIAN_POINT('',(-0.0509785566059488,0.073,-0.0512485294552454));
#6635=CARTESIAN_POINT('',(-0.0509785566059488,0.073,-0.0512485294552454));
#6636=CARTESIAN_POINT('',(1.38777878078145E-17,0.073,-0.0592897069046307));
#6637=CARTESIAN_POINT('',(-0.0345598339866267,0.073,-0.0321320895198062));
#6638=CARTESIAN_POINT('',(-0.0312644685266313,0.073,-0.0321320895198062));
#6639=CARTESIAN_POINT('',(-0.0312644685266313,0.073,-0.0321320895198062));
#6640=CARTESIAN_POINT('',(-0.0345598339866267,0.073,-0.0321320895198062));
#6641=CARTESIAN_POINT('',(-0.0378551994466221,0.073,-0.0321320895198062));
#6642=CARTESIAN_POINT('',(-0.0378551994466221,0.073,-0.0321320895198062));
#6643=CARTESIAN_POINT('',(-0.0356223195757436,0.073,-0.0396566456646067));
#6644=CARTESIAN_POINT('',(-0.0399801706248559,0.073,-0.0471812018094073));
#6645=CARTESIAN_POINT('',(-0.0399801706248559,0.073,-0.0471812018094073));
#6646=CARTESIAN_POINT('',(-0.0356223195757436,0.073,-0.0396566456646067));
#6647=CARTESIAN_POINT('',(-0.0347964030435785,0.073,-0.0514809481778647));
#6648=CARTESIAN_POINT('',(-0.0347964030435785,0.07,-0.0514809481778647));
#6649=CARTESIAN_POINT('',(-0.0360774729075398,0.073,-0.0495441254893704));
#6650=CARTESIAN_POINT('',(-0.0360774729075398,0.07,-0.0495441254893704));
#6651=CARTESIAN_POINT('',(-0.0378053954346322,0.073,-0.0481108766998846));
#6652=CARTESIAN_POINT('',(-0.0378053954346322,0.07,-0.0481108766998846));
#6653=CARTESIAN_POINT('',(-0.0399801706248559,0.073,-0.0471812018094073));
#6654=CARTESIAN_POINT('',(-0.0399801706248559,0.07,-0.0471812018094073));
#6655=CARTESIAN_POINT('',(-0.0347964030435785,0.073,-0.0514809481778647));
#6656=CARTESIAN_POINT('',(-0.0347964030435785,0.073,-0.0514809481778647));
#6657=CARTESIAN_POINT('',(-0.0347964030435785,0.073,-0.0514809481778647));
#6658=CARTESIAN_POINT('',(-0.0367180078395204,0.073,-0.0485757141451232));
#6659=CARTESIAN_POINT('',(-0.0399801706248559,0.073,-0.0471812018094073));
#6660=CARTESIAN_POINT('',(-0.0328747982476366,0.073,-0.0585365165430941));
#6661=CARTESIAN_POINT('',(-0.0328747982476366,0.07,-0.0585365165430941));
#6662=CARTESIAN_POINT('',(-0.0328747982476366,0.073,-0.0557696269881022));
#6663=CARTESIAN_POINT('',(-0.0328747982476366,0.07,-0.0557696269881022));
#6664=CARTESIAN_POINT('',(-0.0335153331796172,0.073,-0.053417770866359));
#6665=CARTESIAN_POINT('',(-0.0335153331796172,0.07,-0.053417770866359));
#6666=CARTESIAN_POINT('',(-0.0347964030435785,0.073,-0.0514809481778647));
#6667=CARTESIAN_POINT('',(-0.0347964030435785,0.07,-0.0514809481778647));
#6668=CARTESIAN_POINT('',(-0.0328747982476366,0.073,-0.0585365165430941));
#6669=CARTESIAN_POINT('',(-0.0328747982476366,0.073,-0.0585365165430941));
#6670=CARTESIAN_POINT('',(-0.0328747982476366,0.073,-0.0585365165430941));
#6671=CARTESIAN_POINT('',(-0.0328747982476366,0.073,-0.0543861822106062));
#6672=CARTESIAN_POINT('',(-0.0347964030435785,0.073,-0.0514809481778647));
#6673=CARTESIAN_POINT('',(-0.0340410421950657,0.073,-0.0634961660704172));
#6674=CARTESIAN_POINT('',(-0.0340410421950657,0.07,-0.0634961660704172));
#6675=CARTESIAN_POINT('',(-0.033263546230113,0.073,-0.0620269477167165));
#6676=CARTESIAN_POINT('',(-0.033263546230113,0.07,-0.0620269477167165));
#6677=CARTESIAN_POINT('',(-0.0328747982476366,0.073,-0.0603737312076088));
#6678=CARTESIAN_POINT('',(-0.0328747982476366,0.07,-0.0603737312076088));
#6679=CARTESIAN_POINT('',(-0.0328747982476366,0.073,-0.0585365165430941));
#6680=CARTESIAN_POINT('',(-0.0328747982476366,0.07,-0.0585365165430941));
#6681=CARTESIAN_POINT('',(-0.0340410421950657,0.073,-0.0634961660704172));
#6682=CARTESIAN_POINT('',(-0.0340410421950657,0.073,-0.0634961660704172));
#6683=CARTESIAN_POINT('',(-0.0340410421950657,0.073,-0.0634961660704172));
#6684=CARTESIAN_POINT('',(-0.0328747982476366,0.073,-0.0612923385398661));
#6685=CARTESIAN_POINT('',(-0.0328747982476366,0.073,-0.0585365165430941));
#6686=CARTESIAN_POINT('',(-0.0371039889324418,0.073,-0.0672563689756512));
#6687=CARTESIAN_POINT('',(-0.0371039889324418,0.07,-0.0672563689756512));
#6688=CARTESIAN_POINT('',(-0.0358395204058104,0.073,-0.0662187853925292));
#6689=CARTESIAN_POINT('',(-0.0358395204058104,0.07,-0.0662187853925292));
#6690=CARTESIAN_POINT('',(-0.0348185381600184,0.073,-0.0649653844241179));
#6691=CARTESIAN_POINT('',(-0.0348185381600184,0.07,-0.0649653844241179));
#6692=CARTESIAN_POINT('',(-0.0340410421950657,0.073,-0.0634961660704172));
#6693=CARTESIAN_POINT('',(-0.0340410421950657,0.07,-0.0634961660704172));
#6694=CARTESIAN_POINT('',(-0.0371039889324418,0.073,-0.0672563689756512));
#6695=CARTESIAN_POINT('',(-0.0371039889324418,0.073,-0.0672563689756512));
#6696=CARTESIAN_POINT('',(-0.0371039889324418,0.073,-0.0672563689756512));
#6697=CARTESIAN_POINT('',(-0.0352072861424948,0.073,-0.0656999936009682));
#6698=CARTESIAN_POINT('',(-0.0340410421950657,0.073,-0.0634961660704172));
#6699=CARTESIAN_POINT('',(-0.0413871339635693,0.073,-0.0695888568705094));
#6700=CARTESIAN_POINT('',(-0.0413871339635693,0.07,-0.0695888568705094));
#6701=CARTESIAN_POINT('',(-0.0397961724694489,0.073,-0.0690714485237259));
#6702=CARTESIAN_POINT('',(-0.0397961724694489,0.07,-0.0690714485237259));
#6703=CARTESIAN_POINT('',(-0.0383684574590731,0.073,-0.0682939525587732));
#6704=CARTESIAN_POINT('',(-0.0383684574590731,0.07,-0.0682939525587732));
#6705=CARTESIAN_POINT('',(-0.0371039889324418,0.073,-0.0672563689756512));
#6706=CARTESIAN_POINT('',(-0.0371039889324418,0.07,-0.0672563689756512));
#6707=CARTESIAN_POINT('',(-0.0413871339635693,0.073,-0.0695888568705094));
#6708=CARTESIAN_POINT('',(-0.0413871339635693,0.073,-0.0695888568705094));
#6709=CARTESIAN_POINT('',(-0.0413871339635693,0.073,-0.0695888568705094));
#6710=CARTESIAN_POINT('',(-0.0390006917223888,0.073,-0.0688127443503342));
#6711=CARTESIAN_POINT('',(-0.0371039889324418,0.073,-0.0672563689756512));
#6712=CARTESIAN_POINT('',(-0.0462056721235877,0.073,-0.0703649693906846));
#6713=CARTESIAN_POINT('',(-0.0462056721235877,0.07,-0.0703649693906846));
#6714=CARTESIAN_POINT('',(-0.0445842748443624,0.073,-0.0703649693906846));
#6715=CARTESIAN_POINT('',(-0.0445842748443624,0.07,-0.0703649693906846));
#6716=CARTESIAN_POINT('',(-0.0429780954576896,0.073,-0.0701062652172929));
#6717=CARTESIAN_POINT('',(-0.0429780954576896,0.07,-0.0701062652172929));
#6718=CARTESIAN_POINT('',(-0.0413871339635693,0.073,-0.0695888568705094));
#6719=CARTESIAN_POINT('',(-0.0413871339635693,0.07,-0.0695888568705094));
#6720=CARTESIAN_POINT('',(-0.0462056721235877,0.073,-0.0703649693906846));
#6721=CARTESIAN_POINT('',(-0.0462056721235877,0.073,-0.0703649693906846));
#6722=CARTESIAN_POINT('',(-0.0462056721235877,0.073,-0.0703649693906846));
#6723=CARTESIAN_POINT('',(-0.0437735762047498,0.073,-0.0703649693906846));
#6724=CARTESIAN_POINT('',(-0.0413871339635693,0.073,-0.0695888568705094));
#6725=CARTESIAN_POINT('',(-0.0475296287756514,0.073,-0.0703649693906846));
#6726=CARTESIAN_POINT('',(-0.048853585427715,0.073,-0.0703649693906846));
#6727=CARTESIAN_POINT('',(-0.048853585427715,0.073,-0.0703649693906846));
#6728=CARTESIAN_POINT('',(-0.0475296287756514,0.073,-0.0703649693906846));
#6729=CARTESIAN_POINT('',(-0.048853585427715,0.073,-0.0680075794898315));
#6730=CARTESIAN_POINT('',(-0.048853585427715,0.073,-0.0656501895889784));
#6731=CARTESIAN_POINT('',(-0.048853585427715,0.073,-0.0656501895889784));
#6732=CARTESIAN_POINT('',(-0.048853585427715,0.073,-0.0680075794898315));
#6733=CARTESIAN_POINT('',(-0.0475835831219737,0.073,-0.0656501895889784));
#6734=CARTESIAN_POINT('',(-0.0463135808162324,0.073,-0.0656501895889784));
#6735=CARTESIAN_POINT('',(-0.0463135808162324,0.073,-0.0656501895889784));
#6736=CARTESIAN_POINT('',(-0.0475835831219737,0.073,-0.0656501895889784));
#6737=CARTESIAN_POINT('',(-0.0424703712243486,0.073,-0.0648948287404656));
#6738=CARTESIAN_POINT('',(-0.0424703712243486,0.07,-0.0648948287404656));
#6739=CARTESIAN_POINT('',(-0.0434387825685958,0.073,-0.0653984026394741));
#6740=CARTESIAN_POINT('',(-0.0434387825685958,0.07,-0.0653984026394741));
#6741=CARTESIAN_POINT('',(-0.0447198524325571,0.073,-0.0656501895889784));
#6742=CARTESIAN_POINT('',(-0.0447198524325571,0.07,-0.0656501895889784));
#6743=CARTESIAN_POINT('',(-0.0463135808162324,0.073,-0.0656501895889784));
#6744=CARTESIAN_POINT('',(-0.0463135808162324,0.07,-0.0656501895889784));
#6745=CARTESIAN_POINT('',(-0.0424703712243486,0.073,-0.0648948287404656));
#6746=CARTESIAN_POINT('',(-0.0424703712243486,0.073,-0.0648948287404656));
#6747=CARTESIAN_POINT('',(-0.0424703712243486,0.073,-0.0648948287404656));
#6748=CARTESIAN_POINT('',(-0.0439229882407194,0.073,-0.0656501895889784));
#6749=CARTESIAN_POINT('',(-0.0463135808162324,0.073,-0.0656501895889784));
#6750=CARTESIAN_POINT('',(-0.0402167396818077,0.073,-0.063027178290846));
#6751=CARTESIAN_POINT('',(-0.0402167396818077,0.07,-0.063027178290846));
#6752=CARTESIAN_POINT('',(-0.0407507493659211,0.073,-0.0637687046915839));
#6753=CARTESIAN_POINT('',(-0.0407507493659211,0.07,-0.0637687046915839));
#6754=CARTESIAN_POINT('',(-0.0415019598801014,0.073,-0.0643912548414571));
#6755=CARTESIAN_POINT('',(-0.0415019598801014,0.07,-0.0643912548414571));
#6756=CARTESIAN_POINT('',(-0.0424703712243486,0.073,-0.0648948287404656));
#6757=CARTESIAN_POINT('',(-0.0424703712243486,0.07,-0.0648948287404656));
#6758=CARTESIAN_POINT('',(-0.0402167396818077,0.073,-0.063027178290846));
#6759=CARTESIAN_POINT('',(-0.0402167396818077,0.073,-0.063027178290846));
#6760=CARTESIAN_POINT('',(-0.0402167396818077,0.073,-0.063027178290846));
#6761=CARTESIAN_POINT('',(-0.0410177542079778,0.073,-0.0641394678919528));
#6762=CARTESIAN_POINT('',(-0.0424703712243486,0.073,-0.0648948287404656));
#6763=CARTESIAN_POINT('',(-0.0391542540926908,0.073,-0.0606946903959878));
#6764=CARTESIAN_POINT('',(-0.0391542540926908,0.07,-0.0606946903959878));
#6765=CARTESIAN_POINT('',(-0.0393285681346553,0.073,-0.0615081559251555));
#6766=CARTESIAN_POINT('',(-0.0393285681346553,0.07,-0.0615081559251555));
#6767=CARTESIAN_POINT('',(-0.0396827299976942,0.073,-0.0622856518901082));
#6768=CARTESIAN_POINT('',(-0.0396827299976942,0.07,-0.0622856518901082));
#6769=CARTESIAN_POINT('',(-0.0402167396818077,0.073,-0.063027178290846));
#6770=CARTESIAN_POINT('',(-0.0402167396818077,0.07,-0.063027178290846));
#6771=CARTESIAN_POINT('',(-0.0391542540926908,0.073,-0.0606946903959878));
#6772=CARTESIAN_POINT('',(-0.0391542540926908,0.073,-0.0606946903959878));
#6773=CARTESIAN_POINT('',(-0.0391542540926908,0.073,-0.0606946903959878));
#6774=CARTESIAN_POINT('',(-0.0394157251556375,0.073,-0.0619148886897393));
#6775=CARTESIAN_POINT('',(-0.0402167396818077,0.073,-0.063027178290846));
#6776=CARTESIAN_POINT('',(-0.038892783029744,0.073,-0.0585365165430941));
#6777=CARTESIAN_POINT('',(-0.038892783029744,0.07,-0.0585365165430941));
#6778=CARTESIAN_POINT('',(-0.038892783029744,0.073,-0.0591618335825223));
#6779=CARTESIAN_POINT('',(-0.038892783029744,0.07,-0.0591618335825223));
#6780=CARTESIAN_POINT('',(-0.0389799400507263,0.073,-0.0598812248668202));
#6781=CARTESIAN_POINT('',(-0.0389799400507263,0.07,-0.0598812248668202));
#6782=CARTESIAN_POINT('',(-0.0391542540926908,0.073,-0.0606946903959878));
#6783=CARTESIAN_POINT('',(-0.0391542540926908,0.07,-0.0606946903959878));
#6784=CARTESIAN_POINT('',(-0.038892783029744,0.073,-0.0585365165430941));
#6785=CARTESIAN_POINT('',(-0.038892783029744,0.073,-0.0585365165430941));
#6786=CARTESIAN_POINT('',(-0.038892783029744,0.073,-0.0585365165430941));
#6787=CARTESIAN_POINT('',(-0.038892783029744,0.073,-0.0594744921022364));
#6788=CARTESIAN_POINT('',(-0.0391542540926908,0.073,-0.0606946903959878));
#6789=CARTESIAN_POINT('',(-0.0394655291676274,0.073,-0.054622751267558));
#6790=CARTESIAN_POINT('',(-0.0394655291676274,0.07,-0.054622751267558));
#6791=CARTESIAN_POINT('',(-0.0390836984090385,0.073,-0.0556769361880099));
#6792=CARTESIAN_POINT('',(-0.0390836984090385,0.07,-0.0556769361880099));
#6793=CARTESIAN_POINT('',(-0.038892783029744,0.073,-0.0569815246131886));
#6794=CARTESIAN_POINT('',(-0.038892783029744,0.07,-0.0569815246131886));
#6795=CARTESIAN_POINT('',(-0.038892783029744,0.073,-0.0585365165430941));
#6796=CARTESIAN_POINT('',(-0.038892783029744,0.07,-0.0585365165430941));
#6797=CARTESIAN_POINT('',(-0.0394655291676274,0.073,-0.054622751267558));
#6798=CARTESIAN_POINT('',(-0.0394655291676274,0.073,-0.054622751267558));
#6799=CARTESIAN_POINT('',(-0.0394655291676274,0.073,-0.054622751267558));
#6800=CARTESIAN_POINT('',(-0.038892783029744,0.073,-0.0562040286482359));
#6801=CARTESIAN_POINT('',(-0.038892783029744,0.073,-0.0585365165430941));
#6802=CARTESIAN_POINT('',(-0.0409721005303205,0.073,-0.0521574526740602));
#6803=CARTESIAN_POINT('',(-0.0409721005303205,0.07,-0.0521574526740602));
#6804=CARTESIAN_POINT('',(-0.0403495503804473,0.073,-0.0527468001492735));
#6805=CARTESIAN_POINT('',(-0.0403495503804473,0.07,-0.0527468001492735));
#6806=CARTESIAN_POINT('',(-0.0398473599262163,0.073,-0.0535685663471061));
#6807=CARTESIAN_POINT('',(-0.0398473599262163,0.07,-0.0535685663471061));
#6808=CARTESIAN_POINT('',(-0.0394655291676274,0.073,-0.054622751267558));
#6809=CARTESIAN_POINT('',(-0.0394655291676274,0.07,-0.054622751267558));
#6810=CARTESIAN_POINT('',(-0.0409721005303205,0.073,-0.0521574526740602));
#6811=CARTESIAN_POINT('',(-0.0409721005303205,0.073,-0.0521574526740602));
#6812=CARTESIAN_POINT('',(-0.0409721005303205,0.073,-0.0521574526740602));
#6813=CARTESIAN_POINT('',(-0.0400382753055107,0.073,-0.0530414738868802));
#6814=CARTESIAN_POINT('',(-0.0394655291676274,0.073,-0.054622751267558));
#6815=CARTESIAN_POINT('',(-0.0430472676965645,0.073,-0.050887450368319));
#6816=CARTESIAN_POINT('',(-0.0430472676965645,0.07,-0.050887450368319));
#6817=CARTESIAN_POINT('',(-0.0422863730689417,0.073,-0.0511447710969332));
#6818=CARTESIAN_POINT('',(-0.0422863730689417,0.07,-0.0511447710969332));
#6819=CARTESIAN_POINT('',(-0.0415946506801937,0.073,-0.0515681051988469));
#6820=CARTESIAN_POINT('',(-0.0415946506801937,0.07,-0.0515681051988469));
#6821=CARTESIAN_POINT('',(-0.0409721005303205,0.073,-0.0521574526740602));
#6822=CARTESIAN_POINT('',(-0.0409721005303205,0.07,-0.0521574526740602));
#6823=CARTESIAN_POINT('',(-0.0430472676965645,0.073,-0.050887450368319));
#6824=CARTESIAN_POINT('',(-0.0430472676965645,0.073,-0.050887450368319));
#6825=CARTESIAN_POINT('',(-0.0430472676965645,0.073,-0.050887450368319));
#6826=CARTESIAN_POINT('',(-0.0419059257551302,0.073,-0.0512734314612403));
#6827=CARTESIAN_POINT('',(-0.0409721005303205,0.073,-0.0521574526740602));
#6828=CARTESIAN_POINT('',(-0.0453258012451003,0.073,-0.0505014692753976));
#6829=CARTESIAN_POINT('',(-0.0453258012451003,0.07,-0.0505014692753976));
#6830=CARTESIAN_POINT('',(-0.0445676735070325,0.073,-0.0505014692753976));
#6831=CARTESIAN_POINT('',(-0.0445676735070325,0.07,-0.0505014692753976));
#6832=CARTESIAN_POINT('',(-0.0438081623241872,0.073,-0.0506301296397047));
#6833=CARTESIAN_POINT('',(-0.0438081623241872,0.07,-0.0506301296397047));
#6834=CARTESIAN_POINT('',(-0.0430472676965645,0.073,-0.050887450368319));
#6835=CARTESIAN_POINT('',(-0.0430472676965645,0.07,-0.050887450368319));
#6836=CARTESIAN_POINT('',(-0.0453258012451003,0.073,-0.0505014692753976));
#6837=CARTESIAN_POINT('',(-0.0453258012451003,0.073,-0.0505014692753976));
#6838=CARTESIAN_POINT('',(-0.0453258012451003,0.073,-0.0505014692753976));
#6839=CARTESIAN_POINT('',(-0.0441886096379986,0.073,-0.0505014692753976));
#6840=CARTESIAN_POINT('',(-0.0430472676965645,0.073,-0.050887450368319));
#6841=CARTESIAN_POINT('',(-0.0470896933364076,0.073,-0.0505014692753976));
#6842=CARTESIAN_POINT('',(-0.048853585427715,0.073,-0.0505014692753976));
#6843=CARTESIAN_POINT('',(-0.048853585427715,0.073,-0.0505014692753976));
#6844=CARTESIAN_POINT('',(-0.0470896933364076,0.073,-0.0505014692753976));
#6845=CARTESIAN_POINT('',(-0.048853585427715,0.073,-0.0482187853925292));
#6846=CARTESIAN_POINT('',(-0.048853585427715,0.073,-0.0459361015096609));
#6847=CARTESIAN_POINT('',(-0.048853585427715,0.073,-0.0459361015096609));
#6848=CARTESIAN_POINT('',(-0.048853585427715,0.073,-0.0482187853925292));
#6849=CARTESIAN_POINT('',(-0.0478253400968411,0.073,-0.0459361015096609));
#6850=CARTESIAN_POINT('',(-0.0459483513949735,0.073,-0.0459361015096609));
#6851=CARTESIAN_POINT('',(-0.0459483513949735,0.073,-0.0459361015096609));
#6852=CARTESIAN_POINT('',(-0.0478253400968411,0.073,-0.0459361015096609));
#6853=CARTESIAN_POINT('',(-0.0454046575974176,0.073,-0.0459610035156558));
#6854=CARTESIAN_POINT('',(-0.0454046575974176,0.07,-0.0459610035156558));
#6855=CARTESIAN_POINT('',(-0.0455236338482822,0.073,-0.0459444021783259));
#6856=CARTESIAN_POINT('',(-0.0455236338482822,0.07,-0.0459444021783259));
#6857=CARTESIAN_POINT('',(-0.0457048651141342,0.073,-0.0459361015096609));
#6858=CARTESIAN_POINT('',(-0.0457048651141342,0.07,-0.0459361015096609));
#6859=CARTESIAN_POINT('',(-0.0459483513949735,0.073,-0.0459361015096609));
#6860=CARTESIAN_POINT('',(-0.0459483513949735,0.07,-0.0459361015096609));
#6861=CARTESIAN_POINT('',(-0.0454046575974176,0.073,-0.0459610035156558));
#6862=CARTESIAN_POINT('',(-0.0454046575974176,0.073,-0.0459610035156558));
#6863=CARTESIAN_POINT('',(-0.0454046575974176,0.073,-0.0459610035156558));
#6864=CARTESIAN_POINT('',(-0.0455831219737145,0.073,-0.0459361015096609));
#6865=CARTESIAN_POINT('',(-0.0459483513949735,0.073,-0.0459361015096609));
#6866=CARTESIAN_POINT('',(-0.0450546144670561,0.073,-0.0435429387706677));
#6867=CARTESIAN_POINT('',(-0.0450685501952424,0.073,-0.0459860393465581));
#6868=CARTESIAN_POINT('',(-0.0450685501952424,0.073,-0.0459860393465581));
#6869=CARTESIAN_POINT('',(-0.0450546144670561,0.073,-0.0435429387706677));
#6870=CARTESIAN_POINT('',(-0.041461839981554,0.073,-0.0390589975207284));
#6871=CARTESIAN_POINT('',(-0.041461839981554,0.073,-0.0390589975207284));
#6872=CARTESIAN_POINT('',(1.38777878078145E-17,0.073,-0.0592897069046307));
#6873=CARTESIAN_POINT('',(-0.0198510491122896,0.073,-0.0703649693906846));
#6874=CARTESIAN_POINT('',(-0.0229637998616555,0.073,-0.0703649693906846));
#6875=CARTESIAN_POINT('',(-0.0229637998616555,0.073,-0.0703649693906846));
#6876=CARTESIAN_POINT('',(-0.0198510491122896,0.073,-0.0703649693906846));
#6877=CARTESIAN_POINT('',(-0.0167382983629237,0.073,-0.0703649693906846));
#6878=CARTESIAN_POINT('',(-0.0167382983629237,0.073,-0.0703649693906846));
#6879=CARTESIAN_POINT('',(-0.0229637998616555,0.073,-0.0512485294552454));
#6880=CARTESIAN_POINT('',(-0.0229637998616555,0.073,-0.0321320895198062));
#6881=CARTESIAN_POINT('',(-0.0229637998616555,0.073,-0.0321320895198062));
#6882=CARTESIAN_POINT('',(-0.0229637998616555,0.073,-0.0512485294552454));
#6883=CARTESIAN_POINT('',(-0.0198510491122896,0.073,-0.0321320895198062));
#6884=CARTESIAN_POINT('',(-0.0167382983629237,0.073,-0.0321320895198062));
#6885=CARTESIAN_POINT('',(-0.0167382983629237,0.073,-0.0321320895198062));
#6886=CARTESIAN_POINT('',(-0.0198510491122896,0.073,-0.0321320895198062));
#6887=CARTESIAN_POINT('',(-0.0167382983629237,0.073,-0.0512485294552454));
#6888=CARTESIAN_POINT('',(-0.0167382983629237,0.073,-0.0512485294552454));
#6889=CARTESIAN_POINT('',(1.38777878078145E-17,0.073,-0.0592897069046307));
#6890=CARTESIAN_POINT('',(-0.000319575743601551,0.073,-0.0321320895198062));
#6891=CARTESIAN_POINT('',(0.00297578971639384,0.073,-0.0321320895198062));
#6892=CARTESIAN_POINT('',(0.00297578971639384,0.073,-0.0321320895198062));
#6893=CARTESIAN_POINT('',(-0.000319575743601551,0.073,-0.0321320895198062));
#6894=CARTESIAN_POINT('',(-0.00361494120359694,0.073,-0.0321320895198062));
#6895=CARTESIAN_POINT('',(-0.00361494120359694,0.073,-0.0321320895198062));
#6896=CARTESIAN_POINT('',(-0.00138206133271845,0.073,-0.0396566456646067));
#6897=CARTESIAN_POINT('',(-0.00573991238183075,0.073,-0.0471812018094073));
#6898=CARTESIAN_POINT('',(-0.00573991238183075,0.073,-0.0471812018094073));
#6899=CARTESIAN_POINT('',(-0.00138206133271845,0.073,-0.0396566456646067));
#6900=CARTESIAN_POINT('',(-0.000556144800553368,0.073,-0.0514809481778647));
#6901=CARTESIAN_POINT('',(-0.000556144800553368,0.07,-0.0514809481778647));
#6902=CARTESIAN_POINT('',(-0.00183721466451463,0.073,-0.0495441254893704));
#6903=CARTESIAN_POINT('',(-0.00183721466451463,0.07,-0.0495441254893704));
#6904=CARTESIAN_POINT('',(-0.00356513719160709,0.073,-0.0481108766998846));
#6905=CARTESIAN_POINT('',(-0.00356513719160709,0.07,-0.0481108766998846));
#6906=CARTESIAN_POINT('',(-0.00573991238183075,0.073,-0.0471812018094073));
#6907=CARTESIAN_POINT('',(-0.00573991238183075,0.07,-0.0471812018094073));
#6908=CARTESIAN_POINT('',(-0.000556144800553368,0.073,-0.0514809481778647));
#6909=CARTESIAN_POINT('',(-0.000556144800553368,0.073,-0.0514809481778647));
#6910=CARTESIAN_POINT('',(-0.000556144800553368,0.073,-0.0514809481778647));
#6911=CARTESIAN_POINT('',(-0.00247774959649526,0.073,-0.0485757141451232));
#6912=CARTESIAN_POINT('',(-0.00573991238183075,0.073,-0.0471812018094073));
#6913=CARTESIAN_POINT('',(0.00136545999538853,0.073,-0.0585365165430941));
#6914=CARTESIAN_POINT('',(0.00136545999538853,0.07,-0.0585365165430941));
#6915=CARTESIAN_POINT('',(0.00136545999538853,0.073,-0.0557696269881022));
#6916=CARTESIAN_POINT('',(0.00136545999538853,0.07,-0.0557696269881022));
#6917=CARTESIAN_POINT('',(0.0007249250634079,0.073,-0.053417770866359));
#6918=CARTESIAN_POINT('',(0.0007249250634079,0.07,-0.053417770866359));
#6919=CARTESIAN_POINT('',(-0.000556144800553368,0.073,-0.0514809481778647));
#6920=CARTESIAN_POINT('',(-0.000556144800553368,0.07,-0.0514809481778647));
#6921=CARTESIAN_POINT('',(0.00136545999538853,0.073,-0.0585365165430941));
#6922=CARTESIAN_POINT('',(0.00136545999538853,0.073,-0.0585365165430941));
#6923=CARTESIAN_POINT('',(0.00136545999538853,0.073,-0.0585365165430941));
#6924=CARTESIAN_POINT('',(0.00136545999538853,0.073,-0.0543861822106062));
#6925=CARTESIAN_POINT('',(-0.000556144800553368,0.073,-0.0514809481778647));
#6926=CARTESIAN_POINT('',(0.00019921604795943,0.073,-0.0634961660704172));
#6927=CARTESIAN_POINT('',(0.00019921604795943,0.07,-0.0634961660704172));
#6928=CARTESIAN_POINT('',(0.000976712012912166,0.073,-0.0620269477167165));
#6929=CARTESIAN_POINT('',(0.000976712012912166,0.07,-0.0620269477167165));
#6930=CARTESIAN_POINT('',(0.00136545999538853,0.073,-0.0603737312076088));
#6931=CARTESIAN_POINT('',(0.00136545999538853,0.07,-0.0603737312076088));
#6932=CARTESIAN_POINT('',(0.00136545999538853,0.073,-0.0585365165430941));
#6933=CARTESIAN_POINT('',(0.00136545999538853,0.07,-0.0585365165430941));
#6934=CARTESIAN_POINT('',(0.00019921604795943,0.073,-0.0634961660704172));
#6935=CARTESIAN_POINT('',(0.00019921604795943,0.073,-0.0634961660704172));
#6936=CARTESIAN_POINT('',(0.00019921604795943,0.073,-0.0634961660704172));
#6937=CARTESIAN_POINT('',(0.00136545999538853,0.073,-0.0612923385398661));
#6938=CARTESIAN_POINT('',(0.00136545999538853,0.073,-0.0585365165430941));
#6939=CARTESIAN_POINT('',(-0.00286373068941663,0.073,-0.0672563689756512));
#6940=CARTESIAN_POINT('',(-0.00286373068941663,0.07,-0.0672563689756512));
#6941=CARTESIAN_POINT('',(-0.00159926216278532,0.073,-0.0662187853925292));
#6942=CARTESIAN_POINT('',(-0.00159926216278532,0.07,-0.0662187853925292));
#6943=CARTESIAN_POINT('',(-0.000578279916993297,0.073,-0.0649653844241179));
#6944=CARTESIAN_POINT('',(-0.000578279916993297,0.07,-0.0649653844241179));
#6945=CARTESIAN_POINT('',(0.00019921604795943,0.073,-0.0634961660704172));
#6946=CARTESIAN_POINT('',(0.00019921604795943,0.07,-0.0634961660704172));
#6947=CARTESIAN_POINT('',(-0.00286373068941663,0.073,-0.0672563689756512));
#6948=CARTESIAN_POINT('',(-0.00286373068941663,0.073,-0.0672563689756512));
#6949=CARTESIAN_POINT('',(-0.00286373068941663,0.073,-0.0672563689756512));
#6950=CARTESIAN_POINT('',(-0.000967027899469661,0.073,-0.0656999936009682));
#6951=CARTESIAN_POINT('',(0.00019921604795943,0.073,-0.0634961660704172));
#6952=CARTESIAN_POINT('',(-0.00714687572054414,0.073,-0.0695888568705094));
#6953=CARTESIAN_POINT('',(-0.00714687572054414,0.07,-0.0695888568705094));
#6954=CARTESIAN_POINT('',(-0.00555591422642378,0.073,-0.0690714485237259));
#6955=CARTESIAN_POINT('',(-0.00555591422642378,0.07,-0.0690714485237259));
#6956=CARTESIAN_POINT('',(-0.00412819921604794,0.073,-0.0682939525587732));
#6957=CARTESIAN_POINT('',(-0.00412819921604794,0.07,-0.0682939525587732));
#6958=CARTESIAN_POINT('',(-0.00286373068941663,0.073,-0.0672563689756512));
#6959=CARTESIAN_POINT('',(-0.00286373068941663,0.07,-0.0672563689756512));
#6960=CARTESIAN_POINT('',(-0.00714687572054414,0.073,-0.0695888568705094));
#6961=CARTESIAN_POINT('',(-0.00714687572054414,0.073,-0.0695888568705094));
#6962=CARTESIAN_POINT('',(-0.00714687572054414,0.073,-0.0695888568705094));
#6963=CARTESIAN_POINT('',(-0.0047604334793636,0.073,-0.0688127443503342));
#6964=CARTESIAN_POINT('',(-0.00286373068941663,0.073,-0.0672563689756512));
#6965=CARTESIAN_POINT('',(-0.0119654138805626,0.073,-0.0703649693906846));
#6966=CARTESIAN_POINT('',(-0.0119654138805626,0.07,-0.0703649693906846));
#6967=CARTESIAN_POINT('',(-0.0103440166013373,0.073,-0.0703649693906846));
#6968=CARTESIAN_POINT('',(-0.0103440166013373,0.07,-0.0703649693906846));
#6969=CARTESIAN_POINT('',(-0.00873783721466451,0.073,-0.0701062652172929));
#6970=CARTESIAN_POINT('',(-0.00873783721466451,0.07,-0.0701062652172929));
#6971=CARTESIAN_POINT('',(-0.00714687572054414,0.073,-0.0695888568705094));
#6972=CARTESIAN_POINT('',(-0.00714687572054414,0.07,-0.0695888568705094));
#6973=CARTESIAN_POINT('',(-0.0119654138805626,0.073,-0.0703649693906846));
#6974=CARTESIAN_POINT('',(-0.0119654138805626,0.073,-0.0703649693906846));
#6975=CARTESIAN_POINT('',(-0.0119654138805626,0.073,-0.0703649693906846));
#6976=CARTESIAN_POINT('',(-0.00953331796172469,0.073,-0.0703649693906846));
#6977=CARTESIAN_POINT('',(-0.00714687572054414,0.073,-0.0695888568705094));
#6978=CARTESIAN_POINT('',(-0.0132893705326262,0.073,-0.0703649693906846));
#6979=CARTESIAN_POINT('',(-0.0146133271846899,0.073,-0.0703649693906846));
#6980=CARTESIAN_POINT('',(-0.0146133271846899,0.073,-0.0703649693906846));
#6981=CARTESIAN_POINT('',(-0.0132893705326262,0.073,-0.0703649693906846));
#6982=CARTESIAN_POINT('',(-0.0146133271846899,0.073,-0.0680075794898315));
#6983=CARTESIAN_POINT('',(-0.0146133271846899,0.073,-0.0656501895889784));
#6984=CARTESIAN_POINT('',(-0.0146133271846899,0.073,-0.0656501895889784));
#6985=CARTESIAN_POINT('',(-0.0146133271846899,0.073,-0.0680075794898315));
#6986=CARTESIAN_POINT('',(-0.0133433248789486,0.073,-0.0656501895889784));
#6987=CARTESIAN_POINT('',(-0.0120733225732073,0.073,-0.0656501895889784));
#6988=CARTESIAN_POINT('',(-0.0120733225732073,0.073,-0.0656501895889784));
#6989=CARTESIAN_POINT('',(-0.0133433248789486,0.073,-0.0656501895889784));
#6990=CARTESIAN_POINT('',(-0.00823011298132348,0.073,-0.0648948287404656));
#6991=CARTESIAN_POINT('',(-0.00823011298132348,0.07,-0.0648948287404656));
#6992=CARTESIAN_POINT('',(-0.00919852432557066,0.073,-0.0653984026394741));
#6993=CARTESIAN_POINT('',(-0.00919852432557066,0.07,-0.0653984026394741));
#6994=CARTESIAN_POINT('',(-0.0104795941895319,0.073,-0.0656501895889784));
#6995=CARTESIAN_POINT('',(-0.0104795941895319,0.07,-0.0656501895889784));
#6996=CARTESIAN_POINT('',(-0.0120733225732073,0.073,-0.0656501895889784));
#6997=CARTESIAN_POINT('',(-0.0120733225732073,0.07,-0.0656501895889784));
#6998=CARTESIAN_POINT('',(-0.00823011298132348,0.073,-0.0648948287404656));
#6999=CARTESIAN_POINT('',(-0.00823011298132348,0.073,-0.0648948287404656));
#7000=CARTESIAN_POINT('',(-0.00823011298132348,0.073,-0.0648948287404656));
#7001=CARTESIAN_POINT('',(-0.00968272999769425,0.073,-0.0656501895889784));
#7002=CARTESIAN_POINT('',(-0.0120733225732073,0.073,-0.0656501895889784));
#7003=CARTESIAN_POINT('',(-0.00597648143878256,0.073,-0.063027178290846));
#7004=CARTESIAN_POINT('',(-0.00597648143878256,0.07,-0.063027178290846));
#7005=CARTESIAN_POINT('',(-0.006510491122896,0.073,-0.0637687046915839));
#7006=CARTESIAN_POINT('',(-0.006510491122896,0.07,-0.0637687046915839));
#7007=CARTESIAN_POINT('',(-0.00726170163707631,0.073,-0.0643912548414571));
#7008=CARTESIAN_POINT('',(-0.00726170163707631,0.07,-0.0643912548414571));
#7009=CARTESIAN_POINT('',(-0.00823011298132348,0.073,-0.0648948287404656));
#7010=CARTESIAN_POINT('',(-0.00823011298132348,0.07,-0.0648948287404656));
#7011=CARTESIAN_POINT('',(-0.00597648143878256,0.073,-0.063027178290846));
#7012=CARTESIAN_POINT('',(-0.00597648143878256,0.073,-0.063027178290846));
#7013=CARTESIAN_POINT('',(-0.00597648143878256,0.073,-0.063027178290846));
#7014=CARTESIAN_POINT('',(-0.00677749596495272,0.073,-0.0641394678919528));
#7015=CARTESIAN_POINT('',(-0.00823011298132348,0.073,-0.0648948287404656));
#7016=CARTESIAN_POINT('',(-0.00491399584966565,0.073,-0.0606946903959878));
#7017=CARTESIAN_POINT('',(-0.00491399584966565,0.07,-0.0606946903959878));
#7018=CARTESIAN_POINT('',(-0.00508830989163014,0.073,-0.0615081559251555));
#7019=CARTESIAN_POINT('',(-0.00508830989163014,0.07,-0.0615081559251555));
#7020=CARTESIAN_POINT('',(-0.00544247175466911,0.073,-0.0622856518901082));
#7021=CARTESIAN_POINT('',(-0.00544247175466911,0.07,-0.0622856518901082));
#7022=CARTESIAN_POINT('',(-0.00597648143878256,0.073,-0.063027178290846));
#7023=CARTESIAN_POINT('',(-0.00597648143878256,0.07,-0.063027178290846));
#7024=CARTESIAN_POINT('',(-0.00491399584966565,0.073,-0.0606946903959878));
#7025=CARTESIAN_POINT('',(-0.00491399584966565,0.073,-0.0606946903959878));
#7026=CARTESIAN_POINT('',(-0.00491399584966565,0.073,-0.0606946903959878));
#7027=CARTESIAN_POINT('',(-0.00517546691261239,0.073,-0.0619148886897393));
#7028=CARTESIAN_POINT('',(-0.00597648143878256,0.073,-0.063027178290846));
#7029=CARTESIAN_POINT('',(-0.00465252478671892,0.073,-0.0585365165430941));
#7030=CARTESIAN_POINT('',(-0.00465252478671892,0.07,-0.0585365165430941));
#7031=CARTESIAN_POINT('',(-0.00465252478671892,0.073,-0.0591618335825223));
#7032=CARTESIAN_POINT('',(-0.00465252478671892,0.07,-0.0591618335825223));
#7033=CARTESIAN_POINT('',(-0.00473968180770116,0.073,-0.0598812248668202));
#7034=CARTESIAN_POINT('',(-0.00473968180770116,0.07,-0.0598812248668202));
#7035=CARTESIAN_POINT('',(-0.00491399584966565,0.073,-0.0606946903959878));
#7036=CARTESIAN_POINT('',(-0.00491399584966565,0.07,-0.0606946903959878));
#7037=CARTESIAN_POINT('',(-0.00465252478671892,0.073,-0.0585365165430941));
#7038=CARTESIAN_POINT('',(-0.00465252478671892,0.073,-0.0585365165430941));
#7039=CARTESIAN_POINT('',(-0.00465252478671892,0.073,-0.0585365165430941));
#7040=CARTESIAN_POINT('',(-0.00465252478671892,0.073,-0.0594744921022364));
#7041=CARTESIAN_POINT('',(-0.00491399584966565,0.073,-0.0606946903959878));
#7042=CARTESIAN_POINT('',(-0.00522527092460225,0.073,-0.054622751267558));
#7043=CARTESIAN_POINT('',(-0.00522527092460225,0.07,-0.054622751267558));
#7044=CARTESIAN_POINT('',(-0.00484344016601336,0.073,-0.0556769361880099));
#7045=CARTESIAN_POINT('',(-0.00484344016601336,0.07,-0.0556769361880099));
#7046=CARTESIAN_POINT('',(-0.00465252478671892,0.073,-0.0569815246131886));
#7047=CARTESIAN_POINT('',(-0.00465252478671892,0.07,-0.0569815246131886));
#7048=CARTESIAN_POINT('',(-0.00465252478671892,0.073,-0.0585365165430941));
#7049=CARTESIAN_POINT('',(-0.00465252478671892,0.07,-0.0585365165430941));
#7050=CARTESIAN_POINT('',(-0.00522527092460225,0.073,-0.054622751267558));
#7051=CARTESIAN_POINT('',(-0.00522527092460225,0.073,-0.054622751267558));
#7052=CARTESIAN_POINT('',(-0.00522527092460225,0.073,-0.054622751267558));
#7053=CARTESIAN_POINT('',(-0.00465252478671892,0.073,-0.0562040286482359));
#7054=CARTESIAN_POINT('',(-0.00465252478671892,0.073,-0.0585365165430941));
#7055=CARTESIAN_POINT('',(-0.00673184228729536,0.073,-0.0521574526740602));
#7056=CARTESIAN_POINT('',(-0.00673184228729536,0.07,-0.0521574526740602));
#7057=CARTESIAN_POINT('',(-0.00610929213742217,0.073,-0.0527468001492735));
#7058=CARTESIAN_POINT('',(-0.00610929213742217,0.07,-0.0527468001492735));
#7059=CARTESIAN_POINT('',(-0.00560710168319114,0.073,-0.0535685663471061));
#7060=CARTESIAN_POINT('',(-0.00560710168319114,0.07,-0.0535685663471061));
#7061=CARTESIAN_POINT('',(-0.00522527092460225,0.073,-0.054622751267558));
#7062=CARTESIAN_POINT('',(-0.00522527092460225,0.07,-0.054622751267558));
#7063=CARTESIAN_POINT('',(-0.00673184228729536,0.073,-0.0521574526740602));
#7064=CARTESIAN_POINT('',(-0.00673184228729536,0.073,-0.0521574526740602));
#7065=CARTESIAN_POINT('',(-0.00673184228729536,0.073,-0.0521574526740602));
#7066=CARTESIAN_POINT('',(-0.00579801706248558,0.073,-0.0530414738868802));
#7067=CARTESIAN_POINT('',(-0.00522527092460225,0.073,-0.054622751267558));
#7068=CARTESIAN_POINT('',(-0.00880700945353929,0.073,-0.050887450368319));
#7069=CARTESIAN_POINT('',(-0.00880700945353929,0.07,-0.050887450368319));
#7070=CARTESIAN_POINT('',(-0.00804611482591651,0.073,-0.0511447710969332));
#7071=CARTESIAN_POINT('',(-0.00804611482591651,0.07,-0.0511447710969332));
#7072=CARTESIAN_POINT('',(-0.00735439243716853,0.073,-0.0515681051988469));
#7073=CARTESIAN_POINT('',(-0.00735439243716853,0.07,-0.0515681051988469));
#7074=CARTESIAN_POINT('',(-0.00673184228729536,0.073,-0.0521574526740602));
#7075=CARTESIAN_POINT('',(-0.00673184228729536,0.07,-0.0521574526740602));
#7076=CARTESIAN_POINT('',(-0.00880700945353929,0.073,-0.050887450368319));
#7077=CARTESIAN_POINT('',(-0.00880700945353929,0.073,-0.050887450368319));
#7078=CARTESIAN_POINT('',(-0.00880700945353929,0.073,-0.050887450368319));
#7079=CARTESIAN_POINT('',(-0.00766566751210512,0.073,-0.0512734314612403));
#7080=CARTESIAN_POINT('',(-0.00673184228729536,0.073,-0.0521574526740602));
#7081=CARTESIAN_POINT('',(-0.0110855430020751,0.073,-0.0505014692753976));
#7082=CARTESIAN_POINT('',(-0.0110855430020751,0.07,-0.0505014692753976));
#7083=CARTESIAN_POINT('',(-0.0103274152640074,0.073,-0.0505014692753976));
#7084=CARTESIAN_POINT('',(-0.0103274152640074,0.07,-0.0505014692753976));
#7085=CARTESIAN_POINT('',(-0.00956790408116207,0.073,-0.0506301296397047));
#7086=CARTESIAN_POINT('',(-0.00956790408116207,0.07,-0.0506301296397047));
#7087=CARTESIAN_POINT('',(-0.00880700945353929,0.073,-0.050887450368319));
#7088=CARTESIAN_POINT('',(-0.00880700945353929,0.07,-0.050887450368319));
#7089=CARTESIAN_POINT('',(-0.0110855430020751,0.073,-0.0505014692753976));
#7090=CARTESIAN_POINT('',(-0.0110855430020751,0.073,-0.0505014692753976));
#7091=CARTESIAN_POINT('',(-0.0110855430020751,0.073,-0.0505014692753976));
#7092=CARTESIAN_POINT('',(-0.00994835139497346,0.073,-0.0505014692753976));
#7093=CARTESIAN_POINT('',(-0.00880700945353929,0.073,-0.050887450368319));
#7094=CARTESIAN_POINT('',(-0.0128494350933825,0.073,-0.0505014692753976));
#7095=CARTESIAN_POINT('',(-0.0146133271846899,0.073,-0.0505014692753976));
#7096=CARTESIAN_POINT('',(-0.0146133271846899,0.073,-0.0505014692753976));
#7097=CARTESIAN_POINT('',(-0.0128494350933825,0.073,-0.0505014692753976));
#7098=CARTESIAN_POINT('',(-0.0146133271846899,0.073,-0.0482187853925292));
#7099=CARTESIAN_POINT('',(-0.0146133271846899,0.073,-0.0459361015096609));
#7100=CARTESIAN_POINT('',(-0.0146133271846899,0.073,-0.0459361015096609));
#7101=CARTESIAN_POINT('',(-0.0146133271846899,0.073,-0.0482187853925292));
#7102=CARTESIAN_POINT('',(-0.013585081853816,0.073,-0.0459361015096609));
#7103=CARTESIAN_POINT('',(-0.0117080931519483,0.073,-0.0459361015096609));
#7104=CARTESIAN_POINT('',(-0.0117080931519483,0.073,-0.0459361015096609));
#7105=CARTESIAN_POINT('',(-0.013585081853816,0.073,-0.0459361015096609));
#7106=CARTESIAN_POINT('',(-0.0111643993543924,0.073,-0.0459610035156558));
#7107=CARTESIAN_POINT('',(-0.0111643993543924,0.07,-0.0459610035156558));
#7108=CARTESIAN_POINT('',(-0.0112833756052571,0.073,-0.0459444021783259));
#7109=CARTESIAN_POINT('',(-0.0112833756052571,0.07,-0.0459444021783259));
#7110=CARTESIAN_POINT('',(-0.011464606871109,0.073,-0.0459361015096609));
#7111=CARTESIAN_POINT('',(-0.011464606871109,0.07,-0.0459361015096609));
#7112=CARTESIAN_POINT('',(-0.0117080931519483,0.073,-0.0459361015096609));
#7113=CARTESIAN_POINT('',(-0.0117080931519483,0.07,-0.0459361015096609));
#7114=CARTESIAN_POINT('',(-0.0111643993543924,0.073,-0.0459610035156558));
#7115=CARTESIAN_POINT('',(-0.0111643993543924,0.073,-0.0459610035156558));
#7116=CARTESIAN_POINT('',(-0.0111643993543924,0.073,-0.0459610035156558));
#7117=CARTESIAN_POINT('',(-0.0113428637306894,0.073,-0.0459361015096609));
#7118=CARTESIAN_POINT('',(-0.0117080931519483,0.073,-0.0459361015096609));
#7119=CARTESIAN_POINT('',(-0.0108143562240309,0.073,-0.0435429387706686));
#7120=CARTESIAN_POINT('',(-0.0108282919522173,0.073,-0.0459860393465581));
#7121=CARTESIAN_POINT('',(-0.0108282919522173,0.073,-0.0459860393465581));
#7122=CARTESIAN_POINT('',(-0.0108143562240309,0.073,-0.0435429387706686));
#7123=CARTESIAN_POINT('',(-0.00722158173852892,0.073,-0.0390589975207284));
#7124=CARTESIAN_POINT('',(-0.00722158173852892,0.073,-0.0390589975207284));
#7125=CARTESIAN_POINT('',(1.38777878078145E-17,0.073,-0.0592897069046307));
#7126=CARTESIAN_POINT('',(0.0275623703020521,0.073,-0.0473098621737144));
#7127=CARTESIAN_POINT('',(0.0275623703020521,0.073,-0.0499287231375142));
#7128=CARTESIAN_POINT('',(0.0275623703020521,0.073,-0.0499287231375142));
#7129=CARTESIAN_POINT('',(0.0275623703020521,0.073,-0.0473098621737144));
#7130=CARTESIAN_POINT('',(0.0275623703020521,0.073,-0.0446910012099145));
#7131=CARTESIAN_POINT('',(0.0275623703020521,0.073,-0.0446910012099145));
#7132=CARTESIAN_POINT('',(0.0193156559833987,0.073,-0.0499287231375142));
#7133=CARTESIAN_POINT('',(0.0110689416647452,0.073,-0.0499287231375142));
#7134=CARTESIAN_POINT('',(0.0110689416647452,0.073,-0.0499287231375142));
#7135=CARTESIAN_POINT('',(0.0193156559833987,0.073,-0.0499287231375142));
#7136=CARTESIAN_POINT('',(0.0110689416647452,0.073,-0.0473098621737144));
#7137=CARTESIAN_POINT('',(0.0110689416647452,0.073,-0.0446910012099145));
#7138=CARTESIAN_POINT('',(0.0110689416647452,0.073,-0.0446910012099145));
#7139=CARTESIAN_POINT('',(0.0110689416647452,0.073,-0.0473098621737144));
#7140=CARTESIAN_POINT('',(0.0193156559833987,0.073,-0.0446910012099145));
#7141=CARTESIAN_POINT('',(0.0193156559833987,0.073,-0.0446910012099145));
#7142=CARTESIAN_POINT('',(1.38777878078145E-17,0.073,-0.0592897069046307));
#7143=CARTESIAN_POINT('',(0.0505967258473599,0.073,-0.0658577063056028));
#7144=CARTESIAN_POINT('',(0.0505967258473599,0.07,-0.0658577063056028));
#7145=CARTESIAN_POINT('',(0.0493184228729536,0.073,-0.0658577063056028));
#7146=CARTESIAN_POINT('',(0.0493184228729536,0.07,-0.0658577063056028));
#7147=CARTESIAN_POINT('',(0.0481604795941895,0.073,-0.065615603469541));
#7148=CARTESIAN_POINT('',(0.0481604795941895,0.07,-0.065615603469541));
#7149=CARTESIAN_POINT('',(0.0471228960110676,0.073,-0.0651313977974174));
#7150=CARTESIAN_POINT('',(0.0471228960110676,0.07,-0.0651313977974174));
#7151=CARTESIAN_POINT('',(0.0505967258473599,0.073,-0.0658577063056028));
#7152=CARTESIAN_POINT('',(0.0505967258473599,0.073,-0.0658577063056028));
#7153=CARTESIAN_POINT('',(0.0505967258473599,0.073,-0.0658577063056028));
#7154=CARTESIAN_POINT('',(0.0486792713857505,0.073,-0.0658577063056028));
#7155=CARTESIAN_POINT('',(0.0471228960110676,0.073,-0.0651313977974174));
#7156=CARTESIAN_POINT('',(0.0471228960110676,0.073,-0.0651313977974174));
#7157=CARTESIAN_POINT('',(0.0471228960110676,0.073,-0.0651313977974174));
#7158=CARTESIAN_POINT('',(0.0544316347705788,0.073,-0.064762018041826));
#7159=CARTESIAN_POINT('',(0.0544316347705788,0.07,-0.064762018041826));
#7160=CARTESIAN_POINT('',(0.0532916762739221,0.073,-0.0654924768843439));
#7161=CARTESIAN_POINT('',(0.0532916762739221,0.07,-0.0654924768843439));
#7162=CARTESIAN_POINT('',(0.0520133732995158,0.073,-0.0658577063056028));
#7163=CARTESIAN_POINT('',(0.0520133732995158,0.07,-0.0658577063056028));
#7164=CARTESIAN_POINT('',(0.0505967258473599,0.073,-0.0658577063056028));
#7165=CARTESIAN_POINT('',(0.0505967258473599,0.07,-0.0658577063056028));
#7166=CARTESIAN_POINT('',(0.0544316347705788,0.073,-0.064762018041826));
#7167=CARTESIAN_POINT('',(0.0544316347705788,0.073,-0.064762018041826));
#7168=CARTESIAN_POINT('',(0.0544316347705788,0.073,-0.064762018041826));
#7169=CARTESIAN_POINT('',(0.0527216970255938,0.073,-0.0658577063056028));
#7170=CARTESIAN_POINT('',(0.0505967258473599,0.073,-0.0658577063056028));
#7171=CARTESIAN_POINT('',(0.0555729767120129,0.073,-0.0672024146293289));
#7172=CARTESIAN_POINT('',(0.0567143186534471,0.073,-0.0696428112168318));
#7173=CARTESIAN_POINT('',(0.0567143186534471,0.073,-0.0696428112168318));
#7174=CARTESIAN_POINT('',(0.0555729767120129,0.073,-0.0672024146293289));
#7175=CARTESIAN_POINT('',(0.0504390131427254,0.073,-0.0709875195405578));
#7176=CARTESIAN_POINT('',(0.0504390131427254,0.07,-0.0709875195405578));
#7177=CARTESIAN_POINT('',(0.0528240719391285,0.073,-0.0709875195405578));
#7178=CARTESIAN_POINT('',(0.0528240719391285,0.07,-0.0709875195405578));
#7179=CARTESIAN_POINT('',(0.0549158404427024,0.073,-0.0705392834326491));
#7180=CARTESIAN_POINT('',(0.0549158404427024,0.07,-0.0705392834326491));
#7181=CARTESIAN_POINT('',(0.0567143186534471,0.073,-0.0696428112168318));
#7182=CARTESIAN_POINT('',(0.0567143186534471,0.07,-0.0696428112168318));
#7183=CARTESIAN_POINT('',(0.0504390131427254,0.073,-0.0709875195405578));
#7184=CARTESIAN_POINT('',(0.0504390131427254,0.073,-0.0709875195405578));
#7185=CARTESIAN_POINT('',(0.0504390131427254,0.073,-0.0709875195405578));
#7186=CARTESIAN_POINT('',(0.05401660133733,0.073,-0.0709875195405578));
#7187=CARTESIAN_POINT('',(0.0567143186534471,0.073,-0.0696428112168318));
#7188=CARTESIAN_POINT('',(0.0443463223426332,0.073,-0.0697175172348165));
#7189=CARTESIAN_POINT('',(0.0443463223426332,0.07,-0.0697175172348165));
#7190=CARTESIAN_POINT('',(0.0461614018907079,0.073,-0.070564185438644));
#7191=CARTESIAN_POINT('',(0.0461614018907079,0.07,-0.070564185438644));
#7192=CARTESIAN_POINT('',(0.0481922988240719,0.073,-0.0709875195405578));
#7193=CARTESIAN_POINT('',(0.0481922988240719,0.07,-0.0709875195405578));
#7194=CARTESIAN_POINT('',(0.0504390131427254,0.073,-0.0709875195405578));
#7195=CARTESIAN_POINT('',(0.0504390131427254,0.07,-0.0709875195405578));
#7196=CARTESIAN_POINT('',(0.0443463223426332,0.073,-0.0697175172348165));
#7197=CARTESIAN_POINT('',(0.0443463223426332,0.073,-0.0697175172348165));
#7198=CARTESIAN_POINT('',(0.0443463223426332,0.073,-0.0697175172348165));
#7199=CARTESIAN_POINT('',(0.0470689416647452,0.073,-0.0709875195405578));
#7200=CARTESIAN_POINT('',(0.0504390131427254,0.073,-0.0709875195405578));
#7201=CARTESIAN_POINT('',(0.0397270002305741,0.073,-0.0660112686759048));
#7202=CARTESIAN_POINT('',(0.0397270002305741,0.07,-0.0660112686759048));
#7203=CARTESIAN_POINT('',(0.0409914687572054,0.073,-0.0676354328446851));
#7204=CARTESIAN_POINT('',(0.0409914687572054,0.07,-0.0676354328446851));
#7205=CARTESIAN_POINT('',(0.0425312427945585,0.073,-0.068870849030989));
#7206=CARTESIAN_POINT('',(0.0425312427945585,0.07,-0.068870849030989));
#7207=CARTESIAN_POINT('',(0.0443463223426332,0.073,-0.0697175172348165));
#7208=CARTESIAN_POINT('',(0.0443463223426332,0.07,-0.0697175172348165));
#7209=CARTESIAN_POINT('',(0.0397270002305741,0.073,-0.0660112686759048));
#7210=CARTESIAN_POINT('',(0.0397270002305741,0.073,-0.0660112686759048));
#7211=CARTESIAN_POINT('',(0.0397270002305741,0.073,-0.0660112686759048));
#7212=CARTESIAN_POINT('',(0.0416237030205211,0.073,-0.0684475149290752));
#7213=CARTESIAN_POINT('',(0.0443463223426332,0.073,-0.0697175172348165));
#7214=CARTESIAN_POINT('',(0.0368217661978326,0.073,-0.0599144275414801));
#7215=CARTESIAN_POINT('',(0.0368217661978326,0.07,-0.0599144275414801));
#7216=CARTESIAN_POINT('',(0.0374941203596956,0.073,-0.062354824128983));
#7217=CARTESIAN_POINT('',(0.0374941203596956,0.07,-0.062354824128983));
#7218=CARTESIAN_POINT('',(0.0384625317039428,0.073,-0.0643871045071245));
#7219=CARTESIAN_POINT('',(0.0384625317039428,0.07,-0.0643871045071245));
#7220=CARTESIAN_POINT('',(0.0397270002305741,0.073,-0.0660112686759048));
#7221=CARTESIAN_POINT('',(0.0397270002305741,0.07,-0.0660112686759048));
#7222=CARTESIAN_POINT('',(0.0368217661978326,0.073,-0.0599144275414801));
#7223=CARTESIAN_POINT('',(0.0368217661978326,0.073,-0.0599144275414801));
#7224=CARTESIAN_POINT('',(0.0368217661978326,0.073,-0.0599144275414801));
#7225=CARTESIAN_POINT('',(0.0378302974406271,0.073,-0.0635750224227344));
#7226=CARTESIAN_POINT('',(0.0397270002305741,0.073,-0.0660112686759048));
#7227=CARTESIAN_POINT('',(0.035813234955038,0.073,-0.0514311441658749));
#7228=CARTESIAN_POINT('',(0.035813234955038,0.07,-0.0514311441658749));
#7229=CARTESIAN_POINT('',(0.035813234955038,0.073,-0.0546462698287755));
#7230=CARTESIAN_POINT('',(0.035813234955038,0.07,-0.0546462698287755));
#7231=CARTESIAN_POINT('',(0.0361494120359696,0.073,-0.0574740309539772));
#7232=CARTESIAN_POINT('',(0.0361494120359696,0.07,-0.0574740309539772));
#7233=CARTESIAN_POINT('',(0.0368217661978326,0.073,-0.0599144275414801));
#7234=CARTESIAN_POINT('',(0.0368217661978326,0.07,-0.0599144275414801));
#7235=CARTESIAN_POINT('',(0.035813234955038,0.073,-0.0514311441658749));
#7236=CARTESIAN_POINT('',(0.035813234955038,0.073,-0.0514311441658749));
#7237=CARTESIAN_POINT('',(0.035813234955038,0.073,-0.0514311441658749));
#7238=CARTESIAN_POINT('',(0.035813234955038,0.073,-0.0562538326602258));
#7239=CARTESIAN_POINT('',(0.0368217661978326,0.073,-0.0599144275414801));
#7240=CARTESIAN_POINT('',(0.0371081392667743,0.073,-0.0419642315534699));
#7241=CARTESIAN_POINT('',(0.0371081392667743,0.07,-0.0419642315534699));
#7242=CARTESIAN_POINT('',(0.0362448697256168,0.073,-0.0445734084038274));
#7243=CARTESIAN_POINT('',(0.0362448697256168,0.07,-0.0445734084038274));
#7244=CARTESIAN_POINT('',(0.035813234955038,0.073,-0.0477290459412957));
#7245=CARTESIAN_POINT('',(0.035813234955038,0.07,-0.0477290459412957));
#7246=CARTESIAN_POINT('',(0.035813234955038,0.073,-0.0514311441658749));
#7247=CARTESIAN_POINT('',(0.035813234955038,0.07,-0.0514311441658749));
#7248=CARTESIAN_POINT('',(0.0371081392667743,0.073,-0.0419642315534699));
#7249=CARTESIAN_POINT('',(0.0371081392667743,0.073,-0.0419642315534699));
#7250=CARTESIAN_POINT('',(0.0371081392667743,0.073,-0.0419642315534699));
#7251=CARTESIAN_POINT('',(0.035813234955038,0.073,-0.0458779968290061));
#7252=CARTESIAN_POINT('',(0.035813234955038,0.073,-0.0514311441658749));
#7253=CARTESIAN_POINT('',(0.0407936361540236,0.073,-0.035610069690431));
#7254=CARTESIAN_POINT('',(0.0407936361540236,0.07,-0.035610069690431));
#7255=CARTESIAN_POINT('',(0.0391999077703482,0.073,-0.0372370007487663));
#7256=CARTESIAN_POINT('',(0.0391999077703482,0.07,-0.0372370007487663));
#7257=CARTESIAN_POINT('',(0.0379714088079317,0.073,-0.0393550547031126));
#7258=CARTESIAN_POINT('',(0.0379714088079317,0.07,-0.0393550547031126));
#7259=CARTESIAN_POINT('',(0.0371081392667743,0.073,-0.0419642315534699));
#7260=CARTESIAN_POINT('',(0.0371081392667743,0.07,-0.0419642315534699));
#7261=CARTESIAN_POINT('',(0.0407936361540236,0.073,-0.035610069690431));
#7262=CARTESIAN_POINT('',(0.0407936361540236,0.073,-0.035610069690431));
#7263=CARTESIAN_POINT('',(0.0407936361540236,0.073,-0.035610069690431));
#7264=CARTESIAN_POINT('',(0.0384030435785105,0.073,-0.0380504662779339));
#7265=CARTESIAN_POINT('',(0.0371081392667743,0.073,-0.0419642315534699));
#7266=CARTESIAN_POINT('',(0.0422172008300669,0.073,-0.0386439640874797));
#7267=CARTESIAN_POINT('',(0.0436407655061102,0.073,-0.0416778584845283));
#7268=CARTESIAN_POINT('',(0.0436407655061102,0.073,-0.0416778584845283));
#7269=CARTESIAN_POINT('',(0.0422172008300669,0.073,-0.0386439640874797));
#7270=CARTESIAN_POINT('',(0.0425533779109984,0.073,-0.0458281928170162));
#7271=CARTESIAN_POINT('',(0.0425533779109984,0.07,-0.0458281928170162));
#7272=CARTESIAN_POINT('',(0.0427968641918377,0.073,-0.0442012617586809));
#7273=CARTESIAN_POINT('',(0.0427968641918377,0.07,-0.0442012617586809));
#7274=CARTESIAN_POINT('',(0.0431593267235416,0.073,-0.042817816981185));
#7275=CARTESIAN_POINT('',(0.0431593267235416,0.07,-0.042817816981185));
#7276=CARTESIAN_POINT('',(0.0436407655061102,0.073,-0.0416778584845283));
#7277=CARTESIAN_POINT('',(0.0436407655061102,0.07,-0.0416778584845283));
#7278=CARTESIAN_POINT('',(0.0425533779109984,0.073,-0.0458281928170162));
#7279=CARTESIAN_POINT('',(0.0425533779109984,0.073,-0.0458281928170162));
#7280=CARTESIAN_POINT('',(0.0425533779109984,0.073,-0.0458281928170162));
#7281=CARTESIAN_POINT('',(0.0429186073322574,0.073,-0.0433877962295133));
#7282=CARTESIAN_POINT('',(0.0436407655061102,0.073,-0.0416778584845283));
#7283=CARTESIAN_POINT('',(0.0421383444777496,0.073,-0.0514311441658749));
#7284=CARTESIAN_POINT('',(0.0421383444777496,0.07,-0.0514311441658749));
#7285=CARTESIAN_POINT('',(0.0421715471524095,0.073,-0.049322774324971));
#7286=CARTESIAN_POINT('',(0.0421715471524095,0.07,-0.049322774324971));
#7287=CARTESIAN_POINT('',(0.0423098916301591,0.073,-0.0474551238753515));
#7288=CARTESIAN_POINT('',(0.0423098916301591,0.07,-0.0474551238753515));
#7289=CARTESIAN_POINT('',(0.0425533779109984,0.073,-0.0458281928170162));
#7290=CARTESIAN_POINT('',(0.0425533779109984,0.07,-0.0458281928170162));
#7291=CARTESIAN_POINT('',(0.0421383444777496,0.073,-0.0514311441658749));
#7292=CARTESIAN_POINT('',(0.0421383444777496,0.073,-0.0514311441658749));
#7293=CARTESIAN_POINT('',(0.0421383444777496,0.073,-0.0514311441658749));
#7294=CARTESIAN_POINT('',(0.0421881484897395,0.073,-0.0482685894045191));
#7295=CARTESIAN_POINT('',(0.0425533779109984,0.073,-0.0458281928170162));
#7296=CARTESIAN_POINT('',(0.0427857966336177,0.073,-0.0581754374561677));
#7297=CARTESIAN_POINT('',(0.0427857966336177,0.07,-0.0581754374561677));
#7298=CARTESIAN_POINT('',(0.0423873645376989,0.073,-0.056340989681208));
#7299=CARTESIAN_POINT('',(0.0423873645376989,0.07,-0.056340989681208));
#7300=CARTESIAN_POINT('',(0.0421715471524095,0.073,-0.0540928919177771));
#7301=CARTESIAN_POINT('',(0.0421715471524095,0.07,-0.0540928919177771));
#7302=CARTESIAN_POINT('',(0.0421383444777496,0.073,-0.0514311441658749));
#7303=CARTESIAN_POINT('',(0.0421383444777496,0.07,-0.0514311441658749));
#7304=CARTESIAN_POINT('',(0.0427857966336177,0.073,-0.0581754374561677));
#7305=CARTESIAN_POINT('',(0.0427857966336177,0.073,-0.0581754374561677));
#7306=CARTESIAN_POINT('',(0.0427857966336177,0.073,-0.0581754374561677));
#7307=CARTESIAN_POINT('',(0.0421881484897395,0.073,-0.0554237657937282));
#7308=CARTESIAN_POINT('',(0.0421383444777496,0.073,-0.0514311441658749));
#7309=CARTESIAN_POINT('',(0.0444749827069403,0.073,-0.0626660992039196));
#7310=CARTESIAN_POINT('',(0.0444749827069403,0.07,-0.0626660992039196));
#7311=CARTESIAN_POINT('',(0.0437472907539774,0.073,-0.061506772480378));
#7312=CARTESIAN_POINT('',(0.0437472907539774,0.07,-0.061506772480378));
#7313=CARTESIAN_POINT('',(0.0431842287295365,0.073,-0.0600098852311274));
#7314=CARTESIAN_POINT('',(0.0431842287295365,0.07,-0.0600098852311274));
#7315=CARTESIAN_POINT('',(0.0427857966336177,0.073,-0.0581754374561677));
#7316=CARTESIAN_POINT('',(0.0427857966336177,0.07,-0.0581754374561677));
#7317=CARTESIAN_POINT('',(0.0444749827069403,0.073,-0.0626660992039196));
#7318=CARTESIAN_POINT('',(0.0444749827069403,0.073,-0.0626660992039196));
#7319=CARTESIAN_POINT('',(0.0444749827069403,0.073,-0.0626660992039196));
#7320=CARTESIAN_POINT('',(0.0433834447774959,0.073,-0.0609271091186072));
#7321=CARTESIAN_POINT('',(0.0427857966336177,0.073,-0.0581754374561677));
#7322=CARTESIAN_POINT('',(0.0471228960110676,0.073,-0.0651313977974174));
#7323=CARTESIAN_POINT('',(0.0471228960110676,0.07,-0.0651313977974174));
#7324=CARTESIAN_POINT('',(0.0460853124279456,0.073,-0.0646471921252938));
#7325=CARTESIAN_POINT('',(0.0460853124279456,0.07,-0.0646471921252938));
#7326=CARTESIAN_POINT('',(0.0452026746599032,0.073,-0.0638254259274612));
#7327=CARTESIAN_POINT('',(0.0452026746599032,0.07,-0.0638254259274612));
#7328=CARTESIAN_POINT('',(0.0444749827069403,0.073,-0.0626660992039196));
#7329=CARTESIAN_POINT('',(0.0444749827069403,0.07,-0.0626660992039196));
#7330=CARTESIAN_POINT('',(0.0471228960110676,0.073,-0.0651313977974174));
#7331=CARTESIAN_POINT('',(0.0455665206363846,0.073,-0.064405089289232));
#7332=CARTESIAN_POINT('',(0.0444749827069403,0.073,-0.0626660992039196));
#7333=CARTESIAN_POINT('',(1.38777878078145E-17,0.073,-0.0592897069046307));
#7334=CARTESIAN_POINT('',(0.0599349780954577,0.073,-0.0674099313459532));
#7335=CARTESIAN_POINT('',(0.0599349780954577,0.07,-0.0674099313459532));
#7336=CARTESIAN_POINT('',(0.0616283145031128,0.073,-0.0658217367413879));
#7337=CARTESIAN_POINT('',(0.0616283145031128,0.07,-0.0658217367413879));
#7338=CARTESIAN_POINT('',(0.0629163015909615,0.073,-0.0636953821183766));
#7339=CARTESIAN_POINT('',(0.0629163015909615,0.07,-0.0636953821183766));
#7340=CARTESIAN_POINT('',(0.0637989393590039,0.073,-0.0610308674769194));
#7341=CARTESIAN_POINT('',(0.0637989393590039,0.07,-0.0610308674769194));
#7342=CARTESIAN_POINT('',(0.0599349780954577,0.073,-0.0674099313459532));
#7343=CARTESIAN_POINT('',(0.0599349780954577,0.073,-0.0674099313459532));
#7344=CARTESIAN_POINT('',(0.0599349780954577,0.073,-0.0674099313459532));
#7345=CARTESIAN_POINT('',(0.0624749827069403,0.073,-0.0650276394391052));
#7346=CARTESIAN_POINT('',(0.0637989393590039,0.073,-0.0610308674769194));
#7347=CARTESIAN_POINT('',(0.0637989393590039,0.073,-0.0610308674769194));
#7348=CARTESIAN_POINT('',(0.0637989393590039,0.073,-0.0610308674769194));
#7349=CARTESIAN_POINT('',(0.0585072630850819,0.073,-0.0644009389548995));
#7350=CARTESIAN_POINT('',(0.057079548074706,0.073,-0.0613919465638458));
#7351=CARTESIAN_POINT('',(0.0570791936305104,0.073,-0.0613919172466395));
#7352=CARTESIAN_POINT('',(0.0585072630850819,0.073,-0.0644009389548995));
#7353=CARTESIAN_POINT('',(0.0572236561954678,0.073,-0.0614038662046678));
#7354=CARTESIAN_POINT('',(0.0571293520866959,0.073,-0.0612923385398661));
#7355=CARTESIAN_POINT('',(0.0571293520866959,0.073,-0.0612923385398661));
#7356=CARTESIAN_POINT('',(0.0572236561954678,0.073,-0.0614038662046678));
#7357=CARTESIAN_POINT('',(0.0583246483744524,0.073,-0.0571378538730457));
#7358=CARTESIAN_POINT('',(0.0583246483744524,0.07,-0.0571378538730457));
#7359=CARTESIAN_POINT('',(0.0580479594189532,0.073,-0.058762018041826));
#7360=CARTESIAN_POINT('',(0.0580479594189532,0.07,-0.058762018041826));
#7361=CARTESIAN_POINT('',(0.0576495273230344,0.073,-0.0601468462640994));
#7362=CARTESIAN_POINT('',(0.0576495273230344,0.07,-0.0601468462640994));
#7363=CARTESIAN_POINT('',(0.0571293520866959,0.073,-0.0612923385398661));
#7364=CARTESIAN_POINT('',(0.0571293520866959,0.07,-0.0612923385398661));
#7365=CARTESIAN_POINT('',(0.0583246483744524,0.073,-0.0571378538730457));
#7366=CARTESIAN_POINT('',(0.0583246483744524,0.073,-0.0571378538730457));
#7367=CARTESIAN_POINT('',(0.0583246483744524,0.073,-0.0571378538730457));
#7368=CARTESIAN_POINT('',(0.0579096149412036,0.073,-0.0595741001262161));
#7369=CARTESIAN_POINT('',(0.0571293520866959,0.073,-0.0612923385398661));
#7370=CARTESIAN_POINT('',(0.0587894858196911,0.073,-0.0514311441658749));
#7371=CARTESIAN_POINT('',(0.0587894858196911,0.07,-0.0514311441658749));
#7372=CARTESIAN_POINT('',(0.0587562831450312,0.073,-0.0536114531352085));
#7373=CARTESIAN_POINT('',(0.0587562831450312,0.07,-0.0536114531352085));
#7374=CARTESIAN_POINT('',(0.0586013373299516,0.073,-0.0555136897042654));
#7375=CARTESIAN_POINT('',(0.0586013373299516,0.07,-0.0555136897042654));
#7376=CARTESIAN_POINT('',(0.0583246483744524,0.073,-0.0571378538730457));
#7377=CARTESIAN_POINT('',(0.0583246483744524,0.07,-0.0571378538730457));
#7378=CARTESIAN_POINT('',(0.0587894858196911,0.073,-0.0514311441658749));
#7379=CARTESIAN_POINT('',(0.0587894858196911,0.073,-0.0514311441658749));
#7380=CARTESIAN_POINT('',(0.0587894858196911,0.073,-0.0514311441658749));
#7381=CARTESIAN_POINT('',(0.0587396818077012,0.073,-0.0547016076198753));
#7382=CARTESIAN_POINT('',(0.0583246483744524,0.073,-0.0571378538730457));
#7383=CARTESIAN_POINT('',(0.0581420336638229,0.073,-0.0446619488695871));
#7384=CARTESIAN_POINT('',(0.0581420336638229,0.07,-0.0446619488695871));
#7385=CARTESIAN_POINT('',(0.0585404657597418,0.073,-0.0465129979818767));
#7386=CARTESIAN_POINT('',(0.0585404657597418,0.07,-0.0465129979818767));
#7387=CARTESIAN_POINT('',(0.0587562831450312,0.073,-0.0487693964139726));
#7388=CARTESIAN_POINT('',(0.0587562831450312,0.07,-0.0487693964139726));
#7389=CARTESIAN_POINT('',(0.0587894858196911,0.073,-0.0514311441658749));
#7390=CARTESIAN_POINT('',(0.0587894858196911,0.07,-0.0514311441658749));
#7391=CARTESIAN_POINT('',(0.0581420336638229,0.073,-0.0446619488695871));
#7392=CARTESIAN_POINT('',(0.0581420336638229,0.073,-0.0446619488695871));
#7393=CARTESIAN_POINT('',(0.0581420336638229,0.073,-0.0446619488695871));
#7394=CARTESIAN_POINT('',(0.0587396818077012,0.073,-0.0474385225380215));
#7395=CARTESIAN_POINT('',(0.0587894858196911,0.073,-0.0514311441658749));
#7396=CARTESIAN_POINT('',(0.0564569979248328,0.073,-0.0401754374561677));
#7397=CARTESIAN_POINT('',(0.0564569979248328,0.07,-0.0401754374561677));
#7398=CARTESIAN_POINT('',(0.0571819229882407,0.073,-0.0413153959528244));
#7399=CARTESIAN_POINT('',(0.0571819229882407,0.07,-0.0413153959528244));
#7400=CARTESIAN_POINT('',(0.0577436015679041,0.073,-0.0428108997572975));
#7401=CARTESIAN_POINT('',(0.0577436015679041,0.07,-0.0428108997572975));
#7402=CARTESIAN_POINT('',(0.0581420336638229,0.073,-0.0446619488695871));
#7403=CARTESIAN_POINT('',(0.0581420336638229,0.07,-0.0446619488695871));
#7404=CARTESIAN_POINT('',(0.0564569979248328,0.073,-0.0401754374561677));
#7405=CARTESIAN_POINT('',(0.0564569979248328,0.073,-0.0401754374561677));
#7406=CARTESIAN_POINT('',(0.0564569979248328,0.073,-0.0401754374561677));
#7407=CARTESIAN_POINT('',(0.0575443855199447,0.073,-0.0418853752011527));
#7408=CARTESIAN_POINT('',(0.0581420336638229,0.073,-0.0446619488695871));
#7409=CARTESIAN_POINT('',(0.0537883329490431,0.073,-0.0377101388626699));
#7410=CARTESIAN_POINT('',(0.0537883329490431,0.07,-0.0377101388626699));
#7411=CARTESIAN_POINT('',(0.054842517869495,0.073,-0.0382137127616784));
#7412=CARTESIAN_POINT('',(0.054842517869495,0.07,-0.0382137127616784));
#7413=CARTESIAN_POINT('',(0.0557320728614249,0.073,-0.039035478959511));
#7414=CARTESIAN_POINT('',(0.0557320728614249,0.07,-0.039035478959511));
#7415=CARTESIAN_POINT('',(0.0564569979248328,0.073,-0.0401754374561677));
#7416=CARTESIAN_POINT('',(0.0564569979248328,0.07,-0.0401754374561677));
#7417=CARTESIAN_POINT('',(0.0537883329490431,0.073,-0.0377101388626699));
#7418=CARTESIAN_POINT('',(0.0537883329490431,0.073,-0.0377101388626699));
#7419=CARTESIAN_POINT('',(0.0537883329490431,0.073,-0.0377101388626699));
#7420=CARTESIAN_POINT('',(0.055369610329721,0.073,-0.0384654997111827));
#7421=CARTESIAN_POINT('',(0.0564569979248328,0.073,-0.0401754374561677));
#7422=CARTESIAN_POINT('',(0.0502813004380909,0.073,-0.0369547780141571));
#7423=CARTESIAN_POINT('',(0.0502813004380909,0.07,-0.0369547780141571));
#7424=CARTESIAN_POINT('',(0.0515651371916071,0.073,-0.0369547780141571));
#7425=CARTESIAN_POINT('',(0.0515651371916071,0.07,-0.0369547780141571));
#7426=CARTESIAN_POINT('',(0.0527341480285912,0.073,-0.0372065649636614));
#7427=CARTESIAN_POINT('',(0.0527341480285912,0.07,-0.0372065649636614));
#7428=CARTESIAN_POINT('',(0.0537883329490431,0.073,-0.0377101388626699));
#7429=CARTESIAN_POINT('',(0.0537883329490431,0.07,-0.0377101388626699));
#7430=CARTESIAN_POINT('',(0.0502813004380909,0.073,-0.0369547780141571));
#7431=CARTESIAN_POINT('',(0.0502813004380909,0.073,-0.0369547780141571));
#7432=CARTESIAN_POINT('',(0.0502813004380909,0.073,-0.0369547780141571));
#7433=CARTESIAN_POINT('',(0.0522070555683652,0.073,-0.0369547780141571));
#7434=CARTESIAN_POINT('',(0.0537883329490431,0.073,-0.0377101388626699));
#7435=CARTESIAN_POINT('',(0.0462388747982477,0.073,-0.0382579829945583));
#7436=CARTESIAN_POINT('',(0.0462388747982477,0.07,-0.0382579829945583));
#7437=CARTESIAN_POINT('',(0.0473124279455845,0.073,-0.0373891796742908));
#7438=CARTESIAN_POINT('',(0.0473124279455845,0.07,-0.0373891796742908));
#7439=CARTESIAN_POINT('',(0.0486599031588656,0.073,-0.0369547780141571));
#7440=CARTESIAN_POINT('',(0.0486599031588656,0.07,-0.0369547780141571));
#7441=CARTESIAN_POINT('',(0.0502813004380909,0.073,-0.0369547780141571));
#7442=CARTESIAN_POINT('',(0.0502813004380909,0.07,-0.0369547780141571));
#7443=CARTESIAN_POINT('',(0.0462388747982477,0.073,-0.0382579829945583));
#7444=CARTESIAN_POINT('',(0.0462388747982477,0.073,-0.0382579829945583));
#7445=CARTESIAN_POINT('',(0.0462388747982477,0.073,-0.0382579829945583));
#7446=CARTESIAN_POINT('',(0.0478492045192529,0.073,-0.0369547780141571));
#7447=CARTESIAN_POINT('',(0.0502813004380909,0.073,-0.0369547780141571));
#7448=CARTESIAN_POINT('',(0.0450726308508186,0.073,-0.0357926844010604));
#7449=CARTESIAN_POINT('',(0.0439063869033894,0.073,-0.0333273858075626));
#7450=CARTESIAN_POINT('',(0.0439063869033894,0.073,-0.0333273858075626));
#7451=CARTESIAN_POINT('',(0.0450726308508186,0.073,-0.0357926844010604));
#7452=CARTESIAN_POINT('',(0.0504390131427254,0.073,-0.0318747687911919));
#7453=CARTESIAN_POINT('',(0.0504390131427254,0.07,-0.0318747687911919));
#7454=CARTESIAN_POINT('',(0.0479820152178926,0.073,-0.0318747687911919));
#7455=CARTESIAN_POINT('',(0.0479820152178926,0.07,-0.0318747687911919));
#7456=CARTESIAN_POINT('',(0.0458044731381139,0.073,-0.0323589744633155));
#7457=CARTESIAN_POINT('',(0.0458044731381139,0.07,-0.0323589744633155));
#7458=CARTESIAN_POINT('',(0.0439063869033894,0.073,-0.0333273858075626));
#7459=CARTESIAN_POINT('',(0.0439063869033894,0.07,-0.0333273858075626));
#7460=CARTESIAN_POINT('',(0.0504390131427254,0.073,-0.0318747687911919));
#7461=CARTESIAN_POINT('',(0.0504390131427254,0.073,-0.0318747687911919));
#7462=CARTESIAN_POINT('',(0.0504390131427254,0.073,-0.0318747687911919));
#7463=CARTESIAN_POINT('',(0.0467535162554762,0.073,-0.0318747687911919));
#7464=CARTESIAN_POINT('',(0.0439063869033894,0.073,-0.0333273858075626));
#7465=CARTESIAN_POINT('',(0.0565649066174775,0.073,-0.0331198690909383));
#7466=CARTESIAN_POINT('',(0.0565649066174775,0.07,-0.0331198690909383));
#7467=CARTESIAN_POINT('',(0.0547664284067328,0.073,-0.0322898022244407));
#7468=CARTESIAN_POINT('',(0.0547664284067328,0.07,-0.0322898022244407));
#7469=CARTESIAN_POINT('',(0.0527244639151487,0.073,-0.0318747687911919));
#7470=CARTESIAN_POINT('',(0.0527244639151487,0.07,-0.0318747687911919));
#7471=CARTESIAN_POINT('',(0.0504390131427254,0.073,-0.0318747687911919));
#7472=CARTESIAN_POINT('',(0.0504390131427254,0.07,-0.0318747687911919));
#7473=CARTESIAN_POINT('',(0.0565649066174775,0.073,-0.0331198690909383));
#7474=CARTESIAN_POINT('',(0.0565649066174775,0.073,-0.0331198690909383));
#7475=CARTESIAN_POINT('',(0.0565649066174775,0.073,-0.0331198690909383));
#7476=CARTESIAN_POINT('',(0.0538671893013604,0.073,-0.0318747687911919));
#7477=CARTESIAN_POINT('',(0.0504390131427254,0.073,-0.0318747687911919));
#7478=CARTESIAN_POINT('',(0.0611800783952041,0.073,-0.0368012156438551));
#7479=CARTESIAN_POINT('',(0.0611800783952041,0.07,-0.0368012156438551));
#7480=CARTESIAN_POINT('',(0.0599017754207978,0.073,-0.0351770514750748));
#7481=CARTESIAN_POINT('',(0.0599017754207978,0.07,-0.0351770514750748));
#7482=CARTESIAN_POINT('',(0.0583633848282223,0.073,-0.0339499359574358));
#7483=CARTESIAN_POINT('',(0.0583633848282223,0.07,-0.0339499359574358));
#7484=CARTESIAN_POINT('',(0.0565649066174775,0.073,-0.0331198690909383));
#7485=CARTESIAN_POINT('',(0.0565649066174775,0.07,-0.0331198690909383));
#7486=CARTESIAN_POINT('',(0.0611800783952041,0.073,-0.0368012156438551));
#7487=CARTESIAN_POINT('',(0.0611800783952041,0.073,-0.0368012156438551));
#7488=CARTESIAN_POINT('',(0.0611800783952041,0.073,-0.0368012156438551));
#7489=CARTESIAN_POINT('',(0.0592626239335947,0.073,-0.0343649693906846));
#7490=CARTESIAN_POINT('',(0.0565649066174775,0.073,-0.0331198690909383));
#7491=CARTESIAN_POINT('',(0.0641102144339405,0.073,-0.0429229587842746));
#7492=CARTESIAN_POINT('',(0.0641102144339405,0.07,-0.0429229587842746));
#7493=CARTESIAN_POINT('',(0.0634350933825225,0.073,-0.0404659608594418));
#7494=CARTESIAN_POINT('',(0.0634350933825225,0.07,-0.0404659608594418));
#7495=CARTESIAN_POINT('',(0.0624583813696104,0.073,-0.0384253798126353));
#7496=CARTESIAN_POINT('',(0.0624583813696104,0.07,-0.0384253798126353));
#7497=CARTESIAN_POINT('',(0.0611800783952041,0.073,-0.0368012156438551));
#7498=CARTESIAN_POINT('',(0.0611800783952041,0.07,-0.0368012156438551));
#7499=CARTESIAN_POINT('',(0.0641102144339405,0.073,-0.0429229587842746));
#7500=CARTESIAN_POINT('',(0.0641102144339405,0.073,-0.0429229587842746));
#7501=CARTESIAN_POINT('',(0.0641102144339405,0.073,-0.0429229587842746));
#7502=CARTESIAN_POINT('',(0.0630975328568135,0.073,-0.0392374618970254));
#7503=CARTESIAN_POINT('',(0.0611800783952041,0.073,-0.0368012156438551));
#7504=CARTESIAN_POINT('',(0.0651228960110676,0.073,-0.0514311441658749));
#7505=CARTESIAN_POINT('',(0.0651228960110676,0.07,-0.0514311441658749));
#7506=CARTESIAN_POINT('',(0.0651228960110676,0.073,-0.0482160185029742));
#7507=CARTESIAN_POINT('',(0.0651228960110676,0.07,-0.0482160185029742));
#7508=CARTESIAN_POINT('',(0.0647853354853586,0.073,-0.0453799567091075));
#7509=CARTESIAN_POINT('',(0.0647853354853586,0.07,-0.0453799567091075));
#7510=CARTESIAN_POINT('',(0.0641102144339405,0.073,-0.0429229587842746));
#7511=CARTESIAN_POINT('',(0.0641102144339405,0.07,-0.0429229587842746));
#7512=CARTESIAN_POINT('',(0.0651228960110676,0.073,-0.0514311441658749));
#7513=CARTESIAN_POINT('',(0.0651228960110676,0.073,-0.0514311441658749));
#7514=CARTESIAN_POINT('',(0.0651228960110676,0.073,-0.0514311441658749));
#7515=CARTESIAN_POINT('',(0.0651228960110676,0.073,-0.0466084556715239));
#7516=CARTESIAN_POINT('',(0.0641102144339405,0.073,-0.0429229587842746));
#7517=CARTESIAN_POINT('',(0.0637989393590039,0.073,-0.0610308674769194));
#7518=CARTESIAN_POINT('',(0.0637989393590039,0.07,-0.0610308674769194));
#7519=CARTESIAN_POINT('',(0.0646815771270464,0.073,-0.0583663528354621));
#7520=CARTESIAN_POINT('',(0.0646815771270464,0.07,-0.0583663528354621));
#7521=CARTESIAN_POINT('',(0.0651228960110676,0.073,-0.055166445065114));
#7522=CARTESIAN_POINT('',(0.0651228960110676,0.07,-0.055166445065114));
#7523=CARTESIAN_POINT('',(0.0651228960110676,0.073,-0.0514311441658749));
#7524=CARTESIAN_POINT('',(0.0651228960110676,0.07,-0.0514311441658749));
#7525=CARTESIAN_POINT('',(0.0637989393590039,0.073,-0.0610308674769194));
#7526=CARTESIAN_POINT('',(0.0651228960110676,0.073,-0.0570340955147335));
#7527=CARTESIAN_POINT('',(0.0651228960110676,0.073,-0.0514311441658749));
#7528=CARTESIAN_POINT('',(1.38777878078145E-17,0.073,-0.0592897069046307));
#7529=CARTESIAN_POINT('',(0.0832806087157021,0.073,-0.0321320895198062));
#7530=CARTESIAN_POINT('',(0.0864473138113904,0.073,-0.0321320895198062));
#7531=CARTESIAN_POINT('',(0.0864473138113904,0.073,-0.0321320895198062));
#7532=CARTESIAN_POINT('',(0.0832806087157021,0.073,-0.0321320895198062));
#7533=CARTESIAN_POINT('',(0.0801139036200139,0.073,-0.0321320895198062));
#7534=CARTESIAN_POINT('',(0.0801139036200139,0.073,-0.0321320895198062));
#7535=CARTESIAN_POINT('',(0.0864473138113904,0.073,-0.0512485294552454));
#7536=CARTESIAN_POINT('',(0.0864473138113904,0.073,-0.0703649693906846));
#7537=CARTESIAN_POINT('',(0.0864473138113904,0.073,-0.0703649693906846));
#7538=CARTESIAN_POINT('',(0.0864473138113904,0.073,-0.0512485294552454));
#7539=CARTESIAN_POINT('',(0.0832806087157021,0.073,-0.0703649693906846));
#7540=CARTESIAN_POINT('',(0.0801139036200139,0.073,-0.0703649693906846));
#7541=CARTESIAN_POINT('',(0.0801139036200139,0.073,-0.0703649693906846));
#7542=CARTESIAN_POINT('',(0.0832806087157021,0.073,-0.0703649693906846));
#7543=CARTESIAN_POINT('',(0.0752621627853355,0.073,-0.0655173788903388));
#7544=CARTESIAN_POINT('',(0.0704104219506572,0.073,-0.0606697883899929));
#7545=CARTESIAN_POINT('',(0.0704104219506572,0.073,-0.0606697883899929));
#7546=CARTESIAN_POINT('',(0.0752621627853355,0.073,-0.0655173788903388));
#7547=CARTESIAN_POINT('',(0.0726433018215356,0.073,-0.0584369085191144));
#7548=CARTESIAN_POINT('',(0.0748761816924141,0.073,-0.0562040286482359));
#7549=CARTESIAN_POINT('',(0.0748761816924141,0.073,-0.0562040286482359));
#7550=CARTESIAN_POINT('',(0.0726433018215356,0.073,-0.0584369085191144));
#7551=CARTESIAN_POINT('',(0.077495042656214,0.073,-0.0588228896120358));
#7552=CARTESIAN_POINT('',(0.0801139036200139,0.073,-0.0614417505758357));
#7553=CARTESIAN_POINT('',(0.0801139036200139,0.073,-0.0614417505758357));
#7554=CARTESIAN_POINT('',(0.077495042656214,0.073,-0.0588228896120358));
#7555=CARTESIAN_POINT('',(0.0801139036200139,0.073,-0.0467869200478209));
#7556=CARTESIAN_POINT('',(0.0801139036200139,0.073,-0.0467869200478209));
#7557=CARTESIAN_POINT('',(1.38777878078145E-17,0.073,-0.0592897069046307));
#7558=CARTESIAN_POINT('',(0.,0.0675,-0.0235794138092613));
#7559=CARTESIAN_POINT('',(-0.083,0.0675,-0.0165794138092614));
#7560=CARTESIAN_POINT('',(-0.08135,0.0675,-0.0165794138092614));
#7561=CARTESIAN_POINT('',(0.083,0.0675,-0.0165794138092614));
#7562=CARTESIAN_POINT('',(0.08465,0.0675,-0.0165794138092614));
#7563=CARTESIAN_POINT('',(0.,0.0675,-0.0235794138092613));
#7564=CARTESIAN_POINT('',(0.,0.0525,-0.0235794138092613));
#7565=CARTESIAN_POINT('',(0.083,0.07,-0.0165794138092614));
#7566=CARTESIAN_POINT('',(-0.083,0.07,-0.0165794138092614));
#7567=CARTESIAN_POINT('',(-0.083,0.036,-0.0165794138092614));
#7568=CARTESIAN_POINT('',(-0.083,0.061,-0.0165794138092614));
#7569=CARTESIAN_POINT('',(0.,0.061,0.0657102930953693));
#7570=CARTESIAN_POINT('',(0.083,0.036,-0.0165794138092614));
#7571=CARTESIAN_POINT('',(0.083,0.061,-0.0165794138092614));
#7572=CARTESIAN_POINT('',(0.,0.061,0.0657102930953693));
#7573=MECHANICAL_DESIGN_GEOMETRIC_PRESENTATION_REPRESENTATION('',(#4332),
#7574);
#7574=(
GEOMETRIC_REPRESENTATION_CONTEXT(3)
GLOBAL_UNCERTAINTY_ASSIGNED_CONTEXT((#7575))
GLOBAL_UNIT_ASSIGNED_CONTEXT((#7578,#7577,#7576))
REPRESENTATION_CONTEXT('Back Cover','TOP_LEVEL_ASSEMBLY_PART')
);
#7575=UNCERTAINTY_MEASURE_WITH_UNIT(LENGTH_MEASURE(2.E-5),#7578,
'DISTANCE_ACCURACY_VALUE','Maximum Tolerance applied to model');
#7576=(
NAMED_UNIT(*)
SI_UNIT($,.STERADIAN.)
SOLID_ANGLE_UNIT()
);
#7577=(
NAMED_UNIT(*)
PLANE_ANGLE_UNIT()
SI_UNIT($,.RADIAN.)
);
#7578=(
LENGTH_UNIT()
NAMED_UNIT(*)
SI_UNIT($,.METRE.)
);
#7579=PRODUCT_DEFINITION_SHAPE('','',#7580);
#7580=PRODUCT_DEFINITION('','',#7582,#7581);
#7581=PRODUCT_DEFINITION_CONTEXT('',#7588,'design');
#7582=PRODUCT_DEFINITION_FORMATION_WITH_SPECIFIED_SOURCE('','',#7584,
 .NOT_KNOWN.);
#7583=PRODUCT_RELATED_PRODUCT_CATEGORY('','',(#7584));
#7584=PRODUCT('Back Cover','Back Cover','Back Cover',(#7586));
#7585=PRODUCT_CATEGORY('','');
#7586=PRODUCT_CONTEXT('',#7588,'mechanical');
#7587=APPLICATION_PROTOCOL_DEFINITION('international standard',
'ap242_managed_model_based_3d_engineering',2020,#7588);
#7588=APPLICATION_CONTEXT('managed model based 3d engineering');
ENDSEC;
END-ISO-10303-21;
