ISO-10303-21;
HEADER;
/* Generated by software containing ST-Developer
 * from STEP Tools, Inc. (www.steptools.com) 
 */
/* OPTION: using custom renumber hook */

FILE_DESCRIPTION(
/* description */ ('STEP AP242 Edition 2',
'CAx-IF Rec.Pracs.---Representation and Presentation of Product Manufa
cturing Information (PMI)---4.0---2014-10-13',
'CAx-IF Rec.Pracs.---3D Tessellated Geometry---0.4---2014-09-14','2;1',
'CAx-IF Rec.Pracs.---User Defined Attributes---1.5---2016-08-15'),
/* implementation_level */ '2;1');

FILE_NAME(
/* name */ 'Chasis - Back Base',
/* time_stamp */ '2026-08-09T23:12:16Z',
/* author */ (''),
/* organization */ (''),
/* preprocessor_version */ 'ST-DEVELOPER v20',
/* originating_system */ 'ONSHAPE BY PTC INC, 1.219',
/* authorisation */ '  ');

FILE_SCHEMA (('AP242_MANAGED_MODEL_BASED_3D_ENGINEERING_MIM_LF { 1 0 10303 442 3 1 4 }'));
ENDSEC;

DATA;
#10=SHAPE_REPRESENTATION_RELATIONSHIP('','',#2222,#11);
#11=ADVANCED_BREP_SHAPE_REPRESENTATION('',(#2220),#3644);
#12=CYLINDRICAL_SURFACE('',#2261,0.000775);
#13=CYLINDRICAL_SURFACE('',#2263,0.000775);
#14=CYLINDRICAL_SURFACE('',#2265,0.000775);
#15=CYLINDRICAL_SURFACE('',#2270,0.000775);
#16=CYLINDRICAL_SURFACE('',#2278,0.00250738645117596);
#17=CYLINDRICAL_SURFACE('',#2283,0.00250738645117593);
#18=CYLINDRICAL_SURFACE('',#2285,0.00250738645117593);
#19=CYLINDRICAL_SURFACE('',#2290,0.00250738645117592);
#20=CYLINDRICAL_SURFACE('',#2292,0.00250738645117593);
#21=CYLINDRICAL_SURFACE('',#2298,0.00250738645117593);
#22=CYLINDRICAL_SURFACE('',#2306,0.00250738645117593);
#23=CYLINDRICAL_SURFACE('',#2310,0.00250738645117595);
#24=CYLINDRICAL_SURFACE('',#2316,0.0104);
#25=CYLINDRICAL_SURFACE('',#2319,0.0104);
#26=CYLINDRICAL_SURFACE('',#2336,0.0084);
#27=CYLINDRICAL_SURFACE('',#2338,0.0084);
#28=CYLINDRICAL_SURFACE('',#2341,0.002);
#29=CYLINDRICAL_SURFACE('',#2344,0.002);
#30=CYLINDRICAL_SURFACE('',#2347,0.002);
#31=CYLINDRICAL_SURFACE('',#2350,0.002);
#32=CYLINDRICAL_SURFACE('',#2365,0.004);
#33=CYLINDRICAL_SURFACE('',#2367,0.004);
#34=CYLINDRICAL_SURFACE('',#2368,0.00165);
#35=CYLINDRICAL_SURFACE('',#2369,0.00165);
#36=CYLINDRICAL_SURFACE('',#2392,0.00165);
#37=CYLINDRICAL_SURFACE('',#2393,0.00165);
#38=CYLINDRICAL_SURFACE('',#2394,0.00165);
#39=CYLINDRICAL_SURFACE('',#2403,0.00165);
#40=CYLINDRICAL_SURFACE('',#2404,0.00165);
#41=CYLINDRICAL_SURFACE('',#2405,0.00165);
#42=CYLINDRICAL_SURFACE('',#2406,0.00165);
#43=CYLINDRICAL_SURFACE('',#2407,0.00165);
#44=CYLINDRICAL_SURFACE('',#2412,0.00165);
#45=CIRCLE('',#2225,0.00165);
#46=CIRCLE('',#2227,0.004);
#47=CIRCLE('',#2228,0.004);
#48=CIRCLE('',#2229,0.00165);
#49=CIRCLE('',#2230,0.00165);
#50=CIRCLE('',#2232,0.00165);
#51=CIRCLE('',#2233,0.00165);
#52=CIRCLE('',#2235,0.00165);
#53=CIRCLE('',#2236,0.00165);
#54=CIRCLE('',#2242,0.00165);
#55=CIRCLE('',#2243,0.00165);
#56=CIRCLE('',#2245,0.00165);
#57=CIRCLE('',#2246,0.00165);
#58=CIRCLE('',#2248,0.00165);
#59=CIRCLE('',#2249,0.00165);
#60=CIRCLE('',#2250,0.00165);
#61=CIRCLE('',#2251,0.004);
#62=CIRCLE('',#2252,0.004);
#63=CIRCLE('',#2254,0.000775);
#64=CIRCLE('',#2256,0.000775);
#65=CIRCLE('',#2258,0.000775);
#66=CIRCLE('',#2260,0.000775);
#67=CIRCLE('',#2262,0.000775);
#68=CIRCLE('',#2264,0.000775);
#69=CIRCLE('',#2266,0.000775);
#70=CIRCLE('',#2271,0.000775);
#71=CIRCLE('',#2274,0.0104);
#72=CIRCLE('',#2275,0.00250738645117592);
#73=CIRCLE('',#2276,0.00250738645117596);
#74=CIRCLE('',#2277,0.0104);
#75=CIRCLE('',#2279,0.00250738645117593);
#76=CIRCLE('',#2280,0.00250738645117596);
#77=CIRCLE('',#2282,0.00250738645117593);
#78=CIRCLE('',#2284,0.00250738645117593);
#79=CIRCLE('',#2286,0.00250738645117593);
#80=CIRCLE('',#2287,0.00250738645117593);
#81=CIRCLE('',#2289,0.00250738645117592);
#82=CIRCLE('',#2291,0.00250738645117592);
#83=CIRCLE('',#2293,0.00250738645117591);
#84=CIRCLE('',#2294,0.00250738645117593);
#85=CIRCLE('',#2295,0.00250738645117593);
#86=CIRCLE('',#2297,0.00250738645117593);
#87=CIRCLE('',#2299,0.00250738645117593);
#88=CIRCLE('',#2301,0.0104);
#89=CIRCLE('',#2303,0.00250738645117593);
#90=CIRCLE('',#2304,0.00250738645117595);
#91=CIRCLE('',#2305,0.0104);
#92=CIRCLE('',#2307,0.00250738645117593);
#93=CIRCLE('',#2309,0.00250738645117595);
#94=CIRCLE('',#2311,0.00250738645117595);
#95=CIRCLE('',#2313,0.0104);
#96=CIRCLE('',#2314,0.0104);
#97=CIRCLE('',#2317,0.0104);
#98=CIRCLE('',#2320,0.0104);
#99=CIRCLE('',#2326,0.0084);
#100=CIRCLE('',#2327,0.0084);
#101=CIRCLE('',#2332,0.002);
#102=CIRCLE('',#2333,0.002);
#103=CIRCLE('',#2334,0.002);
#104=CIRCLE('',#2335,0.002);
#105=CIRCLE('',#2337,0.0084);
#106=CIRCLE('',#2339,0.0084);
#107=CIRCLE('',#2342,0.002);
#108=CIRCLE('',#2345,0.002);
#109=CIRCLE('',#2348,0.002);
#110=CIRCLE('',#2351,0.002);
#111=CIRCLE('',#2374,0.00165);
#112=CIRCLE('',#2375,0.00165);
#113=CIRCLE('',#2377,0.00165);
#114=CIRCLE('',#2378,0.00165);
#115=CIRCLE('',#2381,0.00165);
#116=CIRCLE('',#2384,0.00165);
#117=CIRCLE('',#2386,0.00165);
#118=CIRCLE('',#2402,0.00165);
#119=CIRCLE('',#2408,0.00165);
#120=CIRCLE('',#2411,0.00165);
#121=ORIENTED_EDGE('',*,*,#723,.F.);
#122=ORIENTED_EDGE('',*,*,#724,.T.);
#123=ORIENTED_EDGE('',*,*,#725,.F.);
#124=ORIENTED_EDGE('',*,*,#726,.F.);
#125=ORIENTED_EDGE('',*,*,#727,.T.);
#126=ORIENTED_EDGE('',*,*,#728,.F.);
#127=ORIENTED_EDGE('',*,*,#729,.F.);
#128=ORIENTED_EDGE('',*,*,#730,.T.);
#129=ORIENTED_EDGE('',*,*,#731,.T.);
#130=ORIENTED_EDGE('',*,*,#732,.F.);
#131=ORIENTED_EDGE('',*,*,#733,.T.);
#132=ORIENTED_EDGE('',*,*,#734,.T.);
#133=ORIENTED_EDGE('',*,*,#735,.T.);
#134=ORIENTED_EDGE('',*,*,#736,.F.);
#135=ORIENTED_EDGE('',*,*,#726,.T.);
#136=ORIENTED_EDGE('',*,*,#737,.T.);
#137=ORIENTED_EDGE('',*,*,#738,.F.);
#138=ORIENTED_EDGE('',*,*,#739,.F.);
#139=ORIENTED_EDGE('',*,*,#740,.T.);
#140=ORIENTED_EDGE('',*,*,#741,.T.);
#141=ORIENTED_EDGE('',*,*,#742,.T.);
#142=ORIENTED_EDGE('',*,*,#743,.T.);
#143=ORIENTED_EDGE('',*,*,#744,.T.);
#144=ORIENTED_EDGE('',*,*,#745,.F.);
#145=ORIENTED_EDGE('',*,*,#746,.T.);
#146=ORIENTED_EDGE('',*,*,#747,.T.);
#147=ORIENTED_EDGE('',*,*,#748,.T.);
#148=ORIENTED_EDGE('',*,*,#749,.T.);
#149=ORIENTED_EDGE('',*,*,#727,.F.);
#150=ORIENTED_EDGE('',*,*,#736,.T.);
#151=ORIENTED_EDGE('',*,*,#750,.T.);
#152=ORIENTED_EDGE('',*,*,#751,.F.);
#153=ORIENTED_EDGE('',*,*,#752,.T.);
#154=ORIENTED_EDGE('',*,*,#753,.F.);
#155=ORIENTED_EDGE('',*,*,#754,.F.);
#156=ORIENTED_EDGE('',*,*,#739,.T.);
#157=ORIENTED_EDGE('',*,*,#755,.T.);
#158=ORIENTED_EDGE('',*,*,#756,.T.);
#159=ORIENTED_EDGE('',*,*,#757,.F.);
#160=ORIENTED_EDGE('',*,*,#758,.F.);
#161=ORIENTED_EDGE('',*,*,#759,.T.);
#162=ORIENTED_EDGE('',*,*,#760,.F.);
#163=ORIENTED_EDGE('',*,*,#761,.F.);
#164=ORIENTED_EDGE('',*,*,#743,.F.);
#165=ORIENTED_EDGE('',*,*,#762,.T.);
#166=ORIENTED_EDGE('',*,*,#763,.T.);
#167=ORIENTED_EDGE('',*,*,#764,.F.);
#168=ORIENTED_EDGE('',*,*,#765,.T.);
#169=ORIENTED_EDGE('',*,*,#766,.F.);
#170=ORIENTED_EDGE('',*,*,#730,.F.);
#171=ORIENTED_EDGE('',*,*,#767,.T.);
#172=ORIENTED_EDGE('',*,*,#768,.T.);
#173=ORIENTED_EDGE('',*,*,#769,.T.);
#174=ORIENTED_EDGE('',*,*,#770,.F.);
#175=ORIENTED_EDGE('',*,*,#771,.F.);
#176=ORIENTED_EDGE('',*,*,#772,.F.);
#177=ORIENTED_EDGE('',*,*,#770,.T.);
#178=ORIENTED_EDGE('',*,*,#773,.F.);
#179=ORIENTED_EDGE('',*,*,#774,.F.);
#180=ORIENTED_EDGE('',*,*,#775,.F.);
#181=ORIENTED_EDGE('',*,*,#771,.T.);
#182=ORIENTED_EDGE('',*,*,#776,.F.);
#183=ORIENTED_EDGE('',*,*,#777,.T.);
#184=ORIENTED_EDGE('',*,*,#774,.T.);
#185=ORIENTED_EDGE('',*,*,#778,.T.);
#186=ORIENTED_EDGE('',*,*,#768,.F.);
#187=ORIENTED_EDGE('',*,*,#779,.T.);
#188=ORIENTED_EDGE('',*,*,#780,.T.);
#189=ORIENTED_EDGE('',*,*,#781,.F.);
#190=ORIENTED_EDGE('',*,*,#782,.F.);
#191=ORIENTED_EDGE('',*,*,#783,.F.);
#192=ORIENTED_EDGE('',*,*,#731,.F.);
#193=ORIENTED_EDGE('',*,*,#766,.T.);
#194=ORIENTED_EDGE('',*,*,#784,.T.);
#195=ORIENTED_EDGE('',*,*,#785,.F.);
#196=ORIENTED_EDGE('',*,*,#786,.T.);
#197=ORIENTED_EDGE('',*,*,#787,.T.);
#198=ORIENTED_EDGE('',*,*,#788,.F.);
#199=ORIENTED_EDGE('',*,*,#750,.F.);
#200=ORIENTED_EDGE('',*,*,#735,.F.);
#201=ORIENTED_EDGE('',*,*,#789,.T.);
#202=ORIENTED_EDGE('',*,*,#790,.F.);
#203=ORIENTED_EDGE('',*,*,#791,.T.);
#204=ORIENTED_EDGE('',*,*,#792,.T.);
#205=ORIENTED_EDGE('',*,*,#793,.T.);
#206=ORIENTED_EDGE('',*,*,#794,.T.);
#207=ORIENTED_EDGE('',*,*,#795,.F.);
#208=ORIENTED_EDGE('',*,*,#796,.T.);
#209=ORIENTED_EDGE('',*,*,#797,.T.);
#210=ORIENTED_EDGE('',*,*,#790,.T.);
#211=ORIENTED_EDGE('',*,*,#798,.T.);
#212=ORIENTED_EDGE('',*,*,#799,.T.);
#213=ORIENTED_EDGE('',*,*,#800,.T.);
#214=ORIENTED_EDGE('',*,*,#801,.T.);
#215=ORIENTED_EDGE('',*,*,#802,.F.);
#216=ORIENTED_EDGE('',*,*,#782,.T.);
#217=ORIENTED_EDGE('',*,*,#803,.F.);
#218=ORIENTED_EDGE('',*,*,#804,.T.);
#219=ORIENTED_EDGE('',*,*,#805,.T.);
#220=ORIENTED_EDGE('',*,*,#806,.F.);
#221=ORIENTED_EDGE('',*,*,#807,.T.);
#222=ORIENTED_EDGE('',*,*,#786,.F.);
#223=ORIENTED_EDGE('',*,*,#808,.F.);
#224=ORIENTED_EDGE('',*,*,#809,.F.);
#225=ORIENTED_EDGE('',*,*,#763,.F.);
#226=ORIENTED_EDGE('',*,*,#810,.F.);
#227=ORIENTED_EDGE('',*,*,#811,.F.);
#228=ORIENTED_EDGE('',*,*,#812,.F.);
#229=ORIENTED_EDGE('',*,*,#753,.T.);
#230=ORIENTED_EDGE('',*,*,#813,.T.);
#231=ORIENTED_EDGE('',*,*,#814,.F.);
#232=ORIENTED_EDGE('',*,*,#815,.T.);
#233=ORIENTED_EDGE('',*,*,#816,.F.);
#234=ORIENTED_EDGE('',*,*,#817,.T.);
#235=ORIENTED_EDGE('',*,*,#813,.F.);
#236=ORIENTED_EDGE('',*,*,#818,.F.);
#237=ORIENTED_EDGE('',*,*,#814,.T.);
#238=ORIENTED_EDGE('',*,*,#819,.T.);
#239=ORIENTED_EDGE('',*,*,#815,.F.);
#240=ORIENTED_EDGE('',*,*,#820,.T.);
#241=ORIENTED_EDGE('',*,*,#821,.F.);
#242=ORIENTED_EDGE('',*,*,#822,.F.);
#243=ORIENTED_EDGE('',*,*,#823,.T.);
#244=ORIENTED_EDGE('',*,*,#824,.F.);
#245=ORIENTED_EDGE('',*,*,#825,.F.);
#246=ORIENTED_EDGE('',*,*,#826,.T.);
#247=ORIENTED_EDGE('',*,*,#827,.T.);
#248=ORIENTED_EDGE('',*,*,#828,.T.);
#249=ORIENTED_EDGE('',*,*,#829,.F.);
#250=ORIENTED_EDGE('',*,*,#830,.F.);
#251=ORIENTED_EDGE('',*,*,#831,.T.);
#252=ORIENTED_EDGE('',*,*,#832,.F.);
#253=ORIENTED_EDGE('',*,*,#816,.T.);
#254=ORIENTED_EDGE('',*,*,#833,.F.);
#255=ORIENTED_EDGE('',*,*,#834,.F.);
#256=ORIENTED_EDGE('',*,*,#835,.T.);
#257=ORIENTED_EDGE('',*,*,#836,.T.);
#258=ORIENTED_EDGE('',*,*,#837,.F.);
#259=ORIENTED_EDGE('',*,*,#838,.T.);
#260=ORIENTED_EDGE('',*,*,#839,.T.);
#261=ORIENTED_EDGE('',*,*,#840,.T.);
#262=ORIENTED_EDGE('',*,*,#841,.T.);
#263=ORIENTED_EDGE('',*,*,#842,.F.);
#264=ORIENTED_EDGE('',*,*,#843,.T.);
#265=ORIENTED_EDGE('',*,*,#844,.T.);
#266=ORIENTED_EDGE('',*,*,#829,.T.);
#267=ORIENTED_EDGE('',*,*,#845,.T.);
#268=ORIENTED_EDGE('',*,*,#846,.F.);
#269=ORIENTED_EDGE('',*,*,#840,.F.);
#270=ORIENTED_EDGE('',*,*,#847,.T.);
#271=ORIENTED_EDGE('',*,*,#848,.F.);
#272=ORIENTED_EDGE('',*,*,#830,.T.);
#273=ORIENTED_EDGE('',*,*,#844,.F.);
#274=ORIENTED_EDGE('',*,*,#817,.F.);
#275=ORIENTED_EDGE('',*,*,#849,.F.);
#276=ORIENTED_EDGE('',*,*,#831,.F.);
#277=ORIENTED_EDGE('',*,*,#848,.T.);
#278=ORIENTED_EDGE('',*,*,#850,.T.);
#279=ORIENTED_EDGE('',*,*,#851,.F.);
#280=ORIENTED_EDGE('',*,*,#852,.F.);
#281=ORIENTED_EDGE('',*,*,#853,.T.);
#282=ORIENTED_EDGE('',*,*,#825,.T.);
#283=ORIENTED_EDGE('',*,*,#854,.T.);
#284=ORIENTED_EDGE('',*,*,#855,.F.);
#285=ORIENTED_EDGE('',*,*,#826,.F.);
#286=ORIENTED_EDGE('',*,*,#853,.F.);
#287=ORIENTED_EDGE('',*,*,#818,.T.);
#288=ORIENTED_EDGE('',*,*,#856,.T.);
#289=ORIENTED_EDGE('',*,*,#827,.F.);
#290=ORIENTED_EDGE('',*,*,#855,.T.);
#291=ORIENTED_EDGE('',*,*,#857,.F.);
#292=ORIENTED_EDGE('',*,*,#838,.F.);
#293=ORIENTED_EDGE('',*,*,#858,.T.);
#294=ORIENTED_EDGE('',*,*,#859,.T.);
#295=ORIENTED_EDGE('',*,*,#860,.T.);
#296=ORIENTED_EDGE('',*,*,#821,.T.);
#297=ORIENTED_EDGE('',*,*,#861,.T.);
#298=ORIENTED_EDGE('',*,*,#862,.F.);
#299=ORIENTED_EDGE('',*,*,#863,.F.);
#300=ORIENTED_EDGE('',*,*,#819,.F.);
#301=ORIENTED_EDGE('',*,*,#822,.T.);
#302=ORIENTED_EDGE('',*,*,#860,.F.);
#303=ORIENTED_EDGE('',*,*,#864,.F.);
#304=ORIENTED_EDGE('',*,*,#865,.F.);
#305=ORIENTED_EDGE('',*,*,#866,.F.);
#306=ORIENTED_EDGE('',*,*,#823,.F.);
#307=ORIENTED_EDGE('',*,*,#865,.T.);
#308=ORIENTED_EDGE('',*,*,#867,.T.);
#309=ORIENTED_EDGE('',*,*,#868,.F.);
#310=ORIENTED_EDGE('',*,*,#869,.T.);
#311=ORIENTED_EDGE('',*,*,#870,.T.);
#312=ORIENTED_EDGE('',*,*,#851,.T.);
#313=ORIENTED_EDGE('',*,*,#824,.T.);
#314=ORIENTED_EDGE('',*,*,#856,.F.);
#315=ORIENTED_EDGE('',*,*,#871,.F.);
#316=ORIENTED_EDGE('',*,*,#861,.F.);
#317=ORIENTED_EDGE('',*,*,#820,.F.);
#318=ORIENTED_EDGE('',*,*,#866,.T.);
#319=ORIENTED_EDGE('',*,*,#872,.F.);
#320=ORIENTED_EDGE('',*,*,#873,.T.);
#321=ORIENTED_EDGE('',*,*,#833,.T.);
#322=ORIENTED_EDGE('',*,*,#874,.F.);
#323=ORIENTED_EDGE('',*,*,#875,.T.);
#324=ORIENTED_EDGE('',*,*,#845,.F.);
#325=ORIENTED_EDGE('',*,*,#828,.F.);
#326=ORIENTED_EDGE('',*,*,#849,.T.);
#327=ORIENTED_EDGE('',*,*,#876,.T.);
#328=ORIENTED_EDGE('',*,*,#877,.F.);
#329=ORIENTED_EDGE('',*,*,#873,.F.);
#330=ORIENTED_EDGE('',*,*,#878,.F.);
#331=ORIENTED_EDGE('',*,*,#879,.T.);
#332=ORIENTED_EDGE('',*,*,#834,.T.);
#333=ORIENTED_EDGE('',*,*,#832,.T.);
#334=ORIENTED_EDGE('',*,*,#835,.F.);
#335=ORIENTED_EDGE('',*,*,#879,.F.);
#336=ORIENTED_EDGE('',*,*,#880,.F.);
#337=ORIENTED_EDGE('',*,*,#881,.F.);
#338=ORIENTED_EDGE('',*,*,#874,.T.);
#339=ORIENTED_EDGE('',*,*,#836,.F.);
#340=ORIENTED_EDGE('',*,*,#881,.T.);
#341=ORIENTED_EDGE('',*,*,#882,.F.);
#342=ORIENTED_EDGE('',*,*,#883,.F.);
#343=ORIENTED_EDGE('',*,*,#884,.T.);
#344=ORIENTED_EDGE('',*,*,#885,.F.);
#345=ORIENTED_EDGE('',*,*,#863,.T.);
#346=ORIENTED_EDGE('',*,*,#886,.F.);
#347=ORIENTED_EDGE('',*,*,#887,.T.);
#348=ORIENTED_EDGE('',*,*,#888,.T.);
#349=ORIENTED_EDGE('',*,*,#883,.T.);
#350=ORIENTED_EDGE('',*,*,#889,.T.);
#351=ORIENTED_EDGE('',*,*,#887,.F.);
#352=ORIENTED_EDGE('',*,*,#890,.F.);
#353=ORIENTED_EDGE('',*,*,#891,.T.);
#354=ORIENTED_EDGE('',*,*,#875,.F.);
#355=ORIENTED_EDGE('',*,*,#884,.F.);
#356=ORIENTED_EDGE('',*,*,#888,.F.);
#357=ORIENTED_EDGE('',*,*,#889,.F.);
#358=ORIENTED_EDGE('',*,*,#892,.T.);
#359=ORIENTED_EDGE('',*,*,#893,.T.);
#360=ORIENTED_EDGE('',*,*,#841,.F.);
#361=ORIENTED_EDGE('',*,*,#846,.T.);
#362=ORIENTED_EDGE('',*,*,#894,.T.);
#363=ORIENTED_EDGE('',*,*,#842,.T.);
#364=ORIENTED_EDGE('',*,*,#893,.F.);
#365=ORIENTED_EDGE('',*,*,#895,.F.);
#366=ORIENTED_EDGE('',*,*,#890,.T.);
#367=ORIENTED_EDGE('',*,*,#886,.T.);
#368=ORIENTED_EDGE('',*,*,#862,.T.);
#369=ORIENTED_EDGE('',*,*,#871,.T.);
#370=ORIENTED_EDGE('',*,*,#858,.F.);
#371=ORIENTED_EDGE('',*,*,#837,.T.);
#372=ORIENTED_EDGE('',*,*,#894,.F.);
#373=ORIENTED_EDGE('',*,*,#896,.F.);
#374=ORIENTED_EDGE('',*,*,#869,.F.);
#375=ORIENTED_EDGE('',*,*,#897,.F.);
#376=ORIENTED_EDGE('',*,*,#898,.T.);
#377=ORIENTED_EDGE('',*,*,#899,.T.);
#378=ORIENTED_EDGE('',*,*,#857,.T.);
#379=ORIENTED_EDGE('',*,*,#854,.F.);
#380=ORIENTED_EDGE('',*,*,#852,.T.);
#381=ORIENTED_EDGE('',*,*,#870,.F.);
#382=ORIENTED_EDGE('',*,*,#899,.F.);
#383=ORIENTED_EDGE('',*,*,#900,.T.);
#384=ORIENTED_EDGE('',*,*,#901,.T.);
#385=ORIENTED_EDGE('',*,*,#876,.F.);
#386=ORIENTED_EDGE('',*,*,#850,.F.);
#387=ORIENTED_EDGE('',*,*,#847,.F.);
#388=ORIENTED_EDGE('',*,*,#843,.F.);
#389=ORIENTED_EDGE('',*,*,#839,.F.);
#390=ORIENTED_EDGE('',*,*,#902,.T.);
#391=ORIENTED_EDGE('',*,*,#877,.T.);
#392=ORIENTED_EDGE('',*,*,#901,.F.);
#393=ORIENTED_EDGE('',*,*,#903,.F.);
#394=ORIENTED_EDGE('',*,*,#885,.T.);
#395=ORIENTED_EDGE('',*,*,#882,.T.);
#396=ORIENTED_EDGE('',*,*,#880,.T.);
#397=ORIENTED_EDGE('',*,*,#878,.T.);
#398=ORIENTED_EDGE('',*,*,#872,.T.);
#399=ORIENTED_EDGE('',*,*,#902,.F.);
#400=ORIENTED_EDGE('',*,*,#904,.F.);
#401=ORIENTED_EDGE('',*,*,#905,.T.);
#402=ORIENTED_EDGE('',*,*,#906,.F.);
#403=ORIENTED_EDGE('',*,*,#907,.F.);
#404=ORIENTED_EDGE('',*,*,#908,.F.);
#405=ORIENTED_EDGE('',*,*,#897,.T.);
#406=ORIENTED_EDGE('',*,*,#868,.T.);
#407=ORIENTED_EDGE('',*,*,#867,.F.);
#408=ORIENTED_EDGE('',*,*,#864,.T.);
#409=ORIENTED_EDGE('',*,*,#859,.F.);
#410=ORIENTED_EDGE('',*,*,#896,.T.);
#411=ORIENTED_EDGE('',*,*,#895,.T.);
#412=ORIENTED_EDGE('',*,*,#892,.F.);
#413=ORIENTED_EDGE('',*,*,#891,.F.);
#414=ORIENTED_EDGE('',*,*,#909,.T.);
#415=ORIENTED_EDGE('',*,*,#910,.F.);
#416=ORIENTED_EDGE('',*,*,#911,.T.);
#417=ORIENTED_EDGE('',*,*,#912,.T.);
#418=ORIENTED_EDGE('',*,*,#905,.F.);
#419=ORIENTED_EDGE('',*,*,#913,.F.);
#420=ORIENTED_EDGE('',*,*,#914,.T.);
#421=ORIENTED_EDGE('',*,*,#915,.T.);
#422=ORIENTED_EDGE('',*,*,#906,.T.);
#423=ORIENTED_EDGE('',*,*,#912,.F.);
#424=ORIENTED_EDGE('',*,*,#915,.F.);
#425=ORIENTED_EDGE('',*,*,#916,.F.);
#426=ORIENTED_EDGE('',*,*,#917,.T.);
#427=ORIENTED_EDGE('',*,*,#907,.T.);
#428=ORIENTED_EDGE('',*,*,#904,.T.);
#429=ORIENTED_EDGE('',*,*,#903,.T.);
#430=ORIENTED_EDGE('',*,*,#900,.F.);
#431=ORIENTED_EDGE('',*,*,#898,.F.);
#432=ORIENTED_EDGE('',*,*,#908,.T.);
#433=ORIENTED_EDGE('',*,*,#917,.F.);
#434=ORIENTED_EDGE('',*,*,#918,.T.);
#435=ORIENTED_EDGE('',*,*,#919,.F.);
#436=ORIENTED_EDGE('',*,*,#920,.T.);
#437=ORIENTED_EDGE('',*,*,#921,.F.);
#438=ORIENTED_EDGE('',*,*,#922,.F.);
#439=ORIENTED_EDGE('',*,*,#923,.F.);
#440=ORIENTED_EDGE('',*,*,#924,.F.);
#441=ORIENTED_EDGE('',*,*,#925,.F.);
#442=ORIENTED_EDGE('',*,*,#926,.T.);
#443=ORIENTED_EDGE('',*,*,#913,.T.);
#444=ORIENTED_EDGE('',*,*,#927,.T.);
#445=ORIENTED_EDGE('',*,*,#909,.F.);
#446=ORIENTED_EDGE('',*,*,#928,.F.);
#447=ORIENTED_EDGE('',*,*,#910,.T.);
#448=ORIENTED_EDGE('',*,*,#929,.T.);
#449=ORIENTED_EDGE('',*,*,#930,.T.);
#450=ORIENTED_EDGE('',*,*,#931,.F.);
#451=ORIENTED_EDGE('',*,*,#920,.F.);
#452=ORIENTED_EDGE('',*,*,#932,.F.);
#453=ORIENTED_EDGE('',*,*,#933,.F.);
#454=ORIENTED_EDGE('',*,*,#921,.T.);
#455=ORIENTED_EDGE('',*,*,#931,.T.);
#456=ORIENTED_EDGE('',*,*,#934,.F.);
#457=ORIENTED_EDGE('',*,*,#935,.F.);
#458=ORIENTED_EDGE('',*,*,#922,.T.);
#459=ORIENTED_EDGE('',*,*,#933,.T.);
#460=ORIENTED_EDGE('',*,*,#936,.F.);
#461=ORIENTED_EDGE('',*,*,#937,.F.);
#462=ORIENTED_EDGE('',*,*,#923,.T.);
#463=ORIENTED_EDGE('',*,*,#935,.T.);
#464=ORIENTED_EDGE('',*,*,#938,.F.);
#465=ORIENTED_EDGE('',*,*,#939,.F.);
#466=ORIENTED_EDGE('',*,*,#924,.T.);
#467=ORIENTED_EDGE('',*,*,#937,.T.);
#468=ORIENTED_EDGE('',*,*,#940,.F.);
#469=ORIENTED_EDGE('',*,*,#941,.F.);
#470=ORIENTED_EDGE('',*,*,#925,.T.);
#471=ORIENTED_EDGE('',*,*,#939,.T.);
#472=ORIENTED_EDGE('',*,*,#941,.T.);
#473=ORIENTED_EDGE('',*,*,#942,.T.);
#474=ORIENTED_EDGE('',*,*,#943,.F.);
#475=ORIENTED_EDGE('',*,*,#918,.F.);
#476=ORIENTED_EDGE('',*,*,#916,.T.);
#477=ORIENTED_EDGE('',*,*,#914,.F.);
#478=ORIENTED_EDGE('',*,*,#911,.F.);
#479=ORIENTED_EDGE('',*,*,#926,.F.);
#480=ORIENTED_EDGE('',*,*,#944,.F.);
#481=ORIENTED_EDGE('',*,*,#929,.F.);
#482=ORIENTED_EDGE('',*,*,#919,.T.);
#483=ORIENTED_EDGE('',*,*,#943,.T.);
#484=ORIENTED_EDGE('',*,*,#945,.T.);
#485=ORIENTED_EDGE('',*,*,#946,.T.);
#486=ORIENTED_EDGE('',*,*,#947,.F.);
#487=ORIENTED_EDGE('',*,*,#948,.F.);
#488=ORIENTED_EDGE('',*,*,#949,.T.);
#489=ORIENTED_EDGE('',*,*,#947,.T.);
#490=ORIENTED_EDGE('',*,*,#950,.F.);
#491=ORIENTED_EDGE('',*,*,#951,.F.);
#492=ORIENTED_EDGE('',*,*,#952,.T.);
#493=ORIENTED_EDGE('',*,*,#951,.T.);
#494=ORIENTED_EDGE('',*,*,#953,.F.);
#495=ORIENTED_EDGE('',*,*,#954,.F.);
#496=ORIENTED_EDGE('',*,*,#954,.T.);
#497=ORIENTED_EDGE('',*,*,#955,.T.);
#498=ORIENTED_EDGE('',*,*,#945,.F.);
#499=ORIENTED_EDGE('',*,*,#956,.F.);
#500=ORIENTED_EDGE('',*,*,#957,.T.);
#501=ORIENTED_EDGE('',*,*,#958,.T.);
#502=ORIENTED_EDGE('',*,*,#959,.F.);
#503=ORIENTED_EDGE('',*,*,#960,.F.);
#504=ORIENTED_EDGE('',*,*,#959,.T.);
#505=ORIENTED_EDGE('',*,*,#961,.T.);
#506=ORIENTED_EDGE('',*,*,#962,.F.);
#507=ORIENTED_EDGE('',*,*,#963,.F.);
#508=ORIENTED_EDGE('',*,*,#964,.T.);
#509=ORIENTED_EDGE('',*,*,#962,.T.);
#510=ORIENTED_EDGE('',*,*,#965,.F.);
#511=ORIENTED_EDGE('',*,*,#966,.F.);
#512=ORIENTED_EDGE('',*,*,#967,.T.);
#513=ORIENTED_EDGE('',*,*,#966,.T.);
#514=ORIENTED_EDGE('',*,*,#968,.F.);
#515=ORIENTED_EDGE('',*,*,#957,.F.);
#516=ORIENTED_EDGE('',*,*,#969,.T.);
#517=ORIENTED_EDGE('',*,*,#970,.F.);
#518=ORIENTED_EDGE('',*,*,#971,.F.);
#519=ORIENTED_EDGE('',*,*,#972,.T.);
#520=ORIENTED_EDGE('',*,*,#973,.F.);
#521=ORIENTED_EDGE('',*,*,#974,.T.);
#522=ORIENTED_EDGE('',*,*,#975,.T.);
#523=ORIENTED_EDGE('',*,*,#976,.F.);
#524=ORIENTED_EDGE('',*,*,#977,.F.);
#525=ORIENTED_EDGE('',*,*,#976,.T.);
#526=ORIENTED_EDGE('',*,*,#978,.T.);
#527=ORIENTED_EDGE('',*,*,#979,.F.);
#528=ORIENTED_EDGE('',*,*,#980,.F.);
#529=ORIENTED_EDGE('',*,*,#981,.T.);
#530=ORIENTED_EDGE('',*,*,#979,.T.);
#531=ORIENTED_EDGE('',*,*,#982,.F.);
#532=ORIENTED_EDGE('',*,*,#974,.F.);
#533=ORIENTED_EDGE('',*,*,#983,.T.);
#534=ORIENTED_EDGE('',*,*,#980,.T.);
#535=ORIENTED_EDGE('',*,*,#984,.F.);
#536=ORIENTED_EDGE('',*,*,#810,.T.);
#537=ORIENTED_EDGE('',*,*,#762,.F.);
#538=ORIENTED_EDGE('',*,*,#742,.F.);
#539=ORIENTED_EDGE('',*,*,#985,.T.);
#540=ORIENTED_EDGE('',*,*,#964,.F.);
#541=ORIENTED_EDGE('',*,*,#967,.F.);
#542=ORIENTED_EDGE('',*,*,#960,.T.);
#543=ORIENTED_EDGE('',*,*,#963,.T.);
#544=ORIENTED_EDGE('',*,*,#811,.T.);
#545=ORIENTED_EDGE('',*,*,#985,.F.);
#546=ORIENTED_EDGE('',*,*,#741,.F.);
#547=ORIENTED_EDGE('',*,*,#986,.T.);
#548=ORIENTED_EDGE('',*,*,#928,.T.);
#549=ORIENTED_EDGE('',*,*,#927,.F.);
#550=ORIENTED_EDGE('',*,*,#952,.F.);
#551=ORIENTED_EDGE('',*,*,#956,.T.);
#552=ORIENTED_EDGE('',*,*,#948,.T.);
#553=ORIENTED_EDGE('',*,*,#949,.F.);
#554=ORIENTED_EDGE('',*,*,#812,.T.);
#555=ORIENTED_EDGE('',*,*,#986,.F.);
#556=ORIENTED_EDGE('',*,*,#740,.F.);
#557=ORIENTED_EDGE('',*,*,#754,.T.);
#558=ORIENTED_EDGE('',*,*,#747,.F.);
#559=ORIENTED_EDGE('',*,*,#804,.F.);
#560=ORIENTED_EDGE('',*,*,#746,.F.);
#561=ORIENTED_EDGE('',*,*,#805,.F.);
#562=ORIENTED_EDGE('',*,*,#944,.T.);
#563=ORIENTED_EDGE('',*,*,#942,.F.);
#564=ORIENTED_EDGE('',*,*,#940,.T.);
#565=ORIENTED_EDGE('',*,*,#938,.T.);
#566=ORIENTED_EDGE('',*,*,#936,.T.);
#567=ORIENTED_EDGE('',*,*,#934,.T.);
#568=ORIENTED_EDGE('',*,*,#932,.T.);
#569=ORIENTED_EDGE('',*,*,#930,.F.);
#570=ORIENTED_EDGE('',*,*,#969,.F.);
#571=ORIENTED_EDGE('',*,*,#987,.F.);
#572=ORIENTED_EDGE('',*,*,#733,.F.);
#573=ORIENTED_EDGE('',*,*,#988,.T.);
#574=ORIENTED_EDGE('',*,*,#801,.F.);
#575=ORIENTED_EDGE('',*,*,#989,.T.);
#576=ORIENTED_EDGE('',*,*,#989,.F.);
#577=ORIENTED_EDGE('',*,*,#800,.F.);
#578=ORIENTED_EDGE('',*,*,#990,.T.);
#579=ORIENTED_EDGE('',*,*,#970,.T.);
#580=ORIENTED_EDGE('',*,*,#968,.T.);
#581=ORIENTED_EDGE('',*,*,#965,.T.);
#582=ORIENTED_EDGE('',*,*,#961,.F.);
#583=ORIENTED_EDGE('',*,*,#958,.F.);
#584=ORIENTED_EDGE('',*,*,#955,.F.);
#585=ORIENTED_EDGE('',*,*,#953,.T.);
#586=ORIENTED_EDGE('',*,*,#950,.T.);
#587=ORIENTED_EDGE('',*,*,#946,.F.);
#588=ORIENTED_EDGE('',*,*,#991,.F.);
#589=ORIENTED_EDGE('',*,*,#971,.T.);
#590=ORIENTED_EDGE('',*,*,#990,.F.);
#591=ORIENTED_EDGE('',*,*,#799,.F.);
#592=ORIENTED_EDGE('',*,*,#992,.F.);
#593=ORIENTED_EDGE('',*,*,#993,.F.);
#594=ORIENTED_EDGE('',*,*,#984,.T.);
#595=ORIENTED_EDGE('',*,*,#982,.T.);
#596=ORIENTED_EDGE('',*,*,#978,.F.);
#597=ORIENTED_EDGE('',*,*,#975,.F.);
#598=ORIENTED_EDGE('',*,*,#789,.F.);
#599=ORIENTED_EDGE('',*,*,#734,.F.);
#600=ORIENTED_EDGE('',*,*,#987,.T.);
#601=ORIENTED_EDGE('',*,*,#972,.F.);
#602=ORIENTED_EDGE('',*,*,#991,.T.);
#603=ORIENTED_EDGE('',*,*,#798,.F.);
#604=ORIENTED_EDGE('',*,*,#994,.T.);
#605=ORIENTED_EDGE('',*,*,#995,.T.);
#606=ORIENTED_EDGE('',*,*,#778,.F.);
#607=ORIENTED_EDGE('',*,*,#776,.T.);
#608=ORIENTED_EDGE('',*,*,#773,.T.);
#609=ORIENTED_EDGE('',*,*,#769,.F.);
#610=ORIENTED_EDGE('',*,*,#732,.T.);
#611=ORIENTED_EDGE('',*,*,#783,.T.);
#612=ORIENTED_EDGE('',*,*,#802,.T.);
#613=ORIENTED_EDGE('',*,*,#988,.F.);
#614=ORIENTED_EDGE('',*,*,#996,.F.);
#615=ORIENTED_EDGE('',*,*,#997,.F.);
#616=ORIENTED_EDGE('',*,*,#796,.F.);
#617=ORIENTED_EDGE('',*,*,#998,.T.);
#618=ORIENTED_EDGE('',*,*,#999,.T.);
#619=ORIENTED_EDGE('',*,*,#792,.F.);
#620=ORIENTED_EDGE('',*,*,#1000,.F.);
#621=ORIENTED_EDGE('',*,*,#996,.T.);
#622=ORIENTED_EDGE('',*,*,#1001,.T.);
#623=ORIENTED_EDGE('',*,*,#1002,.F.);
#624=ORIENTED_EDGE('',*,*,#764,.T.);
#625=ORIENTED_EDGE('',*,*,#809,.T.);
#626=ORIENTED_EDGE('',*,*,#1003,.T.);
#627=ORIENTED_EDGE('',*,*,#1004,.T.);
#628=ORIENTED_EDGE('',*,*,#784,.F.);
#629=ORIENTED_EDGE('',*,*,#765,.F.);
#630=ORIENTED_EDGE('',*,*,#1002,.T.);
#631=ORIENTED_EDGE('',*,*,#1005,.T.);
#632=ORIENTED_EDGE('',*,*,#1006,.F.);
#633=ORIENTED_EDGE('',*,*,#788,.T.);
#634=ORIENTED_EDGE('',*,*,#1007,.F.);
#635=ORIENTED_EDGE('',*,*,#1008,.F.);
#636=ORIENTED_EDGE('',*,*,#751,.T.);
#637=ORIENTED_EDGE('',*,*,#1008,.T.);
#638=ORIENTED_EDGE('',*,*,#1009,.F.);
#639=ORIENTED_EDGE('',*,*,#806,.T.);
#640=ORIENTED_EDGE('',*,*,#752,.F.);
#641=ORIENTED_EDGE('',*,*,#791,.F.);
#642=ORIENTED_EDGE('',*,*,#797,.F.);
#643=ORIENTED_EDGE('',*,*,#997,.T.);
#644=ORIENTED_EDGE('',*,*,#1000,.T.);
#645=ORIENTED_EDGE('',*,*,#785,.T.);
#646=ORIENTED_EDGE('',*,*,#1005,.F.);
#647=ORIENTED_EDGE('',*,*,#1003,.F.);
#648=ORIENTED_EDGE('',*,*,#808,.T.);
#649=ORIENTED_EDGE('',*,*,#787,.F.);
#650=ORIENTED_EDGE('',*,*,#807,.F.);
#651=ORIENTED_EDGE('',*,*,#1009,.T.);
#652=ORIENTED_EDGE('',*,*,#1007,.T.);
#653=ORIENTED_EDGE('',*,*,#781,.T.);
#654=ORIENTED_EDGE('',*,*,#1001,.F.);
#655=ORIENTED_EDGE('',*,*,#998,.F.);
#656=ORIENTED_EDGE('',*,*,#795,.T.);
#657=ORIENTED_EDGE('',*,*,#794,.F.);
#658=ORIENTED_EDGE('',*,*,#1006,.T.);
#659=ORIENTED_EDGE('',*,*,#1004,.F.);
#660=ORIENTED_EDGE('',*,*,#793,.F.);
#661=ORIENTED_EDGE('',*,*,#999,.F.);
#662=ORIENTED_EDGE('',*,*,#803,.T.);
#663=ORIENTED_EDGE('',*,*,#760,.T.);
#664=ORIENTED_EDGE('',*,*,#1010,.F.);
#665=ORIENTED_EDGE('',*,*,#1011,.F.);
#666=ORIENTED_EDGE('',*,*,#1012,.T.);
#667=ORIENTED_EDGE('',*,*,#767,.F.);
#668=ORIENTED_EDGE('',*,*,#772,.T.);
#669=ORIENTED_EDGE('',*,*,#775,.T.);
#670=ORIENTED_EDGE('',*,*,#777,.F.);
#671=ORIENTED_EDGE('',*,*,#1011,.T.);
#672=ORIENTED_EDGE('',*,*,#1013,.F.);
#673=ORIENTED_EDGE('',*,*,#1014,.F.);
#674=ORIENTED_EDGE('',*,*,#1015,.F.);
#675=ORIENTED_EDGE('',*,*,#745,.T.);
#676=ORIENTED_EDGE('',*,*,#1016,.T.);
#677=ORIENTED_EDGE('',*,*,#756,.F.);
#678=ORIENTED_EDGE('',*,*,#1017,.F.);
#679=ORIENTED_EDGE('',*,*,#1018,.T.);
#680=ORIENTED_EDGE('',*,*,#728,.T.);
#681=ORIENTED_EDGE('',*,*,#973,.T.);
#682=ORIENTED_EDGE('',*,*,#977,.T.);
#683=ORIENTED_EDGE('',*,*,#981,.F.);
#684=ORIENTED_EDGE('',*,*,#983,.F.);
#685=ORIENTED_EDGE('',*,*,#1018,.F.);
#686=ORIENTED_EDGE('',*,*,#1019,.F.);
#687=ORIENTED_EDGE('',*,*,#737,.F.);
#688=ORIENTED_EDGE('',*,*,#725,.T.);
#689=ORIENTED_EDGE('',*,*,#1020,.T.);
#690=ORIENTED_EDGE('',*,*,#723,.T.);
#691=ORIENTED_EDGE('',*,*,#761,.T.);
#692=ORIENTED_EDGE('',*,*,#1012,.F.);
#693=ORIENTED_EDGE('',*,*,#1016,.F.);
#694=ORIENTED_EDGE('',*,*,#744,.F.);
#695=ORIENTED_EDGE('',*,*,#755,.F.);
#696=ORIENTED_EDGE('',*,*,#738,.T.);
#697=ORIENTED_EDGE('',*,*,#1019,.T.);
#698=ORIENTED_EDGE('',*,*,#1017,.T.);
#699=ORIENTED_EDGE('',*,*,#1015,.T.);
#700=ORIENTED_EDGE('',*,*,#1021,.T.);
#701=ORIENTED_EDGE('',*,*,#1013,.T.);
#702=ORIENTED_EDGE('',*,*,#1010,.T.);
#703=ORIENTED_EDGE('',*,*,#759,.F.);
#704=ORIENTED_EDGE('',*,*,#729,.T.);
#705=ORIENTED_EDGE('',*,*,#995,.F.);
#706=ORIENTED_EDGE('',*,*,#758,.T.);
#707=ORIENTED_EDGE('',*,*,#994,.F.);
#708=ORIENTED_EDGE('',*,*,#757,.T.);
#709=ORIENTED_EDGE('',*,*,#749,.F.);
#710=ORIENTED_EDGE('',*,*,#993,.T.);
#711=ORIENTED_EDGE('',*,*,#748,.F.);
#712=ORIENTED_EDGE('',*,*,#992,.T.);
#713=ORIENTED_EDGE('',*,*,#780,.F.);
#714=ORIENTED_EDGE('',*,*,#1022,.F.);
#715=ORIENTED_EDGE('',*,*,#724,.F.);
#716=ORIENTED_EDGE('',*,*,#1022,.T.);
#717=ORIENTED_EDGE('',*,*,#1020,.F.);
#718=ORIENTED_EDGE('',*,*,#1014,.T.);
#719=ORIENTED_EDGE('',*,*,#1023,.T.);
#720=ORIENTED_EDGE('',*,*,#779,.F.);
#721=ORIENTED_EDGE('',*,*,#1023,.F.);
#722=ORIENTED_EDGE('',*,*,#1021,.F.);
#723=EDGE_CURVE('',#1024,#1025,#1234,.T.);
#724=EDGE_CURVE('',#1024,#1026,#45,.T.);
#725=EDGE_CURVE('',#1027,#1026,#1235,.T.);
#726=EDGE_CURVE('',#1028,#1027,#1236,.T.);
#727=EDGE_CURVE('',#1028,#1029,#1237,.T.);
#728=EDGE_CURVE('',#1025,#1029,#1238,.T.);
#729=EDGE_CURVE('',#1030,#1031,#1239,.T.);
#730=EDGE_CURVE('',#1030,#1032,#1240,.T.);
#731=EDGE_CURVE('',#1032,#1033,#1241,.T.);
#732=EDGE_CURVE('',#1034,#1033,#1242,.T.);
#733=EDGE_CURVE('',#1034,#1035,#1243,.T.);
#734=EDGE_CURVE('',#1035,#1036,#1244,.T.);
#735=EDGE_CURVE('',#1036,#1037,#1245,.T.);
#736=EDGE_CURVE('',#1028,#1037,#1246,.T.);
#737=EDGE_CURVE('',#1027,#1038,#1247,.T.);
#738=EDGE_CURVE('',#1039,#1038,#1248,.T.);
#739=EDGE_CURVE('',#1040,#1039,#1249,.T.);
#740=EDGE_CURVE('',#1040,#1041,#46,.T.);
#741=EDGE_CURVE('',#1041,#1042,#1250,.T.);
#742=EDGE_CURVE('',#1042,#1043,#47,.T.);
#743=EDGE_CURVE('',#1043,#1044,#1251,.T.);
#744=EDGE_CURVE('',#1044,#1045,#1252,.T.);
#745=EDGE_CURVE('',#1031,#1045,#1253,.T.);
#746=EDGE_CURVE('',#1046,#1046,#48,.F.);
#747=EDGE_CURVE('',#1047,#1047,#49,.F.);
#748=EDGE_CURVE('',#1048,#1048,#50,.F.);
#749=EDGE_CURVE('',#1049,#1049,#51,.F.);
#750=EDGE_CURVE('',#1037,#1050,#1254,.T.);
#751=EDGE_CURVE('',#1051,#1050,#1255,.T.);
#752=EDGE_CURVE('',#1051,#1052,#1256,.T.);
#753=EDGE_CURVE('',#1053,#1052,#1257,.T.);
#754=EDGE_CURVE('',#1040,#1053,#1258,.T.);
#755=EDGE_CURVE('',#1039,#1054,#1259,.T.);
#756=EDGE_CURVE('',#1054,#1029,#1260,.T.);
#757=EDGE_CURVE('',#1055,#1055,#52,.F.);
#758=EDGE_CURVE('',#1056,#1056,#53,.F.);
#759=EDGE_CURVE('',#1030,#1057,#1261,.T.);
#760=EDGE_CURVE('',#1058,#1057,#1262,.T.);
#761=EDGE_CURVE('',#1044,#1058,#1263,.T.);
#762=EDGE_CURVE('',#1043,#1059,#1264,.T.);
#763=EDGE_CURVE('',#1059,#1060,#1265,.T.);
#764=EDGE_CURVE('',#1061,#1060,#1266,.T.);
#765=EDGE_CURVE('',#1061,#1062,#1267,.T.);
#766=EDGE_CURVE('',#1032,#1062,#1268,.T.);
#767=EDGE_CURVE('',#1063,#1064,#1269,.T.);
#768=EDGE_CURVE('',#1064,#1065,#1270,.T.);
#769=EDGE_CURVE('',#1065,#1066,#1271,.T.);
#770=EDGE_CURVE('',#1063,#1066,#1272,.T.);
#771=EDGE_CURVE('',#1067,#1068,#1273,.T.);
#772=EDGE_CURVE('',#1063,#1067,#1274,.T.);
#773=EDGE_CURVE('',#1068,#1066,#1275,.T.);
#774=EDGE_CURVE('',#1069,#1070,#1276,.T.);
#775=EDGE_CURVE('',#1067,#1069,#1277,.T.);
#776=EDGE_CURVE('',#1070,#1068,#1278,.T.);
#777=EDGE_CURVE('',#1064,#1069,#1279,.T.);
#778=EDGE_CURVE('',#1070,#1065,#1280,.T.);
#779=EDGE_CURVE('',#1071,#1071,#54,.F.);
#780=EDGE_CURVE('',#1072,#1072,#55,.F.);
#781=EDGE_CURVE('',#1073,#1074,#1281,.T.);
#782=EDGE_CURVE('',#1075,#1073,#1282,.T.);
#783=EDGE_CURVE('',#1033,#1075,#1283,.T.);
#784=EDGE_CURVE('',#1062,#1076,#1284,.T.);
#785=EDGE_CURVE('',#1077,#1076,#1285,.T.);
#786=EDGE_CURVE('',#1077,#1078,#1286,.T.);
#787=EDGE_CURVE('',#1078,#1079,#1287,.T.);
#788=EDGE_CURVE('',#1050,#1079,#1288,.T.);
#789=EDGE_CURVE('',#1036,#1080,#1289,.T.);
#790=EDGE_CURVE('',#1081,#1080,#1290,.T.);
#791=EDGE_CURVE('',#1081,#1082,#1291,.T.);
#792=EDGE_CURVE('',#1082,#1074,#1292,.T.);
#793=EDGE_CURVE('',#1083,#1083,#56,.T.);
#794=EDGE_CURVE('',#1084,#1084,#57,.T.);
#795=EDGE_CURVE('',#1085,#1073,#1293,.T.);
#796=EDGE_CURVE('',#1085,#1086,#1294,.T.);
#797=EDGE_CURVE('',#1086,#1081,#1295,.T.);
#798=EDGE_CURVE('',#1080,#1087,#1296,.T.);
#799=EDGE_CURVE('',#1087,#1088,#1297,.T.);
#800=EDGE_CURVE('',#1088,#1089,#1298,.T.);
#801=EDGE_CURVE('',#1089,#1090,#1299,.T.);
#802=EDGE_CURVE('',#1075,#1090,#1300,.T.);
#803=EDGE_CURVE('',#1091,#1091,#58,.F.);
#804=EDGE_CURVE('',#1092,#1092,#59,.T.);
#805=EDGE_CURVE('',#1093,#1093,#60,.T.);
#806=EDGE_CURVE('',#1094,#1052,#1301,.T.);
#807=EDGE_CURVE('',#1094,#1078,#1302,.T.);
#808=EDGE_CURVE('',#1095,#1077,#1303,.T.);
#809=EDGE_CURVE('',#1060,#1095,#1304,.T.);
#810=EDGE_CURVE('',#1096,#1059,#61,.T.);
#811=EDGE_CURVE('',#1097,#1096,#1305,.T.);
#812=EDGE_CURVE('',#1053,#1097,#62,.T.);
#813=EDGE_CURVE('',#1098,#1098,#63,.T.);
#814=EDGE_CURVE('',#1099,#1099,#64,.T.);
#815=EDGE_CURVE('',#1100,#1100,#65,.T.);
#816=EDGE_CURVE('',#1101,#1101,#66,.T.);
#817=EDGE_CURVE('',#1102,#1102,#67,.T.);
#818=EDGE_CURVE('',#1103,#1103,#68,.T.);
#819=EDGE_CURVE('',#1104,#1104,#69,.T.);
#820=EDGE_CURVE('',#1105,#1106,#1306,.T.);
#821=EDGE_CURVE('',#1107,#1106,#1307,.T.);
#822=EDGE_CURVE('',#1108,#1107,#1308,.T.);
#823=EDGE_CURVE('',#1108,#1105,#1309,.T.);
#824=EDGE_CURVE('',#1109,#1110,#1310,.T.);
#825=EDGE_CURVE('',#1111,#1109,#1311,.T.);
#826=EDGE_CURVE('',#1111,#1112,#1312,.T.);
#827=EDGE_CURVE('',#1112,#1110,#1313,.T.);
#828=EDGE_CURVE('',#1113,#1114,#1314,.T.);
#829=EDGE_CURVE('',#1115,#1114,#1315,.T.);
#830=EDGE_CURVE('',#1116,#1115,#1316,.T.);
#831=EDGE_CURVE('',#1116,#1113,#1317,.T.);
#832=EDGE_CURVE('',#1117,#1117,#70,.T.);
#833=EDGE_CURVE('',#1118,#1119,#1318,.T.);
#834=EDGE_CURVE('',#1120,#1118,#1319,.T.);
#835=EDGE_CURVE('',#1120,#1121,#1320,.T.);
#836=EDGE_CURVE('',#1121,#1119,#1321,.T.);
#837=EDGE_CURVE('',#1122,#1123,#71,.T.);
#838=EDGE_CURVE('',#1122,#1124,#72,.T.);
#839=EDGE_CURVE('',#1124,#1125,#1322,.T.);
#840=EDGE_CURVE('',#1125,#1126,#73,.T.);
#841=EDGE_CURVE('',#1126,#1127,#74,.T.);
#842=EDGE_CURVE('',#1123,#1127,#1323,.T.);
#843=EDGE_CURVE('',#1125,#1128,#1324,.T.);
#844=EDGE_CURVE('',#1128,#1115,#75,.T.);
#845=EDGE_CURVE('',#1114,#1129,#76,.T.);
#846=EDGE_CURVE('',#1126,#1129,#1325,.T.);
#847=EDGE_CURVE('',#1128,#1130,#1326,.T.);
#848=EDGE_CURVE('',#1116,#1130,#77,.T.);
#849=EDGE_CURVE('',#1113,#1131,#78,.T.);
#850=EDGE_CURVE('',#1130,#1131,#1327,.T.);
#851=EDGE_CURVE('',#1132,#1109,#79,.T.);
#852=EDGE_CURVE('',#1133,#1132,#1328,.T.);
#853=EDGE_CURVE('',#1133,#1111,#80,.T.);
#854=EDGE_CURVE('',#1133,#1134,#1329,.T.);
#855=EDGE_CURVE('',#1112,#1134,#81,.T.);
#856=EDGE_CURVE('',#1135,#1110,#82,.T.);
#857=EDGE_CURVE('',#1124,#1134,#1330,.T.);
#858=EDGE_CURVE('',#1122,#1135,#1331,.T.);
#859=EDGE_CURVE('',#1136,#1137,#1332,.T.);
#860=EDGE_CURVE('',#1137,#1107,#83,.T.);
#861=EDGE_CURVE('',#1106,#1138,#84,.T.);
#862=EDGE_CURVE('',#1139,#1138,#1333,.T.);
#863=EDGE_CURVE('',#1136,#1139,#85,.T.);
#864=EDGE_CURVE('',#1140,#1137,#1334,.T.);
#865=EDGE_CURVE('',#1108,#1140,#86,.T.);
#866=EDGE_CURVE('',#1105,#1141,#87,.T.);
#867=EDGE_CURVE('',#1140,#1141,#1335,.T.);
#868=EDGE_CURVE('',#1142,#1141,#1336,.T.);
#869=EDGE_CURVE('',#1142,#1143,#1337,.T.);
#870=EDGE_CURVE('',#1143,#1132,#1338,.T.);
#871=EDGE_CURVE('',#1138,#1135,#88,.T.);
#872=EDGE_CURVE('',#1144,#1145,#1339,.T.);
#873=EDGE_CURVE('',#1144,#1118,#89,.T.);
#874=EDGE_CURVE('',#1146,#1119,#90,.T.);
#875=EDGE_CURVE('',#1146,#1129,#91,.T.);
#876=EDGE_CURVE('',#1131,#1147,#1340,.T.);
#877=EDGE_CURVE('',#1145,#1147,#1341,.T.);
#878=EDGE_CURVE('',#1148,#1144,#1342,.T.);
#879=EDGE_CURVE('',#1148,#1120,#92,.T.);
#880=EDGE_CURVE('',#1149,#1148,#1343,.T.);
#881=EDGE_CURVE('',#1121,#1149,#93,.T.);
#882=EDGE_CURVE('',#1150,#1149,#1344,.T.);
#883=EDGE_CURVE('',#1151,#1150,#94,.T.);
#884=EDGE_CURVE('',#1151,#1146,#1345,.T.);
#885=EDGE_CURVE('',#1136,#1150,#1346,.T.);
#886=EDGE_CURVE('',#1152,#1139,#95,.T.);
#887=EDGE_CURVE('',#1152,#1153,#1347,.T.);
#888=EDGE_CURVE('',#1153,#1151,#96,.T.);
#889=EDGE_CURVE('',#1154,#1153,#1348,.T.);
#890=EDGE_CURVE('',#1155,#1152,#1349,.T.);
#891=EDGE_CURVE('',#1155,#1154,#1350,.T.);
#892=EDGE_CURVE('',#1154,#1156,#97,.T.);
#893=EDGE_CURVE('',#1156,#1127,#1351,.T.);
#894=EDGE_CURVE('',#1157,#1123,#1352,.T.);
#895=EDGE_CURVE('',#1157,#1156,#1353,.T.);
#896=EDGE_CURVE('',#1155,#1157,#98,.T.);
#897=EDGE_CURVE('',#1158,#1142,#1354,.T.);
#898=EDGE_CURVE('',#1158,#1159,#1355,.T.);
#899=EDGE_CURVE('',#1159,#1143,#1356,.T.);
#900=EDGE_CURVE('',#1159,#1160,#1357,.T.);
#901=EDGE_CURVE('',#1160,#1147,#1358,.T.);
#902=EDGE_CURVE('',#1161,#1145,#1359,.T.);
#903=EDGE_CURVE('',#1161,#1160,#1360,.T.);
#904=EDGE_CURVE('',#1162,#1161,#1361,.T.);
#905=EDGE_CURVE('',#1162,#1163,#1362,.T.);
#906=EDGE_CURVE('',#1164,#1163,#1363,.T.);
#907=EDGE_CURVE('',#1165,#1164,#1364,.T.);
#908=EDGE_CURVE('',#1158,#1165,#1365,.T.);
#909=EDGE_CURVE('',#1166,#1166,#99,.T.);
#910=EDGE_CURVE('',#1167,#1167,#100,.T.);
#911=EDGE_CURVE('',#1168,#1169,#1366,.T.);
#912=EDGE_CURVE('',#1169,#1163,#1367,.T.);
#913=EDGE_CURVE('',#1168,#1162,#1368,.T.);
#914=EDGE_CURVE('',#1169,#1170,#1369,.T.);
#915=EDGE_CURVE('',#1170,#1164,#1370,.T.);
#916=EDGE_CURVE('',#1171,#1170,#1371,.T.);
#917=EDGE_CURVE('',#1171,#1165,#1372,.T.);
#918=EDGE_CURVE('',#1171,#1172,#1373,.T.);
#919=EDGE_CURVE('',#1173,#1172,#101,.T.);
#920=EDGE_CURVE('',#1173,#1174,#1374,.T.);
#921=EDGE_CURVE('',#1175,#1174,#102,.T.);
#922=EDGE_CURVE('',#1176,#1175,#1375,.T.);
#923=EDGE_CURVE('',#1177,#1176,#103,.T.);
#924=EDGE_CURVE('',#1178,#1177,#1376,.T.);
#925=EDGE_CURVE('',#1179,#1178,#104,.T.);
#926=EDGE_CURVE('',#1179,#1168,#1377,.T.);
#927=EDGE_CURVE('',#1180,#1180,#105,.T.);
#928=EDGE_CURVE('',#1181,#1181,#106,.T.);
#929=EDGE_CURVE('',#1173,#1182,#1378,.T.);
#930=EDGE_CURVE('',#1182,#1183,#1379,.T.);
#931=EDGE_CURVE('',#1174,#1183,#1380,.T.);
#932=EDGE_CURVE('',#1184,#1183,#107,.T.);
#933=EDGE_CURVE('',#1175,#1184,#1381,.T.);
#934=EDGE_CURVE('',#1185,#1184,#1382,.T.);
#935=EDGE_CURVE('',#1176,#1185,#1383,.T.);
#936=EDGE_CURVE('',#1186,#1185,#108,.T.);
#937=EDGE_CURVE('',#1177,#1186,#1384,.T.);
#938=EDGE_CURVE('',#1187,#1186,#1385,.T.);
#939=EDGE_CURVE('',#1178,#1187,#1386,.T.);
#940=EDGE_CURVE('',#1188,#1187,#109,.T.);
#941=EDGE_CURVE('',#1179,#1188,#1387,.T.);
#942=EDGE_CURVE('',#1188,#1189,#1388,.T.);
#943=EDGE_CURVE('',#1172,#1189,#1389,.T.);
#944=EDGE_CURVE('',#1182,#1189,#110,.T.);
#945=EDGE_CURVE('',#1190,#1191,#1390,.T.);
#946=EDGE_CURVE('',#1191,#1192,#1391,.T.);
#947=EDGE_CURVE('',#1193,#1192,#1392,.T.);
#948=EDGE_CURVE('',#1190,#1193,#1393,.T.);
#949=EDGE_CURVE('',#1194,#1193,#1394,.T.);
#950=EDGE_CURVE('',#1195,#1192,#1395,.T.);
#951=EDGE_CURVE('',#1194,#1195,#1396,.T.);
#952=EDGE_CURVE('',#1196,#1194,#1397,.T.);
#953=EDGE_CURVE('',#1197,#1195,#1398,.T.);
#954=EDGE_CURVE('',#1196,#1197,#1399,.T.);
#955=EDGE_CURVE('',#1197,#1191,#1400,.T.);
#956=EDGE_CURVE('',#1196,#1190,#1401,.T.);
#957=EDGE_CURVE('',#1198,#1199,#1402,.T.);
#958=EDGE_CURVE('',#1199,#1200,#1403,.T.);
#959=EDGE_CURVE('',#1201,#1200,#1404,.T.);
#960=EDGE_CURVE('',#1198,#1201,#1405,.T.);
#961=EDGE_CURVE('',#1200,#1202,#1406,.T.);
#962=EDGE_CURVE('',#1203,#1202,#1407,.T.);
#963=EDGE_CURVE('',#1201,#1203,#1408,.T.);
#964=EDGE_CURVE('',#1204,#1203,#1409,.T.);
#965=EDGE_CURVE('',#1205,#1202,#1410,.T.);
#966=EDGE_CURVE('',#1204,#1205,#1411,.T.);
#967=EDGE_CURVE('',#1198,#1204,#1412,.T.);
#968=EDGE_CURVE('',#1199,#1205,#1413,.T.);
#969=EDGE_CURVE('',#1206,#1207,#1414,.T.);
#970=EDGE_CURVE('',#1208,#1207,#1415,.T.);
#971=EDGE_CURVE('',#1209,#1208,#1416,.T.);
#972=EDGE_CURVE('',#1209,#1206,#1417,.T.);
#973=EDGE_CURVE('',#1210,#1211,#1418,.T.);
#974=EDGE_CURVE('',#1210,#1212,#1419,.T.);
#975=EDGE_CURVE('',#1212,#1213,#1420,.T.);
#976=EDGE_CURVE('',#1211,#1213,#1421,.T.);
#977=EDGE_CURVE('',#1211,#1214,#1422,.T.);
#978=EDGE_CURVE('',#1213,#1215,#1423,.T.);
#979=EDGE_CURVE('',#1214,#1215,#1424,.T.);
#980=EDGE_CURVE('',#1216,#1217,#1425,.T.);
#981=EDGE_CURVE('',#1216,#1214,#1426,.T.);
#982=EDGE_CURVE('',#1217,#1215,#1427,.T.);
#983=EDGE_CURVE('',#1210,#1216,#1428,.T.);
#984=EDGE_CURVE('',#1212,#1217,#1429,.T.);
#985=EDGE_CURVE('',#1042,#1096,#1430,.T.);
#986=EDGE_CURVE('',#1041,#1097,#1431,.T.);
#987=EDGE_CURVE('',#1035,#1206,#1432,.T.);
#988=EDGE_CURVE('',#1034,#1090,#1433,.T.);
#989=EDGE_CURVE('',#1089,#1207,#1434,.T.);
#990=EDGE_CURVE('',#1088,#1208,#1435,.T.);
#991=EDGE_CURVE('',#1209,#1087,#1436,.T.);
#992=EDGE_CURVE('',#1218,#1218,#111,.F.);
#993=EDGE_CURVE('',#1219,#1219,#112,.F.);
#994=EDGE_CURVE('',#1220,#1220,#113,.F.);
#995=EDGE_CURVE('',#1221,#1221,#114,.F.);
#996=EDGE_CURVE('',#1222,#1223,#1437,.T.);
#997=EDGE_CURVE('',#1086,#1222,#1438,.T.);
#998=EDGE_CURVE('',#1085,#1223,#1439,.T.);
#999=EDGE_CURVE('',#1224,#1224,#115,.F.);
#1000=EDGE_CURVE('',#1222,#1082,#1440,.T.);
#1001=EDGE_CURVE('',#1223,#1074,#1441,.T.);
#1002=EDGE_CURVE('',#1061,#1225,#1442,.T.);
#1003=EDGE_CURVE('',#1095,#1225,#1443,.T.);
#1004=EDGE_CURVE('',#1226,#1226,#116,.F.);
#1005=EDGE_CURVE('',#1225,#1076,#1444,.T.);
#1006=EDGE_CURVE('',#1227,#1227,#117,.F.);
#1007=EDGE_CURVE('',#1228,#1079,#1445,.T.);
#1008=EDGE_CURVE('',#1051,#1228,#1446,.T.);
#1009=EDGE_CURVE('',#1094,#1228,#1447,.T.);
#1010=EDGE_CURVE('',#1229,#1057,#1448,.T.);
#1011=EDGE_CURVE('',#1230,#1229,#1449,.T.);
#1012=EDGE_CURVE('',#1230,#1058,#1450,.T.);
#1013=EDGE_CURVE('',#1231,#1229,#1451,.T.);
#1014=EDGE_CURVE('',#1232,#1231,#1452,.T.);
#1015=EDGE_CURVE('',#1031,#1232,#1453,.T.);
#1016=EDGE_CURVE('',#1045,#1230,#1454,.T.);
#1017=EDGE_CURVE('',#1233,#1054,#1455,.T.);
#1018=EDGE_CURVE('',#1233,#1025,#1456,.T.);
#1019=EDGE_CURVE('',#1038,#1233,#1457,.T.);
#1020=EDGE_CURVE('',#1026,#1024,#1458,.T.);
#1021=EDGE_CURVE('',#1232,#1231,#118,.T.);
#1022=EDGE_CURVE('',#1026,#1024,#119,.T.);
#1023=EDGE_CURVE('',#1231,#1232,#120,.T.);
#1024=VERTEX_POINT('',#3021);
#1025=VERTEX_POINT('',#3022);
#1026=VERTEX_POINT('',#3024);
#1027=VERTEX_POINT('',#3026);
#1028=VERTEX_POINT('',#3028);
#1029=VERTEX_POINT('',#3030);
#1030=VERTEX_POINT('',#3034);
#1031=VERTEX_POINT('',#3035);
#1032=VERTEX_POINT('',#3037);
#1033=VERTEX_POINT('',#3039);
#1034=VERTEX_POINT('',#3041);
#1035=VERTEX_POINT('',#3043);
#1036=VERTEX_POINT('',#3045);
#1037=VERTEX_POINT('',#3047);
#1038=VERTEX_POINT('',#3050);
#1039=VERTEX_POINT('',#3052);
#1040=VERTEX_POINT('',#3054);
#1041=VERTEX_POINT('',#3056);
#1042=VERTEX_POINT('',#3058);
#1043=VERTEX_POINT('',#3060);
#1044=VERTEX_POINT('',#3062);
#1045=VERTEX_POINT('',#3064);
#1046=VERTEX_POINT('',#3067);
#1047=VERTEX_POINT('',#3069);
#1048=VERTEX_POINT('',#3072);
#1049=VERTEX_POINT('',#3074);
#1050=VERTEX_POINT('',#3076);
#1051=VERTEX_POINT('',#3078);
#1052=VERTEX_POINT('',#3080);
#1053=VERTEX_POINT('',#3082);
#1054=VERTEX_POINT('',#3085);
#1055=VERTEX_POINT('',#3089);
#1056=VERTEX_POINT('',#3091);
#1057=VERTEX_POINT('',#3093);
#1058=VERTEX_POINT('',#3095);
#1059=VERTEX_POINT('',#3098);
#1060=VERTEX_POINT('',#3100);
#1061=VERTEX_POINT('',#3102);
#1062=VERTEX_POINT('',#3104);
#1063=VERTEX_POINT('',#3108);
#1064=VERTEX_POINT('',#3109);
#1065=VERTEX_POINT('',#3111);
#1066=VERTEX_POINT('',#3113);
#1067=VERTEX_POINT('',#3117);
#1068=VERTEX_POINT('',#3118);
#1069=VERTEX_POINT('',#3123);
#1070=VERTEX_POINT('',#3124);
#1071=VERTEX_POINT('',#3132);
#1072=VERTEX_POINT('',#3134);
#1073=VERTEX_POINT('',#3136);
#1074=VERTEX_POINT('',#3137);
#1075=VERTEX_POINT('',#3139);
#1076=VERTEX_POINT('',#3142);
#1077=VERTEX_POINT('',#3144);
#1078=VERTEX_POINT('',#3146);
#1079=VERTEX_POINT('',#3148);
#1080=VERTEX_POINT('',#3151);
#1081=VERTEX_POINT('',#3153);
#1082=VERTEX_POINT('',#3155);
#1083=VERTEX_POINT('',#3159);
#1084=VERTEX_POINT('',#3161);
#1085=VERTEX_POINT('',#3163);
#1086=VERTEX_POINT('',#3165);
#1087=VERTEX_POINT('',#3168);
#1088=VERTEX_POINT('',#3170);
#1089=VERTEX_POINT('',#3172);
#1090=VERTEX_POINT('',#3174);
#1091=VERTEX_POINT('',#3178);
#1092=VERTEX_POINT('',#3180);
#1093=VERTEX_POINT('',#3182);
#1094=VERTEX_POINT('',#3184);
#1095=VERTEX_POINT('',#3187);
#1096=VERTEX_POINT('',#3190);
#1097=VERTEX_POINT('',#3192);
#1098=VERTEX_POINT('',#3196);
#1099=VERTEX_POINT('',#3199);
#1100=VERTEX_POINT('',#3202);
#1101=VERTEX_POINT('',#3205);
#1102=VERTEX_POINT('',#3208);
#1103=VERTEX_POINT('',#3211);
#1104=VERTEX_POINT('',#3214);
#1105=VERTEX_POINT('',#3217);
#1106=VERTEX_POINT('',#3218);
#1107=VERTEX_POINT('',#3220);
#1108=VERTEX_POINT('',#3222);
#1109=VERTEX_POINT('',#3226);
#1110=VERTEX_POINT('',#3227);
#1111=VERTEX_POINT('',#3229);
#1112=VERTEX_POINT('',#3231);
#1113=VERTEX_POINT('',#3235);
#1114=VERTEX_POINT('',#3236);
#1115=VERTEX_POINT('',#3238);
#1116=VERTEX_POINT('',#3240);
#1117=VERTEX_POINT('',#3244);
#1118=VERTEX_POINT('',#3247);
#1119=VERTEX_POINT('',#3248);
#1120=VERTEX_POINT('',#3250);
#1121=VERTEX_POINT('',#3252);
#1122=VERTEX_POINT('',#3256);
#1123=VERTEX_POINT('',#3257);
#1124=VERTEX_POINT('',#3259);
#1125=VERTEX_POINT('',#3261);
#1126=VERTEX_POINT('',#3263);
#1127=VERTEX_POINT('',#3265);
#1128=VERTEX_POINT('',#3269);
#1129=VERTEX_POINT('',#3272);
#1130=VERTEX_POINT('',#3276);
#1131=VERTEX_POINT('',#3280);
#1132=VERTEX_POINT('',#3284);
#1133=VERTEX_POINT('',#3286);
#1134=VERTEX_POINT('',#3290);
#1135=VERTEX_POINT('',#3294);
#1136=VERTEX_POINT('',#3299);
#1137=VERTEX_POINT('',#3300);
#1138=VERTEX_POINT('',#3303);
#1139=VERTEX_POINT('',#3305);
#1140=VERTEX_POINT('',#3309);
#1141=VERTEX_POINT('',#3313);
#1142=VERTEX_POINT('',#3317);
#1143=VERTEX_POINT('',#3319);
#1144=VERTEX_POINT('',#3324);
#1145=VERTEX_POINT('',#3325);
#1146=VERTEX_POINT('',#3328);
#1147=VERTEX_POINT('',#3331);
#1148=VERTEX_POINT('',#3335);
#1149=VERTEX_POINT('',#3339);
#1150=VERTEX_POINT('',#3343);
#1151=VERTEX_POINT('',#3345);
#1152=VERTEX_POINT('',#3350);
#1153=VERTEX_POINT('',#3352);
#1154=VERTEX_POINT('',#3356);
#1155=VERTEX_POINT('',#3358);
#1156=VERTEX_POINT('',#3362);
#1157=VERTEX_POINT('',#3366);
#1158=VERTEX_POINT('',#3372);
#1159=VERTEX_POINT('',#3374);
#1160=VERTEX_POINT('',#3378);
#1161=VERTEX_POINT('',#3382);
#1162=VERTEX_POINT('',#3386);
#1163=VERTEX_POINT('',#3388);
#1164=VERTEX_POINT('',#3390);
#1165=VERTEX_POINT('',#3392);
#1166=VERTEX_POINT('',#3396);
#1167=VERTEX_POINT('',#3398);
#1168=VERTEX_POINT('',#3401);
#1169=VERTEX_POINT('',#3402);
#1170=VERTEX_POINT('',#3407);
#1171=VERTEX_POINT('',#3411);
#1172=VERTEX_POINT('',#3415);
#1173=VERTEX_POINT('',#3417);
#1174=VERTEX_POINT('',#3419);
#1175=VERTEX_POINT('',#3421);
#1176=VERTEX_POINT('',#3423);
#1177=VERTEX_POINT('',#3425);
#1178=VERTEX_POINT('',#3427);
#1179=VERTEX_POINT('',#3429);
#1180=VERTEX_POINT('',#3433);
#1181=VERTEX_POINT('',#3436);
#1182=VERTEX_POINT('',#3439);
#1183=VERTEX_POINT('',#3441);
#1184=VERTEX_POINT('',#3445);
#1185=VERTEX_POINT('',#3449);
#1186=VERTEX_POINT('',#3453);
#1187=VERTEX_POINT('',#3457);
#1188=VERTEX_POINT('',#3461);
#1189=VERTEX_POINT('',#3465);
#1190=VERTEX_POINT('',#3471);
#1191=VERTEX_POINT('',#3472);
#1192=VERTEX_POINT('',#3474);
#1193=VERTEX_POINT('',#3476);
#1194=VERTEX_POINT('',#3480);
#1195=VERTEX_POINT('',#3482);
#1196=VERTEX_POINT('',#3486);
#1197=VERTEX_POINT('',#3488);
#1198=VERTEX_POINT('',#3495);
#1199=VERTEX_POINT('',#3496);
#1200=VERTEX_POINT('',#3498);
#1201=VERTEX_POINT('',#3500);
#1202=VERTEX_POINT('',#3504);
#1203=VERTEX_POINT('',#3506);
#1204=VERTEX_POINT('',#3510);
#1205=VERTEX_POINT('',#3512);
#1206=VERTEX_POINT('',#3519);
#1207=VERTEX_POINT('',#3520);
#1208=VERTEX_POINT('',#3522);
#1209=VERTEX_POINT('',#3524);
#1210=VERTEX_POINT('',#3528);
#1211=VERTEX_POINT('',#3529);
#1212=VERTEX_POINT('',#3531);
#1213=VERTEX_POINT('',#3533);
#1214=VERTEX_POINT('',#3537);
#1215=VERTEX_POINT('',#3539);
#1216=VERTEX_POINT('',#3543);
#1217=VERTEX_POINT('',#3544);
#1218=VERTEX_POINT('',#3567);
#1219=VERTEX_POINT('',#3569);
#1220=VERTEX_POINT('',#3572);
#1221=VERTEX_POINT('',#3574);
#1222=VERTEX_POINT('',#3577);
#1223=VERTEX_POINT('',#3578);
#1224=VERTEX_POINT('',#3583);
#1225=VERTEX_POINT('',#3588);
#1226=VERTEX_POINT('',#3592);
#1227=VERTEX_POINT('',#3596);
#1228=VERTEX_POINT('',#3598);
#1229=VERTEX_POINT('',#3611);
#1230=VERTEX_POINT('',#3613);
#1231=VERTEX_POINT('',#3617);
#1232=VERTEX_POINT('',#3619);
#1233=VERTEX_POINT('',#3624);
#1234=LINE('',#3020,#1459);
#1235=LINE('',#3025,#1460);
#1236=LINE('',#3027,#1461);
#1237=LINE('',#3029,#1462);
#1238=LINE('',#3031,#1463);
#1239=LINE('',#3033,#1464);
#1240=LINE('',#3036,#1465);
#1241=LINE('',#3038,#1466);
#1242=LINE('',#3040,#1467);
#1243=LINE('',#3042,#1468);
#1244=LINE('',#3044,#1469);
#1245=LINE('',#3046,#1470);
#1246=LINE('',#3048,#1471);
#1247=LINE('',#3049,#1472);
#1248=LINE('',#3051,#1473);
#1249=LINE('',#3053,#1474);
#1250=LINE('',#3057,#1475);
#1251=LINE('',#3061,#1476);
#1252=LINE('',#3063,#1477);
#1253=LINE('',#3065,#1478);
#1254=LINE('',#3075,#1479);
#1255=LINE('',#3077,#1480);
#1256=LINE('',#3079,#1481);
#1257=LINE('',#3081,#1482);
#1258=LINE('',#3083,#1483);
#1259=LINE('',#3084,#1484);
#1260=LINE('',#3086,#1485);
#1261=LINE('',#3092,#1486);
#1262=LINE('',#3094,#1487);
#1263=LINE('',#3096,#1488);
#1264=LINE('',#3097,#1489);
#1265=LINE('',#3099,#1490);
#1266=LINE('',#3101,#1491);
#1267=LINE('',#3103,#1492);
#1268=LINE('',#3105,#1493);
#1269=LINE('',#3107,#1494);
#1270=LINE('',#3110,#1495);
#1271=LINE('',#3112,#1496);
#1272=LINE('',#3114,#1497);
#1273=LINE('',#3116,#1498);
#1274=LINE('',#3119,#1499);
#1275=LINE('',#3120,#1500);
#1276=LINE('',#3122,#1501);
#1277=LINE('',#3125,#1502);
#1278=LINE('',#3126,#1503);
#1279=LINE('',#3128,#1504);
#1280=LINE('',#3129,#1505);
#1281=LINE('',#3135,#1506);
#1282=LINE('',#3138,#1507);
#1283=LINE('',#3140,#1508);
#1284=LINE('',#3141,#1509);
#1285=LINE('',#3143,#1510);
#1286=LINE('',#3145,#1511);
#1287=LINE('',#3147,#1512);
#1288=LINE('',#3149,#1513);
#1289=LINE('',#3150,#1514);
#1290=LINE('',#3152,#1515);
#1291=LINE('',#3154,#1516);
#1292=LINE('',#3156,#1517);
#1293=LINE('',#3162,#1518);
#1294=LINE('',#3164,#1519);
#1295=LINE('',#3166,#1520);
#1296=LINE('',#3167,#1521);
#1297=LINE('',#3169,#1522);
#1298=LINE('',#3171,#1523);
#1299=LINE('',#3173,#1524);
#1300=LINE('',#3175,#1525);
#1301=LINE('',#3183,#1526);
#1302=LINE('',#3185,#1527);
#1303=LINE('',#3186,#1528);
#1304=LINE('',#3188,#1529);
#1305=LINE('',#3191,#1530);
#1306=LINE('',#3216,#1531);
#1307=LINE('',#3219,#1532);
#1308=LINE('',#3221,#1533);
#1309=LINE('',#3223,#1534);
#1310=LINE('',#3225,#1535);
#1311=LINE('',#3228,#1536);
#1312=LINE('',#3230,#1537);
#1313=LINE('',#3232,#1538);
#1314=LINE('',#3234,#1539);
#1315=LINE('',#3237,#1540);
#1316=LINE('',#3239,#1541);
#1317=LINE('',#3241,#1542);
#1318=LINE('',#3246,#1543);
#1319=LINE('',#3249,#1544);
#1320=LINE('',#3251,#1545);
#1321=LINE('',#3253,#1546);
#1322=LINE('',#3260,#1547);
#1323=LINE('',#3266,#1548);
#1324=LINE('',#3268,#1549);
#1325=LINE('',#3273,#1550);
#1326=LINE('',#3275,#1551);
#1327=LINE('',#3281,#1552);
#1328=LINE('',#3285,#1553);
#1329=LINE('',#3289,#1554);
#1330=LINE('',#3295,#1555);
#1331=LINE('',#3296,#1556);
#1332=LINE('',#3298,#1557);
#1333=LINE('',#3304,#1558);
#1334=LINE('',#3308,#1559);
#1335=LINE('',#3314,#1560);
#1336=LINE('',#3316,#1561);
#1337=LINE('',#3318,#1562);
#1338=LINE('',#3320,#1563);
#1339=LINE('',#3323,#1564);
#1340=LINE('',#3330,#1565);
#1341=LINE('',#3332,#1566);
#1342=LINE('',#3334,#1567);
#1343=LINE('',#3338,#1568);
#1344=LINE('',#3342,#1569);
#1345=LINE('',#3346,#1570);
#1346=LINE('',#3348,#1571);
#1347=LINE('',#3351,#1572);
#1348=LINE('',#3355,#1573);
#1349=LINE('',#3357,#1574);
#1350=LINE('',#3359,#1575);
#1351=LINE('',#3363,#1576);
#1352=LINE('',#3365,#1577);
#1353=LINE('',#3367,#1578);
#1354=LINE('',#3371,#1579);
#1355=LINE('',#3373,#1580);
#1356=LINE('',#3375,#1581);
#1357=LINE('',#3377,#1582);
#1358=LINE('',#3379,#1583);
#1359=LINE('',#3381,#1584);
#1360=LINE('',#3383,#1585);
#1361=LINE('',#3385,#1586);
#1362=LINE('',#3387,#1587);
#1363=LINE('',#3389,#1588);
#1364=LINE('',#3391,#1589);
#1365=LINE('',#3393,#1590);
#1366=LINE('',#3400,#1591);
#1367=LINE('',#3403,#1592);
#1368=LINE('',#3404,#1593);
#1369=LINE('',#3406,#1594);
#1370=LINE('',#3408,#1595);
#1371=LINE('',#3410,#1596);
#1372=LINE('',#3412,#1597);
#1373=LINE('',#3414,#1598);
#1374=LINE('',#3418,#1599);
#1375=LINE('',#3422,#1600);
#1376=LINE('',#3426,#1601);
#1377=LINE('',#3430,#1602);
#1378=LINE('',#3438,#1603);
#1379=LINE('',#3440,#1604);
#1380=LINE('',#3442,#1605);
#1381=LINE('',#3446,#1606);
#1382=LINE('',#3448,#1607);
#1383=LINE('',#3450,#1608);
#1384=LINE('',#3454,#1609);
#1385=LINE('',#3456,#1610);
#1386=LINE('',#3458,#1611);
#1387=LINE('',#3462,#1612);
#1388=LINE('',#3464,#1613);
#1389=LINE('',#3466,#1614);
#1390=LINE('',#3470,#1615);
#1391=LINE('',#3473,#1616);
#1392=LINE('',#3475,#1617);
#1393=LINE('',#3477,#1618);
#1394=LINE('',#3479,#1619);
#1395=LINE('',#3481,#1620);
#1396=LINE('',#3483,#1621);
#1397=LINE('',#3485,#1622);
#1398=LINE('',#3487,#1623);
#1399=LINE('',#3489,#1624);
#1400=LINE('',#3491,#1625);
#1401=LINE('',#3492,#1626);
#1402=LINE('',#3494,#1627);
#1403=LINE('',#3497,#1628);
#1404=LINE('',#3499,#1629);
#1405=LINE('',#3501,#1630);
#1406=LINE('',#3503,#1631);
#1407=LINE('',#3505,#1632);
#1408=LINE('',#3507,#1633);
#1409=LINE('',#3509,#1634);
#1410=LINE('',#3511,#1635);
#1411=LINE('',#3513,#1636);
#1412=LINE('',#3515,#1637);
#1413=LINE('',#3516,#1638);
#1414=LINE('',#3518,#1639);
#1415=LINE('',#3521,#1640);
#1416=LINE('',#3523,#1641);
#1417=LINE('',#3525,#1642);
#1418=LINE('',#3527,#1643);
#1419=LINE('',#3530,#1644);
#1420=LINE('',#3532,#1645);
#1421=LINE('',#3534,#1646);
#1422=LINE('',#3536,#1647);
#1423=LINE('',#3538,#1648);
#1424=LINE('',#3540,#1649);
#1425=LINE('',#3542,#1650);
#1426=LINE('',#3545,#1651);
#1427=LINE('',#3546,#1652);
#1428=LINE('',#3548,#1653);
#1429=LINE('',#3549,#1654);
#1430=LINE('',#3551,#1655);
#1431=LINE('',#3553,#1656);
#1432=LINE('',#3558,#1657);
#1433=LINE('',#3559,#1658);
#1434=LINE('',#3560,#1659);
#1435=LINE('',#3562,#1660);
#1436=LINE('',#3564,#1661);
#1437=LINE('',#3576,#1662);
#1438=LINE('',#3579,#1663);
#1439=LINE('',#3580,#1664);
#1440=LINE('',#3584,#1665);
#1441=LINE('',#3585,#1666);
#1442=LINE('',#3587,#1667);
#1443=LINE('',#3589,#1668);
#1444=LINE('',#3593,#1669);
#1445=LINE('',#3597,#1670);
#1446=LINE('',#3599,#1671);
#1447=LINE('',#3601,#1672);
#1448=LINE('',#3610,#1673);
#1449=LINE('',#3612,#1674);
#1450=LINE('',#3614,#1675);
#1451=LINE('',#3616,#1676);
#1452=LINE('',#3618,#1677);
#1453=LINE('',#3620,#1678);
#1454=LINE('',#3621,#1679);
#1455=LINE('',#3623,#1680);
#1456=LINE('',#3625,#1681);
#1457=LINE('',#3627,#1682);
#1458=LINE('',#3628,#1683);
#1459=VECTOR('',#2417,1.);
#1460=VECTOR('',#2420,1.);
#1461=VECTOR('',#2421,1.);
#1462=VECTOR('',#2422,1.);
#1463=VECTOR('',#2423,1.);
#1464=VECTOR('',#2426,1.);
#1465=VECTOR('',#2427,1.);
#1466=VECTOR('',#2428,1.);
#1467=VECTOR('',#2429,1.);
#1468=VECTOR('',#2430,1.);
#1469=VECTOR('',#2431,1.);
#1470=VECTOR('',#2432,1.);
#1471=VECTOR('',#2433,1.);
#1472=VECTOR('',#2434,1.);
#1473=VECTOR('',#2435,1.);
#1474=VECTOR('',#2436,1.);
#1475=VECTOR('',#2439,1.);
#1476=VECTOR('',#2442,1.);
#1477=VECTOR('',#2443,1.);
#1478=VECTOR('',#2444,1.);
#1479=VECTOR('',#2455,1.);
#1480=VECTOR('',#2456,1.);
#1481=VECTOR('',#2457,1.);
#1482=VECTOR('',#2458,1.);
#1483=VECTOR('',#2459,1.);
#1484=VECTOR('',#2460,1.);
#1485=VECTOR('',#2461,1.);
#1486=VECTOR('',#2468,1.);
#1487=VECTOR('',#2469,1.);
#1488=VECTOR('',#2470,1.);
#1489=VECTOR('',#2471,1.);
#1490=VECTOR('',#2472,1.);
#1491=VECTOR('',#2473,1.);
#1492=VECTOR('',#2474,1.);
#1493=VECTOR('',#2475,1.);
#1494=VECTOR('',#2478,1.);
#1495=VECTOR('',#2479,1.);
#1496=VECTOR('',#2480,1.);
#1497=VECTOR('',#2481,1.);
#1498=VECTOR('',#2484,1.);
#1499=VECTOR('',#2485,1.);
#1500=VECTOR('',#2486,1.);
#1501=VECTOR('',#2489,1.);
#1502=VECTOR('',#2490,1.);
#1503=VECTOR('',#2491,1.);
#1504=VECTOR('',#2494,1.);
#1505=VECTOR('',#2495,1.);
#1506=VECTOR('',#2502,1.);
#1507=VECTOR('',#2503,1.);
#1508=VECTOR('',#2504,1.);
#1509=VECTOR('',#2505,1.);
#1510=VECTOR('',#2506,1.);
#1511=VECTOR('',#2507,1.);
#1512=VECTOR('',#2508,1.);
#1513=VECTOR('',#2509,1.);
#1514=VECTOR('',#2510,1.);
#1515=VECTOR('',#2511,1.);
#1516=VECTOR('',#2512,1.);
#1517=VECTOR('',#2513,1.);
#1518=VECTOR('',#2520,1.);
#1519=VECTOR('',#2521,1.);
#1520=VECTOR('',#2522,1.);
#1521=VECTOR('',#2523,1.);
#1522=VECTOR('',#2524,1.);
#1523=VECTOR('',#2525,1.);
#1524=VECTOR('',#2526,1.);
#1525=VECTOR('',#2527,1.);
#1526=VECTOR('',#2536,1.);
#1527=VECTOR('',#2537,1.);
#1528=VECTOR('',#2538,1.);
#1529=VECTOR('',#2539,1.);
#1530=VECTOR('',#2542,1.);
#1531=VECTOR('',#2575,1.);
#1532=VECTOR('',#2576,1.);
#1533=VECTOR('',#2577,1.);
#1534=VECTOR('',#2578,1.);
#1535=VECTOR('',#2581,1.);
#1536=VECTOR('',#2582,1.);
#1537=VECTOR('',#2583,1.);
#1538=VECTOR('',#2584,1.);
#1539=VECTOR('',#2587,1.);
#1540=VECTOR('',#2588,1.);
#1541=VECTOR('',#2589,1.);
#1542=VECTOR('',#2590,1.);
#1543=VECTOR('',#2597,1.);
#1544=VECTOR('',#2598,1.);
#1545=VECTOR('',#2599,1.);
#1546=VECTOR('',#2600,1.);
#1547=VECTOR('',#2607,1.);
#1548=VECTOR('',#2612,1.);
#1549=VECTOR('',#2615,1.);
#1550=VECTOR('',#2620,1.);
#1551=VECTOR('',#2623,1.);
#1552=VECTOR('',#2630,1.);
#1553=VECTOR('',#2635,1.);
#1554=VECTOR('',#2640,1.);
#1555=VECTOR('',#2647,1.);
#1556=VECTOR('',#2648,1.);
#1557=VECTOR('',#2651,1.);
#1558=VECTOR('',#2656,1.);
#1559=VECTOR('',#2661,1.);
#1560=VECTOR('',#2668,1.);
#1561=VECTOR('',#2671,1.);
#1562=VECTOR('',#2672,1.);
#1563=VECTOR('',#2673,1.);
#1564=VECTOR('',#2678,1.);
#1565=VECTOR('',#2685,1.);
#1566=VECTOR('',#2686,1.);
#1567=VECTOR('',#2689,1.);
#1568=VECTOR('',#2694,1.);
#1569=VECTOR('',#2699,1.);
#1570=VECTOR('',#2702,1.);
#1571=VECTOR('',#2705,1.);
#1572=VECTOR('',#2708,1.);
#1573=VECTOR('',#2713,1.);
#1574=VECTOR('',#2714,1.);
#1575=VECTOR('',#2715,1.);
#1576=VECTOR('',#2720,1.);
#1577=VECTOR('',#2723,1.);
#1578=VECTOR('',#2724,1.);
#1579=VECTOR('',#2731,1.);
#1580=VECTOR('',#2732,1.);
#1581=VECTOR('',#2733,1.);
#1582=VECTOR('',#2736,1.);
#1583=VECTOR('',#2737,1.);
#1584=VECTOR('',#2740,1.);
#1585=VECTOR('',#2741,1.);
#1586=VECTOR('',#2744,1.);
#1587=VECTOR('',#2745,1.);
#1588=VECTOR('',#2746,1.);
#1589=VECTOR('',#2747,1.);
#1590=VECTOR('',#2748,1.);
#1591=VECTOR('',#2757,1.);
#1592=VECTOR('',#2758,1.);
#1593=VECTOR('',#2759,1.);
#1594=VECTOR('',#2762,1.);
#1595=VECTOR('',#2763,1.);
#1596=VECTOR('',#2766,1.);
#1597=VECTOR('',#2767,1.);
#1598=VECTOR('',#2770,1.);
#1599=VECTOR('',#2773,1.);
#1600=VECTOR('',#2776,1.);
#1601=VECTOR('',#2779,1.);
#1602=VECTOR('',#2782,1.);
#1603=VECTOR('',#2793,1.);
#1604=VECTOR('',#2794,1.);
#1605=VECTOR('',#2795,1.);
#1606=VECTOR('',#2800,1.);
#1607=VECTOR('',#2803,1.);
#1608=VECTOR('',#2804,1.);
#1609=VECTOR('',#2809,1.);
#1610=VECTOR('',#2812,1.);
#1611=VECTOR('',#2813,1.);
#1612=VECTOR('',#2818,1.);
#1613=VECTOR('',#2821,1.);
#1614=VECTOR('',#2822,1.);
#1615=VECTOR('',#2829,1.);
#1616=VECTOR('',#2830,1.);
#1617=VECTOR('',#2831,1.);
#1618=VECTOR('',#2832,1.);
#1619=VECTOR('',#2835,1.);
#1620=VECTOR('',#2836,1.);
#1621=VECTOR('',#2837,1.);
#1622=VECTOR('',#2840,1.);
#1623=VECTOR('',#2841,1.);
#1624=VECTOR('',#2842,1.);
#1625=VECTOR('',#2845,1.);
#1626=VECTOR('',#2846,1.);
#1627=VECTOR('',#2849,1.);
#1628=VECTOR('',#2850,1.);
#1629=VECTOR('',#2851,1.);
#1630=VECTOR('',#2852,1.);
#1631=VECTOR('',#2855,1.);
#1632=VECTOR('',#2856,1.);
#1633=VECTOR('',#2857,1.);
#1634=VECTOR('',#2860,1.);
#1635=VECTOR('',#2861,1.);
#1636=VECTOR('',#2862,1.);
#1637=VECTOR('',#2865,1.);
#1638=VECTOR('',#2866,1.);
#1639=VECTOR('',#2869,1.);
#1640=VECTOR('',#2870,1.);
#1641=VECTOR('',#2871,1.);
#1642=VECTOR('',#2872,1.);
#1643=VECTOR('',#2875,1.);
#1644=VECTOR('',#2876,1.);
#1645=VECTOR('',#2877,1.);
#1646=VECTOR('',#2878,1.);
#1647=VECTOR('',#2881,1.);
#1648=VECTOR('',#2882,1.);
#1649=VECTOR('',#2883,1.);
#1650=VECTOR('',#2886,1.);
#1651=VECTOR('',#2887,1.);
#1652=VECTOR('',#2888,1.);
#1653=VECTOR('',#2891,1.);
#1654=VECTOR('',#2892,1.);
#1655=VECTOR('',#2895,1.);
#1656=VECTOR('',#2898,1.);
#1657=VECTOR('',#2907,1.);
#1658=VECTOR('',#2908,1.);
#1659=VECTOR('',#2909,1.);
#1660=VECTOR('',#2912,1.);
#1661=VECTOR('',#2915,1.);
#1662=VECTOR('',#2930,1.);
#1663=VECTOR('',#2931,1.);
#1664=VECTOR('',#2932,1.);
#1665=VECTOR('',#2937,1.);
#1666=VECTOR('',#2938,1.);
#1667=VECTOR('',#2941,1.);
#1668=VECTOR('',#2942,1.);
#1669=VECTOR('',#2947,1.);
#1670=VECTOR('',#2952,1.);
#1671=VECTOR('',#2953,1.);
#1672=VECTOR('',#2956,1.);
#1673=VECTOR('',#2973,1.);
#1674=VECTOR('',#2974,1.);
#1675=VECTOR('',#2975,1.);
#1676=VECTOR('',#2978,1.);
#1677=VECTOR('',#2979,1.);
#1678=VECTOR('',#2980,1.);
#1679=VECTOR('',#2981,1.);
#1680=VECTOR('',#2984,1.);
#1681=VECTOR('',#2985,1.);
#1682=VECTOR('',#2988,1.);
#1683=VECTOR('',#2989,1.);
#1684=EDGE_LOOP('',(#121,#122,#123,#124,#125,#126));
#1685=EDGE_LOOP('',(#127,#128,#129,#130,#131,#132,#133,#134,#135,#136,#137,
#138,#139,#140,#141,#142,#143,#144));
#1686=EDGE_LOOP('',(#145));
#1687=EDGE_LOOP('',(#146));
#1688=EDGE_LOOP('',(#147));
#1689=EDGE_LOOP('',(#148));
#1690=EDGE_LOOP('',(#149,#150,#151,#152,#153,#154,#155,#156,#157,#158));
#1691=EDGE_LOOP('',(#159));
#1692=EDGE_LOOP('',(#160));
#1693=EDGE_LOOP('',(#161,#162,#163,#164,#165,#166,#167,#168,#169,#170));
#1694=EDGE_LOOP('',(#171,#172,#173,#174));
#1695=EDGE_LOOP('',(#175,#176,#177,#178));
#1696=EDGE_LOOP('',(#179,#180,#181,#182));
#1697=EDGE_LOOP('',(#183,#184,#185,#186));
#1698=EDGE_LOOP('',(#187));
#1699=EDGE_LOOP('',(#188));
#1700=EDGE_LOOP('',(#189,#190,#191,#192,#193,#194,#195,#196,#197,#198,#199,
#200,#201,#202,#203,#204));
#1701=EDGE_LOOP('',(#205));
#1702=EDGE_LOOP('',(#206));
#1703=EDGE_LOOP('',(#207,#208,#209,#210,#211,#212,#213,#214,#215,#216));
#1704=EDGE_LOOP('',(#217));
#1705=EDGE_LOOP('',(#218));
#1706=EDGE_LOOP('',(#219));
#1707=EDGE_LOOP('',(#220,#221,#222,#223,#224,#225,#226,#227,#228,#229));
#1708=EDGE_LOOP('',(#230));
#1709=EDGE_LOOP('',(#231));
#1710=EDGE_LOOP('',(#232));
#1711=EDGE_LOOP('',(#233));
#1712=EDGE_LOOP('',(#234));
#1713=EDGE_LOOP('',(#235));
#1714=EDGE_LOOP('',(#236));
#1715=EDGE_LOOP('',(#237));
#1716=EDGE_LOOP('',(#238));
#1717=EDGE_LOOP('',(#239));
#1718=EDGE_LOOP('',(#240,#241,#242,#243));
#1719=EDGE_LOOP('',(#244,#245,#246,#247));
#1720=EDGE_LOOP('',(#248,#249,#250,#251));
#1721=EDGE_LOOP('',(#252));
#1722=EDGE_LOOP('',(#253));
#1723=EDGE_LOOP('',(#254,#255,#256,#257));
#1724=EDGE_LOOP('',(#258,#259,#260,#261,#262,#263));
#1725=EDGE_LOOP('',(#264,#265,#266,#267,#268,#269));
#1726=EDGE_LOOP('',(#270,#271,#272,#273));
#1727=EDGE_LOOP('',(#274));
#1728=EDGE_LOOP('',(#275,#276,#277,#278));
#1729=EDGE_LOOP('',(#279,#280,#281,#282));
#1730=EDGE_LOOP('',(#283,#284,#285,#286));
#1731=EDGE_LOOP('',(#287));
#1732=EDGE_LOOP('',(#288,#289,#290,#291,#292,#293));
#1733=EDGE_LOOP('',(#294,#295,#296,#297,#298,#299));
#1734=EDGE_LOOP('',(#300));
#1735=EDGE_LOOP('',(#301,#302,#303,#304));
#1736=EDGE_LOOP('',(#305,#306,#307,#308));
#1737=EDGE_LOOP('',(#309,#310,#311,#312,#313,#314,#315,#316,#317,#318));
#1738=EDGE_LOOP('',(#319,#320,#321,#322,#323,#324,#325,#326,#327,#328));
#1739=EDGE_LOOP('',(#329,#330,#331,#332));
#1740=EDGE_LOOP('',(#333));
#1741=EDGE_LOOP('',(#334,#335,#336,#337));
#1742=EDGE_LOOP('',(#338,#339,#340,#341,#342,#343));
#1743=EDGE_LOOP('',(#344,#345,#346,#347,#348,#349));
#1744=EDGE_LOOP('',(#350,#351,#352,#353));
#1745=EDGE_LOOP('',(#354,#355,#356,#357,#358,#359,#360,#361));
#1746=EDGE_LOOP('',(#362,#363,#364,#365));
#1747=EDGE_LOOP('',(#366,#367,#368,#369,#370,#371,#372,#373));
#1748=EDGE_LOOP('',(#374,#375,#376,#377));
#1749=EDGE_LOOP('',(#378,#379,#380,#381,#382,#383,#384,#385,#386,#387,#388,
#389));
#1750=EDGE_LOOP('',(#390,#391,#392,#393));
#1751=EDGE_LOOP('',(#394,#395,#396,#397,#398,#399,#400,#401,#402,#403,#404,
#405,#406,#407,#408,#409));
#1752=EDGE_LOOP('',(#410,#411,#412,#413));
#1753=EDGE_LOOP('',(#414));
#1754=EDGE_LOOP('',(#415));
#1755=EDGE_LOOP('',(#416,#417,#418,#419));
#1756=EDGE_LOOP('',(#420,#421,#422,#423));
#1757=EDGE_LOOP('',(#424,#425,#426,#427));
#1758=EDGE_LOOP('',(#428,#429,#430,#431,#432,#433,#434,#435,#436,#437,#438,
#439,#440,#441,#442,#443));
#1759=EDGE_LOOP('',(#444));
#1760=EDGE_LOOP('',(#445));
#1761=EDGE_LOOP('',(#446));
#1762=EDGE_LOOP('',(#447));
#1763=EDGE_LOOP('',(#448,#449,#450,#451));
#1764=EDGE_LOOP('',(#452,#453,#454,#455));
#1765=EDGE_LOOP('',(#456,#457,#458,#459));
#1766=EDGE_LOOP('',(#460,#461,#462,#463));
#1767=EDGE_LOOP('',(#464,#465,#466,#467));
#1768=EDGE_LOOP('',(#468,#469,#470,#471));
#1769=EDGE_LOOP('',(#472,#473,#474,#475,#476,#477,#478,#479));
#1770=EDGE_LOOP('',(#480,#481,#482,#483));
#1771=EDGE_LOOP('',(#484,#485,#486,#487));
#1772=EDGE_LOOP('',(#488,#489,#490,#491));
#1773=EDGE_LOOP('',(#492,#493,#494,#495));
#1774=EDGE_LOOP('',(#496,#497,#498,#499));
#1775=EDGE_LOOP('',(#500,#501,#502,#503));
#1776=EDGE_LOOP('',(#504,#505,#506,#507));
#1777=EDGE_LOOP('',(#508,#509,#510,#511));
#1778=EDGE_LOOP('',(#512,#513,#514,#515));
#1779=EDGE_LOOP('',(#516,#517,#518,#519));
#1780=EDGE_LOOP('',(#520,#521,#522,#523));
#1781=EDGE_LOOP('',(#524,#525,#526,#527));
#1782=EDGE_LOOP('',(#528,#529,#530,#531));
#1783=EDGE_LOOP('',(#532,#533,#534,#535));
#1784=EDGE_LOOP('',(#536,#537,#538,#539));
#1785=EDGE_LOOP('',(#540,#541,#542,#543));
#1786=EDGE_LOOP('',(#544,#545,#546,#547));
#1787=EDGE_LOOP('',(#548));
#1788=EDGE_LOOP('',(#549));
#1789=EDGE_LOOP('',(#550,#551,#552,#553));
#1790=EDGE_LOOP('',(#554,#555,#556,#557));
#1791=EDGE_LOOP('',(#558));
#1792=EDGE_LOOP('',(#559));
#1793=EDGE_LOOP('',(#560));
#1794=EDGE_LOOP('',(#561));
#1795=EDGE_LOOP('',(#562,#563,#564,#565,#566,#567,#568,#569));
#1796=EDGE_LOOP('',(#570,#571,#572,#573,#574,#575));
#1797=EDGE_LOOP('',(#576,#577,#578,#579));
#1798=EDGE_LOOP('',(#580,#581,#582,#583));
#1799=EDGE_LOOP('',(#584,#585,#586,#587));
#1800=EDGE_LOOP('',(#588,#589,#590,#591));
#1801=EDGE_LOOP('',(#592));
#1802=EDGE_LOOP('',(#593));
#1803=EDGE_LOOP('',(#594,#595,#596,#597));
#1804=EDGE_LOOP('',(#598,#599,#600,#601,#602,#603));
#1805=EDGE_LOOP('',(#604));
#1806=EDGE_LOOP('',(#605));
#1807=EDGE_LOOP('',(#606,#607,#608,#609));
#1808=EDGE_LOOP('',(#610,#611,#612,#613));
#1809=EDGE_LOOP('',(#614,#615,#616,#617));
#1810=EDGE_LOOP('',(#618));
#1811=EDGE_LOOP('',(#619,#620,#621,#622));
#1812=EDGE_LOOP('',(#623,#624,#625,#626));
#1813=EDGE_LOOP('',(#627));
#1814=EDGE_LOOP('',(#628,#629,#630,#631));
#1815=EDGE_LOOP('',(#632));
#1816=EDGE_LOOP('',(#633,#634,#635,#636));
#1817=EDGE_LOOP('',(#637,#638,#639,#640));
#1818=EDGE_LOOP('',(#641,#642,#643,#644));
#1819=EDGE_LOOP('',(#645,#646,#647,#648));
#1820=EDGE_LOOP('',(#649,#650,#651,#652));
#1821=EDGE_LOOP('',(#653,#654,#655,#656));
#1822=EDGE_LOOP('',(#657));
#1823=EDGE_LOOP('',(#658));
#1824=EDGE_LOOP('',(#659));
#1825=EDGE_LOOP('',(#660));
#1826=EDGE_LOOP('',(#661));
#1827=EDGE_LOOP('',(#662));
#1828=EDGE_LOOP('',(#663,#664,#665,#666));
#1829=EDGE_LOOP('',(#667,#668,#669,#670));
#1830=EDGE_LOOP('',(#671,#672,#673,#674,#675,#676));
#1831=EDGE_LOOP('',(#677,#678,#679,#680));
#1832=EDGE_LOOP('',(#681,#682,#683,#684));
#1833=EDGE_LOOP('',(#685,#686,#687,#688,#689,#690));
#1834=EDGE_LOOP('',(#691,#692,#693,#694));
#1835=EDGE_LOOP('',(#695,#696,#697,#698));
#1836=EDGE_LOOP('',(#699,#700,#701,#702,#703,#704));
#1837=EDGE_LOOP('',(#705));
#1838=EDGE_LOOP('',(#706));
#1839=EDGE_LOOP('',(#707));
#1840=EDGE_LOOP('',(#708));
#1841=EDGE_LOOP('',(#709));
#1842=EDGE_LOOP('',(#710));
#1843=EDGE_LOOP('',(#711));
#1844=EDGE_LOOP('',(#712));
#1845=EDGE_LOOP('',(#713));
#1846=EDGE_LOOP('',(#714,#715));
#1847=EDGE_LOOP('',(#716,#717));
#1848=EDGE_LOOP('',(#718,#719));
#1849=EDGE_LOOP('',(#720));
#1850=EDGE_LOOP('',(#721,#722));
#1851=FACE_BOUND('',#1684,.T.);
#1852=FACE_BOUND('',#1685,.T.);
#1853=FACE_BOUND('',#1686,.T.);
#1854=FACE_BOUND('',#1687,.T.);
#1855=FACE_BOUND('',#1688,.T.);
#1856=FACE_BOUND('',#1689,.T.);
#1857=FACE_BOUND('',#1690,.T.);
#1858=FACE_BOUND('',#1691,.T.);
#1859=FACE_BOUND('',#1692,.T.);
#1860=FACE_BOUND('',#1693,.T.);
#1861=FACE_BOUND('',#1694,.T.);
#1862=FACE_BOUND('',#1695,.T.);
#1863=FACE_BOUND('',#1696,.T.);
#1864=FACE_BOUND('',#1697,.T.);
#1865=FACE_BOUND('',#1698,.T.);
#1866=FACE_BOUND('',#1699,.T.);
#1867=FACE_BOUND('',#1700,.T.);
#1868=FACE_BOUND('',#1701,.T.);
#1869=FACE_BOUND('',#1702,.T.);
#1870=FACE_BOUND('',#1703,.T.);
#1871=FACE_BOUND('',#1704,.T.);
#1872=FACE_BOUND('',#1705,.T.);
#1873=FACE_BOUND('',#1706,.T.);
#1874=FACE_BOUND('',#1707,.T.);
#1875=FACE_BOUND('',#1708,.T.);
#1876=FACE_BOUND('',#1709,.T.);
#1877=FACE_BOUND('',#1710,.T.);
#1878=FACE_BOUND('',#1711,.T.);
#1879=FACE_BOUND('',#1712,.T.);
#1880=FACE_BOUND('',#1713,.T.);
#1881=FACE_BOUND('',#1714,.T.);
#1882=FACE_BOUND('',#1715,.T.);
#1883=FACE_BOUND('',#1716,.T.);
#1884=FACE_BOUND('',#1717,.T.);
#1885=FACE_BOUND('',#1718,.T.);
#1886=FACE_BOUND('',#1719,.T.);
#1887=FACE_BOUND('',#1720,.T.);
#1888=FACE_BOUND('',#1721,.T.);
#1889=FACE_BOUND('',#1722,.T.);
#1890=FACE_BOUND('',#1723,.T.);
#1891=FACE_BOUND('',#1724,.T.);
#1892=FACE_BOUND('',#1725,.T.);
#1893=FACE_BOUND('',#1726,.T.);
#1894=FACE_BOUND('',#1727,.T.);
#1895=FACE_BOUND('',#1728,.T.);
#1896=FACE_BOUND('',#1729,.T.);
#1897=FACE_BOUND('',#1730,.T.);
#1898=FACE_BOUND('',#1731,.T.);
#1899=FACE_BOUND('',#1732,.T.);
#1900=FACE_BOUND('',#1733,.T.);
#1901=FACE_BOUND('',#1734,.T.);
#1902=FACE_BOUND('',#1735,.T.);
#1903=FACE_BOUND('',#1736,.T.);
#1904=FACE_BOUND('',#1737,.T.);
#1905=FACE_BOUND('',#1738,.T.);
#1906=FACE_BOUND('',#1739,.T.);
#1907=FACE_BOUND('',#1740,.T.);
#1908=FACE_BOUND('',#1741,.T.);
#1909=FACE_BOUND('',#1742,.T.);
#1910=FACE_BOUND('',#1743,.T.);
#1911=FACE_BOUND('',#1744,.T.);
#1912=FACE_BOUND('',#1745,.T.);
#1913=FACE_BOUND('',#1746,.T.);
#1914=FACE_BOUND('',#1747,.T.);
#1915=FACE_BOUND('',#1748,.T.);
#1916=FACE_BOUND('',#1749,.T.);
#1917=FACE_BOUND('',#1750,.T.);
#1918=FACE_BOUND('',#1751,.T.);
#1919=FACE_BOUND('',#1752,.T.);
#1920=FACE_BOUND('',#1753,.T.);
#1921=FACE_BOUND('',#1754,.T.);
#1922=FACE_BOUND('',#1755,.T.);
#1923=FACE_BOUND('',#1756,.T.);
#1924=FACE_BOUND('',#1757,.T.);
#1925=FACE_BOUND('',#1758,.T.);
#1926=FACE_BOUND('',#1759,.T.);
#1927=FACE_BOUND('',#1760,.T.);
#1928=FACE_BOUND('',#1761,.T.);
#1929=FACE_BOUND('',#1762,.T.);
#1930=FACE_BOUND('',#1763,.T.);
#1931=FACE_BOUND('',#1764,.T.);
#1932=FACE_BOUND('',#1765,.T.);
#1933=FACE_BOUND('',#1766,.T.);
#1934=FACE_BOUND('',#1767,.T.);
#1935=FACE_BOUND('',#1768,.T.);
#1936=FACE_BOUND('',#1769,.T.);
#1937=FACE_BOUND('',#1770,.T.);
#1938=FACE_BOUND('',#1771,.T.);
#1939=FACE_BOUND('',#1772,.T.);
#1940=FACE_BOUND('',#1773,.T.);
#1941=FACE_BOUND('',#1774,.T.);
#1942=FACE_BOUND('',#1775,.T.);
#1943=FACE_BOUND('',#1776,.T.);
#1944=FACE_BOUND('',#1777,.T.);
#1945=FACE_BOUND('',#1778,.T.);
#1946=FACE_BOUND('',#1779,.T.);
#1947=FACE_BOUND('',#1780,.T.);
#1948=FACE_BOUND('',#1781,.T.);
#1949=FACE_BOUND('',#1782,.T.);
#1950=FACE_BOUND('',#1783,.T.);
#1951=FACE_BOUND('',#1784,.T.);
#1952=FACE_BOUND('',#1785,.T.);
#1953=FACE_BOUND('',#1786,.T.);
#1954=FACE_BOUND('',#1787,.T.);
#1955=FACE_BOUND('',#1788,.T.);
#1956=FACE_BOUND('',#1789,.T.);
#1957=FACE_BOUND('',#1790,.T.);
#1958=FACE_BOUND('',#1791,.T.);
#1959=FACE_BOUND('',#1792,.T.);
#1960=FACE_BOUND('',#1793,.T.);
#1961=FACE_BOUND('',#1794,.T.);
#1962=FACE_BOUND('',#1795,.T.);
#1963=FACE_BOUND('',#1796,.T.);
#1964=FACE_BOUND('',#1797,.T.);
#1965=FACE_BOUND('',#1798,.T.);
#1966=FACE_BOUND('',#1799,.T.);
#1967=FACE_BOUND('',#1800,.T.);
#1968=FACE_BOUND('',#1801,.T.);
#1969=FACE_BOUND('',#1802,.T.);
#1970=FACE_BOUND('',#1803,.T.);
#1971=FACE_BOUND('',#1804,.T.);
#1972=FACE_BOUND('',#1805,.T.);
#1973=FACE_BOUND('',#1806,.T.);
#1974=FACE_BOUND('',#1807,.T.);
#1975=FACE_BOUND('',#1808,.T.);
#1976=FACE_BOUND('',#1809,.T.);
#1977=FACE_BOUND('',#1810,.T.);
#1978=FACE_BOUND('',#1811,.T.);
#1979=FACE_BOUND('',#1812,.T.);
#1980=FACE_BOUND('',#1813,.T.);
#1981=FACE_BOUND('',#1814,.T.);
#1982=FACE_BOUND('',#1815,.T.);
#1983=FACE_BOUND('',#1816,.T.);
#1984=FACE_BOUND('',#1817,.T.);
#1985=FACE_BOUND('',#1818,.T.);
#1986=FACE_BOUND('',#1819,.T.);
#1987=FACE_BOUND('',#1820,.T.);
#1988=FACE_BOUND('',#1821,.T.);
#1989=FACE_BOUND('',#1822,.T.);
#1990=FACE_BOUND('',#1823,.T.);
#1991=FACE_BOUND('',#1824,.T.);
#1992=FACE_BOUND('',#1825,.T.);
#1993=FACE_BOUND('',#1826,.T.);
#1994=FACE_BOUND('',#1827,.T.);
#1995=FACE_BOUND('',#1828,.T.);
#1996=FACE_BOUND('',#1829,.T.);
#1997=FACE_BOUND('',#1830,.T.);
#1998=FACE_BOUND('',#1831,.T.);
#1999=FACE_BOUND('',#1832,.T.);
#2000=FACE_BOUND('',#1833,.T.);
#2001=FACE_BOUND('',#1834,.T.);
#2002=FACE_BOUND('',#1835,.T.);
#2003=FACE_BOUND('',#1836,.T.);
#2004=FACE_BOUND('',#1837,.T.);
#2005=FACE_BOUND('',#1838,.T.);
#2006=FACE_BOUND('',#1839,.T.);
#2007=FACE_BOUND('',#1840,.T.);
#2008=FACE_BOUND('',#1841,.T.);
#2009=FACE_BOUND('',#1842,.T.);
#2010=FACE_BOUND('',#1843,.T.);
#2011=FACE_BOUND('',#1844,.T.);
#2012=FACE_BOUND('',#1845,.T.);
#2013=FACE_BOUND('',#1846,.T.);
#2014=FACE_BOUND('',#1847,.T.);
#2015=FACE_BOUND('',#1848,.T.);
#2016=FACE_BOUND('',#1849,.T.);
#2017=FACE_BOUND('',#1850,.T.);
#2018=PLANE('',#2224);
#2019=PLANE('',#2226);
#2020=PLANE('',#2231);
#2021=PLANE('',#2234);
#2022=PLANE('',#2237);
#2023=PLANE('',#2238);
#2024=PLANE('',#2239);
#2025=PLANE('',#2240);
#2026=PLANE('',#2241);
#2027=PLANE('',#2244);
#2028=PLANE('',#2247);
#2029=PLANE('',#2253);
#2030=PLANE('',#2255);
#2031=PLANE('',#2257);
#2032=PLANE('',#2259);
#2033=PLANE('',#2267);
#2034=PLANE('',#2268);
#2035=PLANE('',#2269);
#2036=PLANE('',#2272);
#2037=PLANE('',#2273);
#2038=PLANE('',#2281);
#2039=PLANE('',#2288);
#2040=PLANE('',#2296);
#2041=PLANE('',#2300);
#2042=PLANE('',#2302);
#2043=PLANE('',#2308);
#2044=PLANE('',#2312);
#2045=PLANE('',#2315);
#2046=PLANE('',#2318);
#2047=PLANE('',#2321);
#2048=PLANE('',#2322);
#2049=PLANE('',#2323);
#2050=PLANE('',#2324);
#2051=PLANE('',#2325);
#2052=PLANE('',#2328);
#2053=PLANE('',#2329);
#2054=PLANE('',#2330);
#2055=PLANE('',#2331);
#2056=PLANE('',#2340);
#2057=PLANE('',#2343);
#2058=PLANE('',#2346);
#2059=PLANE('',#2349);
#2060=PLANE('',#2352);
#2061=PLANE('',#2353);
#2062=PLANE('',#2354);
#2063=PLANE('',#2355);
#2064=PLANE('',#2356);
#2065=PLANE('',#2357);
#2066=PLANE('',#2358);
#2067=PLANE('',#2359);
#2068=PLANE('',#2360);
#2069=PLANE('',#2361);
#2070=PLANE('',#2362);
#2071=PLANE('',#2363);
#2072=PLANE('',#2364);
#2073=PLANE('',#2366);
#2074=PLANE('',#2370);
#2075=PLANE('',#2371);
#2076=PLANE('',#2372);
#2077=PLANE('',#2373);
#2078=PLANE('',#2376);
#2079=PLANE('',#2379);
#2080=PLANE('',#2380);
#2081=PLANE('',#2382);
#2082=PLANE('',#2383);
#2083=PLANE('',#2385);
#2084=PLANE('',#2387);
#2085=PLANE('',#2388);
#2086=PLANE('',#2389);
#2087=PLANE('',#2390);
#2088=PLANE('',#2391);
#2089=PLANE('',#2395);
#2090=PLANE('',#2396);
#2091=PLANE('',#2397);
#2092=PLANE('',#2398);
#2093=PLANE('',#2399);
#2094=PLANE('',#2400);
#2095=PLANE('',#2401);
#2096=PLANE('',#2409);
#2097=PLANE('',#2410);
#2098=ADVANCED_FACE('',(#1851),#2018,.F.);
#2099=ADVANCED_FACE('',(#1852,#1853,#1854),#2019,.T.);
#2100=ADVANCED_FACE('',(#1855,#1856,#1857),#2020,.T.);
#2101=ADVANCED_FACE('',(#1858,#1859,#1860),#2021,.F.);
#2102=ADVANCED_FACE('',(#1861),#2022,.F.);
#2103=ADVANCED_FACE('',(#1862),#2023,.T.);
#2104=ADVANCED_FACE('',(#1863),#2024,.T.);
#2105=ADVANCED_FACE('',(#1864),#2025,.F.);
#2106=ADVANCED_FACE('',(#1865,#1866,#1867),#2026,.T.);
#2107=ADVANCED_FACE('',(#1868,#1869,#1870),#2027,.T.);
#2108=ADVANCED_FACE('',(#1871,#1872,#1873,#1874),#2028,.F.);
#2109=ADVANCED_FACE('',(#1875),#2029,.F.);
#2110=ADVANCED_FACE('',(#1876),#2030,.F.);
#2111=ADVANCED_FACE('',(#1877),#2031,.F.);
#2112=ADVANCED_FACE('',(#1878),#2032,.F.);
#2113=ADVANCED_FACE('',(#1879,#1880),#12,.F.);
#2114=ADVANCED_FACE('',(#1881,#1882),#13,.F.);
#2115=ADVANCED_FACE('',(#1883,#1884),#14,.F.);
#2116=ADVANCED_FACE('',(#1885),#2033,.F.);
#2117=ADVANCED_FACE('',(#1886),#2034,.T.);
#2118=ADVANCED_FACE('',(#1887),#2035,.F.);
#2119=ADVANCED_FACE('',(#1888,#1889),#15,.F.);
#2120=ADVANCED_FACE('',(#1890),#2036,.T.);
#2121=ADVANCED_FACE('',(#1891),#2037,.F.);
#2122=ADVANCED_FACE('',(#1892),#16,.T.);
#2123=ADVANCED_FACE('',(#1893,#1894),#2038,.F.);
#2124=ADVANCED_FACE('',(#1895),#17,.T.);
#2125=ADVANCED_FACE('',(#1896),#18,.T.);
#2126=ADVANCED_FACE('',(#1897,#1898),#2039,.F.);
#2127=ADVANCED_FACE('',(#1899),#19,.T.);
#2128=ADVANCED_FACE('',(#1900),#20,.T.);
#2129=ADVANCED_FACE('',(#1901,#1902),#2040,.F.);
#2130=ADVANCED_FACE('',(#1903),#21,.T.);
#2131=ADVANCED_FACE('',(#1904),#2041,.F.);
#2132=ADVANCED_FACE('',(#1905),#2042,.F.);
#2133=ADVANCED_FACE('',(#1906),#22,.T.);
#2134=ADVANCED_FACE('',(#1907,#1908),#2043,.F.);
#2135=ADVANCED_FACE('',(#1909),#23,.T.);
#2136=ADVANCED_FACE('',(#1910),#2044,.F.);
#2137=ADVANCED_FACE('',(#1911),#2045,.T.);
#2138=ADVANCED_FACE('',(#1912),#24,.T.);
#2139=ADVANCED_FACE('',(#1913),#2046,.F.);
#2140=ADVANCED_FACE('',(#1914),#25,.T.);
#2141=ADVANCED_FACE('',(#1915),#2047,.T.);
#2142=ADVANCED_FACE('',(#1916),#2048,.F.);
#2143=ADVANCED_FACE('',(#1917),#2049,.F.);
#2144=ADVANCED_FACE('',(#1918),#2050,.T.);
#2145=ADVANCED_FACE('',(#1919,#1920,#1921),#2051,.F.);
#2146=ADVANCED_FACE('',(#1922),#2052,.F.);
#2147=ADVANCED_FACE('',(#1923),#2053,.F.);
#2148=ADVANCED_FACE('',(#1924),#2054,.T.);
#2149=ADVANCED_FACE('',(#1925),#2055,.F.);
#2150=ADVANCED_FACE('',(#1926,#1927),#26,.F.);
#2151=ADVANCED_FACE('',(#1928,#1929),#27,.F.);
#2152=ADVANCED_FACE('',(#1930),#2056,.F.);
#2153=ADVANCED_FACE('',(#1931),#28,.T.);
#2154=ADVANCED_FACE('',(#1932),#2057,.T.);
#2155=ADVANCED_FACE('',(#1933),#29,.T.);
#2156=ADVANCED_FACE('',(#1934),#2058,.T.);
#2157=ADVANCED_FACE('',(#1935),#30,.T.);
#2158=ADVANCED_FACE('',(#1936),#2059,.F.);
#2159=ADVANCED_FACE('',(#1937),#31,.T.);
#2160=ADVANCED_FACE('',(#1938),#2060,.F.);
#2161=ADVANCED_FACE('',(#1939),#2061,.T.);
#2162=ADVANCED_FACE('',(#1940),#2062,.T.);
#2163=ADVANCED_FACE('',(#1941),#2063,.F.);
#2164=ADVANCED_FACE('',(#1942),#2064,.F.);
#2165=ADVANCED_FACE('',(#1943),#2065,.F.);
#2166=ADVANCED_FACE('',(#1944),#2066,.T.);
#2167=ADVANCED_FACE('',(#1945),#2067,.T.);
#2168=ADVANCED_FACE('',(#1946),#2068,.F.);
#2169=ADVANCED_FACE('',(#1947),#2069,.T.);
#2170=ADVANCED_FACE('',(#1948),#2070,.T.);
#2171=ADVANCED_FACE('',(#1949),#2071,.F.);
#2172=ADVANCED_FACE('',(#1950),#2072,.F.);
#2173=ADVANCED_FACE('',(#1951),#32,.T.);
#2174=ADVANCED_FACE('',(#1952,#1953,#1954,#1955,#1956),#2073,.F.);
#2175=ADVANCED_FACE('',(#1957),#33,.T.);
#2176=ADVANCED_FACE('',(#1958,#1959),#34,.F.);
#2177=ADVANCED_FACE('',(#1960,#1961),#35,.F.);
#2178=ADVANCED_FACE('',(#1962,#1963),#2074,.F.);
#2179=ADVANCED_FACE('',(#1964),#2075,.T.);
#2180=ADVANCED_FACE('',(#1965,#1966,#1967),#2076,.T.);
#2181=ADVANCED_FACE('',(#1968,#1969,#1970,#1971),#2077,.F.);
#2182=ADVANCED_FACE('',(#1972,#1973,#1974,#1975),#2078,.T.);
#2183=ADVANCED_FACE('',(#1976),#2079,.T.);
#2184=ADVANCED_FACE('',(#1977,#1978),#2080,.T.);
#2185=ADVANCED_FACE('',(#1979),#2081,.T.);
#2186=ADVANCED_FACE('',(#1980,#1981),#2082,.T.);
#2187=ADVANCED_FACE('',(#1982,#1983),#2083,.F.);
#2188=ADVANCED_FACE('',(#1984),#2084,.T.);
#2189=ADVANCED_FACE('',(#1985),#2085,.T.);
#2190=ADVANCED_FACE('',(#1986),#2086,.F.);
#2191=ADVANCED_FACE('',(#1987),#2087,.T.);
#2192=ADVANCED_FACE('',(#1988),#2088,.F.);
#2193=ADVANCED_FACE('',(#1989,#1990),#36,.F.);
#2194=ADVANCED_FACE('',(#1991,#1992),#37,.F.);
#2195=ADVANCED_FACE('',(#1993,#1994),#38,.F.);
#2196=ADVANCED_FACE('',(#1995),#2089,.F.);
#2197=ADVANCED_FACE('',(#1996,#1997),#2090,.T.);
#2198=ADVANCED_FACE('',(#1998),#2091,.T.);
#2199=ADVANCED_FACE('',(#1999,#2000),#2092,.F.);
#2200=ADVANCED_FACE('',(#2001),#2093,.F.);
#2201=ADVANCED_FACE('',(#2002),#2094,.T.);
#2202=ADVANCED_FACE('',(#2003),#2095,.T.);
#2203=ADVANCED_FACE('',(#2004,#2005),#39,.F.);
#2204=ADVANCED_FACE('',(#2006,#2007),#40,.F.);
#2205=ADVANCED_FACE('',(#2008,#2009),#41,.F.);
#2206=ADVANCED_FACE('',(#2010,#2011),#42,.F.);
#2207=ADVANCED_FACE('',(#2012,#2013),#43,.F.);
#2208=ADVANCED_FACE('',(#2014),#2096,.T.);
#2209=ADVANCED_FACE('',(#2015),#2097,.T.);
#2210=ADVANCED_FACE('',(#2016,#2017),#44,.F.);
#2211=CLOSED_SHELL('',(#2098,#2099,#2100,#2101,#2102,#2103,#2104,#2105,
#2106,#2107,#2108,#2109,#2110,#2111,#2112,#2113,#2114,#2115,#2116,#2117,
#2118,#2119,#2120,#2121,#2122,#2123,#2124,#2125,#2126,#2127,#2128,#2129,
#2130,#2131,#2132,#2133,#2134,#2135,#2136,#2137,#2138,#2139,#2140,#2141,
#2142,#2143,#2144,#2145,#2146,#2147,#2148,#2149,#2150,#2151,#2152,#2153,
#2154,#2155,#2156,#2157,#2158,#2159,#2160,#2161,#2162,#2163,#2164,#2165,
#2166,#2167,#2168,#2169,#2170,#2171,#2172,#2173,#2174,#2175,#2176,#2177,
#2178,#2179,#2180,#2181,#2182,#2183,#2184,#2185,#2186,#2187,#2188,#2189,
#2190,#2191,#2192,#2193,#2194,#2195,#2196,#2197,#2198,#2199,#2200,#2201,
#2202,#2203,#2204,#2205,#2206,#2207,#2208,#2209,#2210));
#2212=STYLED_ITEM('',(#2213),#2220);
#2213=PRESENTATION_STYLE_ASSIGNMENT((#2214));
#2214=SURFACE_STYLE_USAGE(.BOTH.,#2215);
#2215=SURFACE_SIDE_STYLE('',(#2216));
#2216=SURFACE_STYLE_FILL_AREA(#2217);
#2217=FILL_AREA_STYLE('',(#2218));
#2218=FILL_AREA_STYLE_COLOUR('',#2219);
#2219=COLOUR_RGB('',0.105882352941176,0.333333333333334,0.);
#2220=MANIFOLD_SOLID_BREP('Back Base',#2211);
#2221=SHAPE_DEFINITION_REPRESENTATION(#3649,#2222);
#2222=SHAPE_REPRESENTATION('Back Base',(#2223),#3644);
#2223=AXIS2_PLACEMENT_3D('',#3018,#2413,#2414);
#2224=AXIS2_PLACEMENT_3D('',#3019,#2415,#2416);
#2225=AXIS2_PLACEMENT_3D('',#3023,#2418,#2419);
#2226=AXIS2_PLACEMENT_3D('',#3032,#2424,#2425);
#2227=AXIS2_PLACEMENT_3D('',#3055,#2437,#2438);
#2228=AXIS2_PLACEMENT_3D('',#3059,#2440,#2441);
#2229=AXIS2_PLACEMENT_3D('',#3066,#2445,#2446);
#2230=AXIS2_PLACEMENT_3D('',#3068,#2447,#2448);
#2231=AXIS2_PLACEMENT_3D('',#3070,#2449,#2450);
#2232=AXIS2_PLACEMENT_3D('',#3071,#2451,#2452);
#2233=AXIS2_PLACEMENT_3D('',#3073,#2453,#2454);
#2234=AXIS2_PLACEMENT_3D('',#3087,#2462,#2463);
#2235=AXIS2_PLACEMENT_3D('',#3088,#2464,#2465);
#2236=AXIS2_PLACEMENT_3D('',#3090,#2466,#2467);
#2237=AXIS2_PLACEMENT_3D('',#3106,#2476,#2477);
#2238=AXIS2_PLACEMENT_3D('',#3115,#2482,#2483);
#2239=AXIS2_PLACEMENT_3D('',#3121,#2487,#2488);
#2240=AXIS2_PLACEMENT_3D('',#3127,#2492,#2493);
#2241=AXIS2_PLACEMENT_3D('',#3130,#2496,#2497);
#2242=AXIS2_PLACEMENT_3D('',#3131,#2498,#2499);
#2243=AXIS2_PLACEMENT_3D('',#3133,#2500,#2501);
#2244=AXIS2_PLACEMENT_3D('',#3157,#2514,#2515);
#2245=AXIS2_PLACEMENT_3D('',#3158,#2516,#2517);
#2246=AXIS2_PLACEMENT_3D('',#3160,#2518,#2519);
#2247=AXIS2_PLACEMENT_3D('',#3176,#2528,#2529);
#2248=AXIS2_PLACEMENT_3D('',#3177,#2530,#2531);
#2249=AXIS2_PLACEMENT_3D('',#3179,#2532,#2533);
#2250=AXIS2_PLACEMENT_3D('',#3181,#2534,#2535);
#2251=AXIS2_PLACEMENT_3D('',#3189,#2540,#2541);
#2252=AXIS2_PLACEMENT_3D('',#3193,#2543,#2544);
#2253=AXIS2_PLACEMENT_3D('',#3194,#2545,#2546);
#2254=AXIS2_PLACEMENT_3D('',#3195,#2547,#2548);
#2255=AXIS2_PLACEMENT_3D('',#3197,#2549,#2550);
#2256=AXIS2_PLACEMENT_3D('',#3198,#2551,#2552);
#2257=AXIS2_PLACEMENT_3D('',#3200,#2553,#2554);
#2258=AXIS2_PLACEMENT_3D('',#3201,#2555,#2556);
#2259=AXIS2_PLACEMENT_3D('',#3203,#2557,#2558);
#2260=AXIS2_PLACEMENT_3D('',#3204,#2559,#2560);
#2261=AXIS2_PLACEMENT_3D('',#3206,#2561,#2562);
#2262=AXIS2_PLACEMENT_3D('',#3207,#2563,#2564);
#2263=AXIS2_PLACEMENT_3D('',#3209,#2565,#2566);
#2264=AXIS2_PLACEMENT_3D('',#3210,#2567,#2568);
#2265=AXIS2_PLACEMENT_3D('',#3212,#2569,#2570);
#2266=AXIS2_PLACEMENT_3D('',#3213,#2571,#2572);
#2267=AXIS2_PLACEMENT_3D('',#3215,#2573,#2574);
#2268=AXIS2_PLACEMENT_3D('',#3224,#2579,#2580);
#2269=AXIS2_PLACEMENT_3D('',#3233,#2585,#2586);
#2270=AXIS2_PLACEMENT_3D('',#3242,#2591,#2592);
#2271=AXIS2_PLACEMENT_3D('',#3243,#2593,#2594);
#2272=AXIS2_PLACEMENT_3D('',#3245,#2595,#2596);
#2273=AXIS2_PLACEMENT_3D('',#3254,#2601,#2602);
#2274=AXIS2_PLACEMENT_3D('',#3255,#2603,#2604);
#2275=AXIS2_PLACEMENT_3D('',#3258,#2605,#2606);
#2276=AXIS2_PLACEMENT_3D('',#3262,#2608,#2609);
#2277=AXIS2_PLACEMENT_3D('',#3264,#2610,#2611);
#2278=AXIS2_PLACEMENT_3D('',#3267,#2613,#2614);
#2279=AXIS2_PLACEMENT_3D('',#3270,#2616,#2617);
#2280=AXIS2_PLACEMENT_3D('',#3271,#2618,#2619);
#2281=AXIS2_PLACEMENT_3D('',#3274,#2621,#2622);
#2282=AXIS2_PLACEMENT_3D('',#3277,#2624,#2625);
#2283=AXIS2_PLACEMENT_3D('',#3278,#2626,#2627);
#2284=AXIS2_PLACEMENT_3D('',#3279,#2628,#2629);
#2285=AXIS2_PLACEMENT_3D('',#3282,#2631,#2632);
#2286=AXIS2_PLACEMENT_3D('',#3283,#2633,#2634);
#2287=AXIS2_PLACEMENT_3D('',#3287,#2636,#2637);
#2288=AXIS2_PLACEMENT_3D('',#3288,#2638,#2639);
#2289=AXIS2_PLACEMENT_3D('',#3291,#2641,#2642);
#2290=AXIS2_PLACEMENT_3D('',#3292,#2643,#2644);
#2291=AXIS2_PLACEMENT_3D('',#3293,#2645,#2646);
#2292=AXIS2_PLACEMENT_3D('',#3297,#2649,#2650);
#2293=AXIS2_PLACEMENT_3D('',#3301,#2652,#2653);
#2294=AXIS2_PLACEMENT_3D('',#3302,#2654,#2655);
#2295=AXIS2_PLACEMENT_3D('',#3306,#2657,#2658);
#2296=AXIS2_PLACEMENT_3D('',#3307,#2659,#2660);
#2297=AXIS2_PLACEMENT_3D('',#3310,#2662,#2663);
#2298=AXIS2_PLACEMENT_3D('',#3311,#2664,#2665);
#2299=AXIS2_PLACEMENT_3D('',#3312,#2666,#2667);
#2300=AXIS2_PLACEMENT_3D('',#3315,#2669,#2670);
#2301=AXIS2_PLACEMENT_3D('',#3321,#2674,#2675);
#2302=AXIS2_PLACEMENT_3D('',#3322,#2676,#2677);
#2303=AXIS2_PLACEMENT_3D('',#3326,#2679,#2680);
#2304=AXIS2_PLACEMENT_3D('',#3327,#2681,#2682);
#2305=AXIS2_PLACEMENT_3D('',#3329,#2683,#2684);
#2306=AXIS2_PLACEMENT_3D('',#3333,#2687,#2688);
#2307=AXIS2_PLACEMENT_3D('',#3336,#2690,#2691);
#2308=AXIS2_PLACEMENT_3D('',#3337,#2692,#2693);
#2309=AXIS2_PLACEMENT_3D('',#3340,#2695,#2696);
#2310=AXIS2_PLACEMENT_3D('',#3341,#2697,#2698);
#2311=AXIS2_PLACEMENT_3D('',#3344,#2700,#2701);
#2312=AXIS2_PLACEMENT_3D('',#3347,#2703,#2704);
#2313=AXIS2_PLACEMENT_3D('',#3349,#2706,#2707);
#2314=AXIS2_PLACEMENT_3D('',#3353,#2709,#2710);
#2315=AXIS2_PLACEMENT_3D('',#3354,#2711,#2712);
#2316=AXIS2_PLACEMENT_3D('',#3360,#2716,#2717);
#2317=AXIS2_PLACEMENT_3D('',#3361,#2718,#2719);
#2318=AXIS2_PLACEMENT_3D('',#3364,#2721,#2722);
#2319=AXIS2_PLACEMENT_3D('',#3368,#2725,#2726);
#2320=AXIS2_PLACEMENT_3D('',#3369,#2727,#2728);
#2321=AXIS2_PLACEMENT_3D('',#3370,#2729,#2730);
#2322=AXIS2_PLACEMENT_3D('',#3376,#2734,#2735);
#2323=AXIS2_PLACEMENT_3D('',#3380,#2738,#2739);
#2324=AXIS2_PLACEMENT_3D('',#3384,#2742,#2743);
#2325=AXIS2_PLACEMENT_3D('',#3394,#2749,#2750);
#2326=AXIS2_PLACEMENT_3D('',#3395,#2751,#2752);
#2327=AXIS2_PLACEMENT_3D('',#3397,#2753,#2754);
#2328=AXIS2_PLACEMENT_3D('',#3399,#2755,#2756);
#2329=AXIS2_PLACEMENT_3D('',#3405,#2760,#2761);
#2330=AXIS2_PLACEMENT_3D('',#3409,#2764,#2765);
#2331=AXIS2_PLACEMENT_3D('',#3413,#2768,#2769);
#2332=AXIS2_PLACEMENT_3D('',#3416,#2771,#2772);
#2333=AXIS2_PLACEMENT_3D('',#3420,#2774,#2775);
#2334=AXIS2_PLACEMENT_3D('',#3424,#2777,#2778);
#2335=AXIS2_PLACEMENT_3D('',#3428,#2780,#2781);
#2336=AXIS2_PLACEMENT_3D('',#3431,#2783,#2784);
#2337=AXIS2_PLACEMENT_3D('',#3432,#2785,#2786);
#2338=AXIS2_PLACEMENT_3D('',#3434,#2787,#2788);
#2339=AXIS2_PLACEMENT_3D('',#3435,#2789,#2790);
#2340=AXIS2_PLACEMENT_3D('',#3437,#2791,#2792);
#2341=AXIS2_PLACEMENT_3D('',#3443,#2796,#2797);
#2342=AXIS2_PLACEMENT_3D('',#3444,#2798,#2799);
#2343=AXIS2_PLACEMENT_3D('',#3447,#2801,#2802);
#2344=AXIS2_PLACEMENT_3D('',#3451,#2805,#2806);
#2345=AXIS2_PLACEMENT_3D('',#3452,#2807,#2808);
#2346=AXIS2_PLACEMENT_3D('',#3455,#2810,#2811);
#2347=AXIS2_PLACEMENT_3D('',#3459,#2814,#2815);
#2348=AXIS2_PLACEMENT_3D('',#3460,#2816,#2817);
#2349=AXIS2_PLACEMENT_3D('',#3463,#2819,#2820);
#2350=AXIS2_PLACEMENT_3D('',#3467,#2823,#2824);
#2351=AXIS2_PLACEMENT_3D('',#3468,#2825,#2826);
#2352=AXIS2_PLACEMENT_3D('',#3469,#2827,#2828);
#2353=AXIS2_PLACEMENT_3D('',#3478,#2833,#2834);
#2354=AXIS2_PLACEMENT_3D('',#3484,#2838,#2839);
#2355=AXIS2_PLACEMENT_3D('',#3490,#2843,#2844);
#2356=AXIS2_PLACEMENT_3D('',#3493,#2847,#2848);
#2357=AXIS2_PLACEMENT_3D('',#3502,#2853,#2854);
#2358=AXIS2_PLACEMENT_3D('',#3508,#2858,#2859);
#2359=AXIS2_PLACEMENT_3D('',#3514,#2863,#2864);
#2360=AXIS2_PLACEMENT_3D('',#3517,#2867,#2868);
#2361=AXIS2_PLACEMENT_3D('',#3526,#2873,#2874);
#2362=AXIS2_PLACEMENT_3D('',#3535,#2879,#2880);
#2363=AXIS2_PLACEMENT_3D('',#3541,#2884,#2885);
#2364=AXIS2_PLACEMENT_3D('',#3547,#2889,#2890);
#2365=AXIS2_PLACEMENT_3D('',#3550,#2893,#2894);
#2366=AXIS2_PLACEMENT_3D('',#3552,#2896,#2897);
#2367=AXIS2_PLACEMENT_3D('',#3554,#2899,#2900);
#2368=AXIS2_PLACEMENT_3D('',#3555,#2901,#2902);
#2369=AXIS2_PLACEMENT_3D('',#3556,#2903,#2904);
#2370=AXIS2_PLACEMENT_3D('',#3557,#2905,#2906);
#2371=AXIS2_PLACEMENT_3D('',#3561,#2910,#2911);
#2372=AXIS2_PLACEMENT_3D('',#3563,#2913,#2914);
#2373=AXIS2_PLACEMENT_3D('',#3565,#2916,#2917);
#2374=AXIS2_PLACEMENT_3D('',#3566,#2918,#2919);
#2375=AXIS2_PLACEMENT_3D('',#3568,#2920,#2921);
#2376=AXIS2_PLACEMENT_3D('',#3570,#2922,#2923);
#2377=AXIS2_PLACEMENT_3D('',#3571,#2924,#2925);
#2378=AXIS2_PLACEMENT_3D('',#3573,#2926,#2927);
#2379=AXIS2_PLACEMENT_3D('',#3575,#2928,#2929);
#2380=AXIS2_PLACEMENT_3D('',#3581,#2933,#2934);
#2381=AXIS2_PLACEMENT_3D('',#3582,#2935,#2936);
#2382=AXIS2_PLACEMENT_3D('',#3586,#2939,#2940);
#2383=AXIS2_PLACEMENT_3D('',#3590,#2943,#2944);
#2384=AXIS2_PLACEMENT_3D('',#3591,#2945,#2946);
#2385=AXIS2_PLACEMENT_3D('',#3594,#2948,#2949);
#2386=AXIS2_PLACEMENT_3D('',#3595,#2950,#2951);
#2387=AXIS2_PLACEMENT_3D('',#3600,#2954,#2955);
#2388=AXIS2_PLACEMENT_3D('',#3602,#2957,#2958);
#2389=AXIS2_PLACEMENT_3D('',#3603,#2959,#2960);
#2390=AXIS2_PLACEMENT_3D('',#3604,#2961,#2962);
#2391=AXIS2_PLACEMENT_3D('',#3605,#2963,#2964);
#2392=AXIS2_PLACEMENT_3D('',#3606,#2965,#2966);
#2393=AXIS2_PLACEMENT_3D('',#3607,#2967,#2968);
#2394=AXIS2_PLACEMENT_3D('',#3608,#2969,#2970);
#2395=AXIS2_PLACEMENT_3D('',#3609,#2971,#2972);
#2396=AXIS2_PLACEMENT_3D('',#3615,#2976,#2977);
#2397=AXIS2_PLACEMENT_3D('',#3622,#2982,#2983);
#2398=AXIS2_PLACEMENT_3D('',#3626,#2986,#2987);
#2399=AXIS2_PLACEMENT_3D('',#3629,#2990,#2991);
#2400=AXIS2_PLACEMENT_3D('',#3630,#2992,#2993);
#2401=AXIS2_PLACEMENT_3D('',#3631,#2994,#2995);
#2402=AXIS2_PLACEMENT_3D('',#3632,#2996,#2997);
#2403=AXIS2_PLACEMENT_3D('',#3633,#2998,#2999);
#2404=AXIS2_PLACEMENT_3D('',#3634,#3000,#3001);
#2405=AXIS2_PLACEMENT_3D('',#3635,#3002,#3003);
#2406=AXIS2_PLACEMENT_3D('',#3636,#3004,#3005);
#2407=AXIS2_PLACEMENT_3D('',#3637,#3006,#3007);
#2408=AXIS2_PLACEMENT_3D('',#3638,#3008,#3009);
#2409=AXIS2_PLACEMENT_3D('',#3639,#3010,#3011);
#2410=AXIS2_PLACEMENT_3D('',#3640,#3012,#3013);
#2411=AXIS2_PLACEMENT_3D('',#3641,#3014,#3015);
#2412=AXIS2_PLACEMENT_3D('',#3642,#3016,#3017);
#2413=DIRECTION('',(0.,0.,1.));
#2414=DIRECTION('',(1.,0.,0.));
#2415=DIRECTION('',(0.,-2.08166817117217E-16,1.));
#2416=DIRECTION('',(0.,-1.,-2.08166817117217E-16));
#2417=DIRECTION('',(0.,-1.,-2.08166817117217E-16));
#2418=DIRECTION('',(0.,0.,1.));
#2419=DIRECTION('',(0.,-1.,0.));
#2420=DIRECTION('',(0.,-1.,-2.08166817117217E-16));
#2421=DIRECTION('',(-1.,0.,0.));
#2422=DIRECTION('',(0.,-1.,-2.08166817117217E-16));
#2423=DIRECTION('',(1.,0.,0.));
#2424=DIRECTION('',(0.,1.,0.));
#2425=DIRECTION('',(1.,0.,0.));
#2426=DIRECTION('',(1.,0.,0.));
#2427=DIRECTION('',(0.,0.,1.));
#2428=DIRECTION('',(1.,0.,0.));
#2429=DIRECTION('',(0.,0.,1.));
#2430=DIRECTION('',(1.,0.,0.));
#2431=DIRECTION('',(0.,0.,1.));
#2432=DIRECTION('',(1.,0.,0.));
#2433=DIRECTION('',(0.,0.,1.));
#2434=DIRECTION('',(0.,0.,-1.));
#2435=DIRECTION('',(-1.,0.,0.));
#2436=DIRECTION('',(0.,0.,1.));
#2437=DIRECTION('',(0.,1.,0.));
#2438=DIRECTION('',(1.,0.,0.));
#2439=DIRECTION('',(-1.,0.,0.));
#2440=DIRECTION('',(0.,1.,0.));
#2441=DIRECTION('',(1.,0.,0.));
#2442=DIRECTION('',(0.,0.,1.));
#2443=DIRECTION('',(1.,0.,0.));
#2444=DIRECTION('',(0.,0.,-1.));
#2445=DIRECTION('',(0.,1.,0.));
#2446=DIRECTION('',(1.,0.,0.));
#2447=DIRECTION('',(0.,1.,0.));
#2448=DIRECTION('',(1.,0.,0.));
#2449=DIRECTION('',(1.,0.,0.));
#2450=DIRECTION('',(0.,-1.,0.));
#2451=DIRECTION('',(1.,0.,0.));
#2452=DIRECTION('',(0.,-1.,0.));
#2453=DIRECTION('',(1.,0.,0.));
#2454=DIRECTION('',(0.,-1.,0.));
#2455=DIRECTION('',(0.,-1.,0.));
#2456=DIRECTION('',(0.,0.,1.));
#2457=DIRECTION('',(0.,-1.,0.));
#2458=DIRECTION('',(0.,0.,1.));
#2459=DIRECTION('',(0.,-1.,0.));
#2460=DIRECTION('',(0.,-1.,-2.77555756156289E-16));
#2461=DIRECTION('',(0.,0.,1.));
#2462=DIRECTION('',(1.,0.,0.));
#2463=DIRECTION('',(0.,-1.,0.));
#2464=DIRECTION('',(1.,0.,0.));
#2465=DIRECTION('',(0.,-1.,0.));
#2466=DIRECTION('',(1.,0.,0.));
#2467=DIRECTION('',(0.,-1.,0.));
#2468=DIRECTION('',(0.,-1.,-2.08166817117217E-16));
#2469=DIRECTION('',(0.,0.,1.));
#2470=DIRECTION('',(0.,-1.,-2.77555756156289E-16));
#2471=DIRECTION('',(0.,-1.,0.));
#2472=DIRECTION('',(0.,0.,1.));
#2473=DIRECTION('',(0.,-1.,0.));
#2474=DIRECTION('',(0.,0.,1.));
#2475=DIRECTION('',(0.,-1.,0.));
#2476=DIRECTION('',(0.,-1.,0.));
#2477=DIRECTION('',(-1.,0.,0.));
#2478=DIRECTION('',(0.,0.,1.));
#2479=DIRECTION('',(1.,0.,0.));
#2480=DIRECTION('',(0.,0.,-1.));
#2481=DIRECTION('',(1.,0.,0.));
#2482=DIRECTION('',(0.,0.,1.));
#2483=DIRECTION('',(0.,-1.,0.));
#2484=DIRECTION('',(1.,0.,0.));
#2485=DIRECTION('',(0.,1.,0.));
#2486=DIRECTION('',(0.,-1.,0.));
#2487=DIRECTION('',(0.,-1.,-3.46944695195362E-16));
#2488=DIRECTION('',(0.,3.46944695195362E-16,-1.));
#2489=DIRECTION('',(1.,0.,0.));
#2490=DIRECTION('',(0.,-3.46944695195362E-16,1.));
#2491=DIRECTION('',(0.,3.46944695195362E-16,-1.));
#2492=DIRECTION('',(0.,0.,1.));
#2493=DIRECTION('',(0.,-1.,0.));
#2494=DIRECTION('',(0.,1.,0.));
#2495=DIRECTION('',(0.,-1.,0.));
#2496=DIRECTION('',(0.,0.,1.));
#2497=DIRECTION('',(1.,0.,0.));
#2498=DIRECTION('',(0.,0.,1.));
#2499=DIRECTION('',(0.,-1.,0.));
#2500=DIRECTION('',(0.,0.,1.));
#2501=DIRECTION('',(0.,-1.,0.));
#2502=DIRECTION('',(0.,-1.,0.));
#2503=DIRECTION('',(1.,0.,0.));
#2504=DIRECTION('',(0.,-1.,0.));
#2505=DIRECTION('',(1.,0.,0.));
#2506=DIRECTION('',(0.,1.,0.));
#2507=DIRECTION('',(1.,0.,0.));
#2508=DIRECTION('',(-5.55111512312578E-15,1.,0.));
#2509=DIRECTION('',(-1.,-8.451572774959E-15,0.));
#2510=DIRECTION('',(0.,-1.,0.));
#2511=DIRECTION('',(1.,0.,0.));
#2512=DIRECTION('',(0.,-1.,0.));
#2513=DIRECTION('',(-1.,0.,0.));
#2514=DIRECTION('',(0.,1.,0.));
#2515=DIRECTION('',(1.,0.,0.));
#2516=DIRECTION('',(0.,-1.,0.));
#2517=DIRECTION('',(-1.,0.,0.));
#2518=DIRECTION('',(0.,-1.,0.));
#2519=DIRECTION('',(-1.,0.,0.));
#2520=DIRECTION('',(0.,0.,1.));
#2521=DIRECTION('',(1.,0.,0.));
#2522=DIRECTION('',(0.,0.,1.));
#2523=DIRECTION('',(0.,0.,-1.));
#2524=DIRECTION('',(-1.,0.,0.));
#2525=DIRECTION('',(0.,0.,1.));
#2526=DIRECTION('',(-1.,0.,0.));
#2527=DIRECTION('',(0.,0.,-1.));
#2528=DIRECTION('',(0.,1.,0.));
#2529=DIRECTION('',(1.,0.,0.));
#2530=DIRECTION('',(0.,1.,0.));
#2531=DIRECTION('',(1.,0.,0.));
#2532=DIRECTION('',(0.,1.,0.));
#2533=DIRECTION('',(1.,0.,0.));
#2534=DIRECTION('',(0.,1.,0.));
#2535=DIRECTION('',(1.,0.,0.));
#2536=DIRECTION('',(1.,0.,0.));
#2537=DIRECTION('',(0.,0.,1.));
#2538=DIRECTION('',(0.,0.,1.));
#2539=DIRECTION('',(1.,0.,0.));
#2540=DIRECTION('',(0.,1.,0.));
#2541=DIRECTION('',(1.,0.,0.));
#2542=DIRECTION('',(-1.,0.,0.));
#2543=DIRECTION('',(0.,1.,0.));
#2544=DIRECTION('',(1.,0.,0.));
#2545=DIRECTION('',(0.,0.,-1.));
#2546=DIRECTION('',(0.,1.,0.));
#2547=DIRECTION('',(0.,0.,1.));
#2548=DIRECTION('',(0.,1.,0.));
#2549=DIRECTION('',(0.,0.,-1.));
#2550=DIRECTION('',(0.,1.,0.));
#2551=DIRECTION('',(0.,0.,-1.));
#2552=DIRECTION('',(0.,1.,0.));
#2553=DIRECTION('',(0.,0.,-1.));
#2554=DIRECTION('',(0.,1.,0.));
#2555=DIRECTION('',(0.,0.,1.));
#2556=DIRECTION('',(0.,1.,0.));
#2557=DIRECTION('',(0.,0.,-1.));
#2558=DIRECTION('',(0.,1.,0.));
#2559=DIRECTION('',(0.,0.,-1.));
#2560=DIRECTION('',(0.,1.,0.));
#2561=DIRECTION('',(0.,0.,-1.));
#2562=DIRECTION('',(0.,1.,0.));
#2563=DIRECTION('',(0.,0.,1.));
#2564=DIRECTION('',(0.,1.,0.));
#2565=DIRECTION('',(0.,0.,-1.));
#2566=DIRECTION('',(0.,1.,0.));
#2567=DIRECTION('',(0.,0.,-1.));
#2568=DIRECTION('',(0.,1.,0.));
#2569=DIRECTION('',(0.,0.,-1.));
#2570=DIRECTION('',(0.,1.,0.));
#2571=DIRECTION('',(0.,0.,1.));
#2572=DIRECTION('',(0.,1.,0.));
#2573=DIRECTION('',(-0.788890809339125,0.614533392860193,0.));
#2574=DIRECTION('',(0.614533392860193,0.788890809339125,0.));
#2575=DIRECTION('',(0.614533392860193,0.788890809339125,0.));
#2576=DIRECTION('',(0.,0.,-1.));
#2577=DIRECTION('',(0.614533392860193,0.788890809339125,0.));
#2578=DIRECTION('',(0.,0.,-1.));
#2579=DIRECTION('',(0.788890809339125,0.614533392860194,0.));
#2580=DIRECTION('',(0.614533392860194,-0.788890809339125,0.));
#2581=DIRECTION('',(0.614533392860194,-0.788890809339124,0.));
#2582=DIRECTION('',(0.,0.,-1.));
#2583=DIRECTION('',(0.614533392860194,-0.788890809339124,0.));
#2584=DIRECTION('',(0.,0.,-1.));
#2585=DIRECTION('',(0.788890809339125,-0.614533392860193,0.));
#2586=DIRECTION('',(-0.614533392860193,-0.788890809339125,0.));
#2587=DIRECTION('',(-0.614533392860193,-0.788890809339125,0.));
#2588=DIRECTION('',(0.,0.,-1.));
#2589=DIRECTION('',(-0.614533392860193,-0.788890809339125,0.));
#2590=DIRECTION('',(0.,0.,-1.));
#2591=DIRECTION('',(0.,0.,-1.));
#2592=DIRECTION('',(0.,1.,0.));
#2593=DIRECTION('',(0.,0.,-1.));
#2594=DIRECTION('',(0.,1.,0.));
#2595=DIRECTION('',(-0.788890809339124,-0.614533392860194,0.));
#2596=DIRECTION('',(-0.614533392860194,0.788890809339124,0.));
#2597=DIRECTION('',(-0.614533392860194,0.788890809339124,0.));
#2598=DIRECTION('',(0.,0.,-1.));
#2599=DIRECTION('',(-0.614533392860194,0.788890809339124,0.));
#2600=DIRECTION('',(0.,0.,-1.));
#2601=DIRECTION('',(0.,0.,-1.));
#2602=DIRECTION('',(-1.,0.,0.));
#2603=DIRECTION('',(0.,0.,1.));
#2604=DIRECTION('',(0.,1.,0.));
#2605=DIRECTION('',(0.,0.,-1.));
#2606=DIRECTION('',(0.,1.,0.));
#2607=DIRECTION('',(1.,0.,0.));
#2608=DIRECTION('',(0.,0.,-1.));
#2609=DIRECTION('',(0.,1.,0.));
#2610=DIRECTION('',(0.,0.,-1.));
#2611=DIRECTION('',(0.,1.,0.));
#2612=DIRECTION('',(1.,0.,0.));
#2613=DIRECTION('',(0.,0.,1.));
#2614=DIRECTION('',(0.,-1.,0.));
#2615=DIRECTION('',(0.,0.,1.));
#2616=DIRECTION('',(0.,0.,-1.));
#2617=DIRECTION('',(0.,1.,0.));
#2618=DIRECTION('',(0.,0.,-1.));
#2619=DIRECTION('',(0.,1.,0.));
#2620=DIRECTION('',(0.,0.,1.));
#2621=DIRECTION('',(0.,0.,-1.));
#2622=DIRECTION('',(-1.,0.,0.));
#2623=DIRECTION('',(1.,0.,0.));
#2624=DIRECTION('',(0.,0.,-1.));
#2625=DIRECTION('',(0.,1.,0.));
#2626=DIRECTION('',(0.,0.,-1.));
#2627=DIRECTION('',(0.,1.,0.));
#2628=DIRECTION('',(0.,0.,-1.));
#2629=DIRECTION('',(0.,1.,0.));
#2630=DIRECTION('',(0.,0.,-1.));
#2631=DIRECTION('',(0.,0.,-1.));
#2632=DIRECTION('',(0.,1.,0.));
#2633=DIRECTION('',(0.,0.,-1.));
#2634=DIRECTION('',(0.,1.,0.));
#2635=DIRECTION('',(0.,0.,-1.));
#2636=DIRECTION('',(0.,0.,-1.));
#2637=DIRECTION('',(0.,1.,0.));
#2638=DIRECTION('',(0.,0.,-1.));
#2639=DIRECTION('',(-1.,0.,0.));
#2640=DIRECTION('',(1.,0.,0.));
#2641=DIRECTION('',(0.,0.,-1.));
#2642=DIRECTION('',(0.,1.,0.));
#2643=DIRECTION('',(0.,0.,1.));
#2644=DIRECTION('',(0.,-1.,0.));
#2645=DIRECTION('',(0.,0.,-1.));
#2646=DIRECTION('',(0.,1.,0.));
#2647=DIRECTION('',(0.,0.,1.));
#2648=DIRECTION('',(0.,0.,1.));
#2649=DIRECTION('',(0.,0.,1.));
#2650=DIRECTION('',(0.,-1.,0.));
#2651=DIRECTION('',(0.,0.,1.));
#2652=DIRECTION('',(0.,0.,-1.));
#2653=DIRECTION('',(0.,1.,0.));
#2654=DIRECTION('',(0.,0.,-1.));
#2655=DIRECTION('',(0.,1.,0.));
#2656=DIRECTION('',(0.,0.,1.));
#2657=DIRECTION('',(0.,0.,-1.));
#2658=DIRECTION('',(0.,1.,0.));
#2659=DIRECTION('',(0.,0.,-1.));
#2660=DIRECTION('',(-1.,0.,0.));
#2661=DIRECTION('',(1.,0.,0.));
#2662=DIRECTION('',(0.,0.,-1.));
#2663=DIRECTION('',(0.,1.,0.));
#2664=DIRECTION('',(0.,0.,-1.));
#2665=DIRECTION('',(0.,1.,0.));
#2666=DIRECTION('',(0.,0.,-1.));
#2667=DIRECTION('',(0.,1.,0.));
#2668=DIRECTION('',(0.,0.,-1.));
#2669=DIRECTION('',(0.,0.,-1.));
#2670=DIRECTION('',(0.,1.,0.));
#2671=DIRECTION('',(1.,0.,0.));
#2672=DIRECTION('',(0.,-1.,0.));
#2673=DIRECTION('',(1.,0.,0.));
#2674=DIRECTION('',(0.,0.,1.));
#2675=DIRECTION('',(0.,1.,0.));
#2676=DIRECTION('',(0.,0.,-1.));
#2677=DIRECTION('',(0.,1.,0.));
#2678=DIRECTION('',(1.,0.,0.));
#2679=DIRECTION('',(0.,0.,-1.));
#2680=DIRECTION('',(0.,1.,0.));
#2681=DIRECTION('',(0.,0.,-1.));
#2682=DIRECTION('',(0.,1.,0.));
#2683=DIRECTION('',(0.,0.,-1.));
#2684=DIRECTION('',(0.,1.,0.));
#2685=DIRECTION('',(1.,0.,0.));
#2686=DIRECTION('',(0.,-1.,0.));
#2687=DIRECTION('',(0.,0.,-1.));
#2688=DIRECTION('',(0.,1.,0.));
#2689=DIRECTION('',(0.,0.,-1.));
#2690=DIRECTION('',(0.,0.,-1.));
#2691=DIRECTION('',(0.,1.,0.));
#2692=DIRECTION('',(0.,0.,-1.));
#2693=DIRECTION('',(-1.,0.,0.));
#2694=DIRECTION('',(1.,0.,0.));
#2695=DIRECTION('',(0.,0.,-1.));
#2696=DIRECTION('',(0.,1.,0.));
#2697=DIRECTION('',(0.,0.,1.));
#2698=DIRECTION('',(0.,-1.,0.));
#2699=DIRECTION('',(0.,0.,1.));
#2700=DIRECTION('',(0.,0.,-1.));
#2701=DIRECTION('',(0.,1.,0.));
#2702=DIRECTION('',(0.,0.,1.));
#2703=DIRECTION('',(0.,0.,-1.));
#2704=DIRECTION('',(-1.,0.,0.));
#2705=DIRECTION('',(1.,0.,0.));
#2706=DIRECTION('',(0.,0.,1.));
#2707=DIRECTION('',(0.,1.,0.));
#2708=DIRECTION('',(1.,0.,0.));
#2709=DIRECTION('',(0.,0.,-1.));
#2710=DIRECTION('',(0.,1.,0.));
#2711=DIRECTION('',(0.,1.,0.));
#2712=DIRECTION('',(1.,0.,0.));
#2713=DIRECTION('',(0.,0.,-1.));
#2714=DIRECTION('',(0.,0.,-1.));
#2715=DIRECTION('',(1.,0.,0.));
#2716=DIRECTION('',(0.,0.,-1.));
#2717=DIRECTION('',(0.,1.,0.));
#2718=DIRECTION('',(0.,0.,-1.));
#2719=DIRECTION('',(0.,1.,0.));
#2720=DIRECTION('',(0.,0.,-1.));
#2721=DIRECTION('',(0.,1.,0.));
#2722=DIRECTION('',(1.,0.,0.));
#2723=DIRECTION('',(0.,0.,-1.));
#2724=DIRECTION('',(1.,0.,0.));
#2725=DIRECTION('',(0.,0.,-1.));
#2726=DIRECTION('',(0.,1.,0.));
#2727=DIRECTION('',(0.,0.,1.));
#2728=DIRECTION('',(0.,1.,0.));
#2729=DIRECTION('',(1.,0.,0.));
#2730=DIRECTION('',(0.,-1.,0.));
#2731=DIRECTION('',(0.,0.,-1.));
#2732=DIRECTION('',(0.,-1.,0.));
#2733=DIRECTION('',(0.,0.,-1.));
#2734=DIRECTION('',(0.,-1.,0.));
#2735=DIRECTION('',(-1.,0.,0.));
#2736=DIRECTION('',(1.,0.,0.));
#2737=DIRECTION('',(0.,0.,-1.));
#2738=DIRECTION('',(1.,0.,0.));
#2739=DIRECTION('',(0.,-1.,0.));
#2740=DIRECTION('',(0.,0.,-1.));
#2741=DIRECTION('',(0.,-1.,0.));
#2742=DIRECTION('',(0.,-1.,0.));
#2743=DIRECTION('',(-1.,0.,0.));
#2744=DIRECTION('',(1.,0.,0.));
#2745=DIRECTION('',(0.,0.,-1.));
#2746=DIRECTION('',(1.,0.,0.));
#2747=DIRECTION('',(0.,0.,-1.));
#2748=DIRECTION('',(1.,0.,0.));
#2749=DIRECTION('',(0.,0.,-1.));
#2750=DIRECTION('',(-1.,0.,0.));
#2751=DIRECTION('',(0.,0.,-1.));
#2752=DIRECTION('',(0.,1.,0.));
#2753=DIRECTION('',(0.,0.,1.));
#2754=DIRECTION('',(0.,1.,0.));
#2755=DIRECTION('',(1.,0.,0.));
#2756=DIRECTION('',(0.,-1.,0.));
#2757=DIRECTION('',(0.,0.,-1.));
#2758=DIRECTION('',(0.,-1.,0.));
#2759=DIRECTION('',(0.,-1.,0.));
#2760=DIRECTION('',(0.,0.,-1.));
#2761=DIRECTION('',(-1.,0.,0.));
#2762=DIRECTION('',(-1.,0.,0.));
#2763=DIRECTION('',(0.,-1.,0.));
#2764=DIRECTION('',(1.,0.,0.));
#2765=DIRECTION('',(0.,-1.,0.));
#2766=DIRECTION('',(0.,0.,-1.));
#2767=DIRECTION('',(0.,-1.,0.));
#2768=DIRECTION('',(0.,0.,-1.));
#2769=DIRECTION('',(-1.,0.,0.));
#2770=DIRECTION('',(-1.,0.,0.));
#2771=DIRECTION('',(0.,0.,-1.));
#2772=DIRECTION('',(0.,1.,0.));
#2773=DIRECTION('',(0.,-1.,0.));
#2774=DIRECTION('',(0.,0.,-1.));
#2775=DIRECTION('',(0.,1.,0.));
#2776=DIRECTION('',(-1.,0.,0.));
#2777=DIRECTION('',(0.,0.,-1.));
#2778=DIRECTION('',(0.,1.,0.));
#2779=DIRECTION('',(0.,-1.,0.));
#2780=DIRECTION('',(0.,0.,-1.));
#2781=DIRECTION('',(0.,1.,0.));
#2782=DIRECTION('',(-1.,0.,0.));
#2783=DIRECTION('',(0.,0.,-1.));
#2784=DIRECTION('',(0.,1.,0.));
#2785=DIRECTION('',(0.,0.,-1.));
#2786=DIRECTION('',(0.,1.,0.));
#2787=DIRECTION('',(0.,0.,-1.));
#2788=DIRECTION('',(0.,1.,0.));
#2789=DIRECTION('',(0.,0.,1.));
#2790=DIRECTION('',(0.,1.,0.));
#2791=DIRECTION('',(1.,0.,0.));
#2792=DIRECTION('',(0.,-1.,0.));
#2793=DIRECTION('',(0.,0.,-1.));
#2794=DIRECTION('',(0.,-1.,0.));
#2795=DIRECTION('',(0.,0.,-1.));
#2796=DIRECTION('',(0.,0.,-1.));
#2797=DIRECTION('',(0.,1.,0.));
#2798=DIRECTION('',(0.,0.,-1.));
#2799=DIRECTION('',(0.,1.,0.));
#2800=DIRECTION('',(0.,0.,-1.));
#2801=DIRECTION('',(0.,-1.,0.));
#2802=DIRECTION('',(-1.,0.,0.));
#2803=DIRECTION('',(-1.,0.,0.));
#2804=DIRECTION('',(0.,0.,-1.));
#2805=DIRECTION('',(0.,0.,-1.));
#2806=DIRECTION('',(0.,1.,0.));
#2807=DIRECTION('',(0.,0.,-1.));
#2808=DIRECTION('',(0.,1.,0.));
#2809=DIRECTION('',(0.,0.,-1.));
#2810=DIRECTION('',(1.,0.,0.));
#2811=DIRECTION('',(0.,-1.,0.));
#2812=DIRECTION('',(0.,-1.,0.));
#2813=DIRECTION('',(0.,0.,-1.));
#2814=DIRECTION('',(0.,0.,-1.));
#2815=DIRECTION('',(0.,1.,0.));
#2816=DIRECTION('',(0.,0.,-1.));
#2817=DIRECTION('',(0.,1.,0.));
#2818=DIRECTION('',(0.,0.,-1.));
#2819=DIRECTION('',(0.,-1.,0.));
#2820=DIRECTION('',(-1.,0.,0.));
#2821=DIRECTION('',(-1.,0.,0.));
#2822=DIRECTION('',(0.,0.,-1.));
#2823=DIRECTION('',(0.,0.,-1.));
#2824=DIRECTION('',(0.,1.,0.));
#2825=DIRECTION('',(0.,0.,-1.));
#2826=DIRECTION('',(0.,1.,0.));
#2827=DIRECTION('',(0.,-1.,0.));
#2828=DIRECTION('',(-1.,0.,0.));
#2829=DIRECTION('',(0.,0.,1.));
#2830=DIRECTION('',(1.,0.,0.));
#2831=DIRECTION('',(0.,0.,1.));
#2832=DIRECTION('',(1.,0.,0.));
#2833=DIRECTION('',(-1.,0.,0.));
#2834=DIRECTION('',(0.,1.,0.));
#2835=DIRECTION('',(0.,-1.,0.));
#2836=DIRECTION('',(0.,-1.,0.));
#2837=DIRECTION('',(0.,0.,1.));
#2838=DIRECTION('',(0.,-1.,0.));
#2839=DIRECTION('',(-1.,0.,0.));
#2840=DIRECTION('',(1.,0.,0.));
#2841=DIRECTION('',(1.,0.,0.));
#2842=DIRECTION('',(0.,0.,1.));
#2843=DIRECTION('',(-1.,0.,0.));
#2844=DIRECTION('',(0.,1.,0.));
#2845=DIRECTION('',(0.,-1.,0.));
#2846=DIRECTION('',(0.,-1.,0.));
#2847=DIRECTION('',(1.50845519650157E-16,1.,0.));
#2848=DIRECTION('',(1.,-1.50845519650157E-16,0.));
#2849=DIRECTION('',(0.,0.,1.));
#2850=DIRECTION('',(-1.,1.50845519650157E-16,0.));
#2851=DIRECTION('',(0.,0.,1.));
#2852=DIRECTION('',(-1.,1.50845519650157E-16,0.));
#2853=DIRECTION('',(-1.,0.,0.));
#2854=DIRECTION('',(0.,1.,0.));
#2855=DIRECTION('',(0.,-1.,0.));
#2856=DIRECTION('',(0.,0.,1.));
#2857=DIRECTION('',(0.,-1.,0.));
#2858=DIRECTION('',(1.50845519650157E-16,1.,0.));
#2859=DIRECTION('',(1.,-1.50845519650157E-16,0.));
#2860=DIRECTION('',(-1.,1.50845519650157E-16,0.));
#2861=DIRECTION('',(-1.,1.50845519650157E-16,0.));
#2862=DIRECTION('',(0.,0.,1.));
#2863=DIRECTION('',(-1.,0.,0.));
#2864=DIRECTION('',(0.,1.,0.));
#2865=DIRECTION('',(0.,-1.,0.));
#2866=DIRECTION('',(0.,-1.,0.));
#2867=DIRECTION('',(-1.21027219254196E-16,1.,0.));
#2868=DIRECTION('',(1.,1.21027219254196E-16,0.));
#2869=DIRECTION('',(-1.,-1.21027219254196E-16,0.));
#2870=DIRECTION('',(0.,0.,1.));
#2871=DIRECTION('',(-1.,-1.21027219254196E-16,0.));
#2872=DIRECTION('',(0.,0.,1.));
#2873=DIRECTION('',(0.,1.,0.));
#2874=DIRECTION('',(1.,0.,0.));
#2875=DIRECTION('',(0.,0.,1.));
#2876=DIRECTION('',(-1.,0.,0.));
#2877=DIRECTION('',(0.,0.,1.));
#2878=DIRECTION('',(-1.,0.,0.));
#2879=DIRECTION('',(0.,0.,-1.));
#2880=DIRECTION('',(0.,1.,0.));
#2881=DIRECTION('',(0.,1.,0.));
#2882=DIRECTION('',(0.,1.,0.));
#2883=DIRECTION('',(-1.,0.,0.));
#2884=DIRECTION('',(0.,1.,3.46944695195362E-16));
#2885=DIRECTION('',(0.,-3.46944695195362E-16,1.));
#2886=DIRECTION('',(-1.,0.,0.));
#2887=DIRECTION('',(0.,-3.46944695195362E-16,1.));
#2888=DIRECTION('',(0.,-3.46944695195362E-16,1.));
#2889=DIRECTION('',(0.,0.,-1.));
#2890=DIRECTION('',(0.,1.,0.));
#2891=DIRECTION('',(0.,1.,0.));
#2892=DIRECTION('',(0.,1.,0.));
#2893=DIRECTION('',(0.,-1.,0.));
#2894=DIRECTION('',(-1.,0.,0.));
#2895=DIRECTION('',(0.,-1.,0.));
#2896=DIRECTION('',(0.,0.,1.));
#2897=DIRECTION('',(0.,-1.,0.));
#2898=DIRECTION('',(0.,-1.,0.));
#2899=DIRECTION('',(0.,-1.,0.));
#2900=DIRECTION('',(-1.,0.,0.));
#2901=DIRECTION('',(0.,1.,0.));
#2902=DIRECTION('',(1.,0.,0.));
#2903=DIRECTION('',(0.,1.,0.));
#2904=DIRECTION('',(1.,0.,0.));
#2905=DIRECTION('',(0.,0.,-1.));
#2906=DIRECTION('',(0.,1.,0.));
#2907=DIRECTION('',(0.,-1.,0.));
#2908=DIRECTION('',(0.,-1.,0.));
#2909=DIRECTION('',(0.,1.,0.));
#2910=DIRECTION('',(1.,0.,0.));
#2911=DIRECTION('',(0.,-1.,0.));
#2912=DIRECTION('',(0.,1.,0.));
#2913=DIRECTION('',(0.,0.,1.));
#2914=DIRECTION('',(1.,0.,0.));
#2915=DIRECTION('',(0.,-1.,0.));
#2916=DIRECTION('',(1.,0.,0.));
#2917=DIRECTION('',(0.,-1.,0.));
#2918=DIRECTION('',(1.,0.,0.));
#2919=DIRECTION('',(0.,-1.,0.));
#2920=DIRECTION('',(1.,0.,0.));
#2921=DIRECTION('',(0.,-1.,0.));
#2922=DIRECTION('',(1.,0.,0.));
#2923=DIRECTION('',(0.,-1.,0.));
#2924=DIRECTION('',(1.,0.,0.));
#2925=DIRECTION('',(0.,-1.,0.));
#2926=DIRECTION('',(1.,0.,0.));
#2927=DIRECTION('',(0.,-1.,0.));
#2928=DIRECTION('',(0.,0.,1.));
#2929=DIRECTION('',(1.,0.,0.));
#2930=DIRECTION('',(-1.,0.,0.));
#2931=DIRECTION('',(0.,-1.,0.));
#2932=DIRECTION('',(0.,-1.,0.));
#2933=DIRECTION('',(0.,1.,0.));
#2934=DIRECTION('',(1.,0.,0.));
#2935=DIRECTION('',(0.,1.,0.));
#2936=DIRECTION('',(1.,0.,0.));
#2937=DIRECTION('',(0.,0.,1.));
#2938=DIRECTION('',(0.,0.,1.));
#2939=DIRECTION('',(0.,0.,1.));
#2940=DIRECTION('',(1.,0.,0.));
#2941=DIRECTION('',(1.,0.,0.));
#2942=DIRECTION('',(0.,1.,0.));
#2943=DIRECTION('',(0.,-1.,0.));
#2944=DIRECTION('',(-1.,0.,0.));
#2945=DIRECTION('',(0.,-1.,0.));
#2946=DIRECTION('',(-1.,0.,0.));
#2947=DIRECTION('',(0.,0.,1.));
#2948=DIRECTION('',(-8.451572774959E-15,1.,0.));
#2949=DIRECTION('',(1.,8.451572774959E-15,0.));
#2950=DIRECTION('',(-8.451572774959E-15,1.,0.));
#2951=DIRECTION('',(1.,8.451572774959E-15,0.));
#2952=DIRECTION('',(0.,0.,1.));
#2953=DIRECTION('',(-1.,-8.451572774959E-15,0.));
#2954=DIRECTION('',(0.,0.,1.));
#2955=DIRECTION('',(1.,0.,0.));
#2956=DIRECTION('',(-5.55111512312578E-15,1.,0.));
#2957=DIRECTION('',(-1.,0.,0.));
#2958=DIRECTION('',(0.,1.,0.));
#2959=DIRECTION('',(1.,0.,0.));
#2960=DIRECTION('',(0.,-1.,0.));
#2961=DIRECTION('',(1.,5.55111512312578E-15,0.));
#2962=DIRECTION('',(5.55111512312578E-15,-1.,0.));
#2963=DIRECTION('',(-1.,0.,0.));
#2964=DIRECTION('',(0.,1.,0.));
#2965=DIRECTION('',(0.,-1.,0.));
#2966=DIRECTION('',(-1.,0.,0.));
#2967=DIRECTION('',(0.,-1.,0.));
#2968=DIRECTION('',(-1.,0.,0.));
#2969=DIRECTION('',(0.,-1.,0.));
#2970=DIRECTION('',(-1.,0.,0.));
#2971=DIRECTION('',(0.,-1.,0.));
#2972=DIRECTION('',(-1.,0.,0.));
#2973=DIRECTION('',(-1.,0.,0.));
#2974=DIRECTION('',(0.,0.,1.));
#2975=DIRECTION('',(-1.,0.,0.));
#2976=DIRECTION('',(-1.,0.,0.));
#2977=DIRECTION('',(0.,0.,1.));
#2978=DIRECTION('',(0.,-1.,-2.08166817117217E-16));
#2979=DIRECTION('',(0.,-1.,-2.08166817117217E-16));
#2980=DIRECTION('',(0.,-1.,-2.08166817117217E-16));
#2981=DIRECTION('',(0.,-1.,-2.77555756156289E-16));
#2982=DIRECTION('',(0.,1.,0.));
#2983=DIRECTION('',(1.,0.,0.));
#2984=DIRECTION('',(1.,0.,0.));
#2985=DIRECTION('',(0.,0.,1.));
#2986=DIRECTION('',(-1.,0.,0.));
#2987=DIRECTION('',(0.,0.,1.));
#2988=DIRECTION('',(0.,-1.,-2.77555756156289E-16));
#2989=DIRECTION('',(0.,-1.,-2.08166817117217E-16));
#2990=DIRECTION('',(0.,2.77555756156289E-16,-1.));
#2991=DIRECTION('',(0.,1.,2.77555756156289E-16));
#2992=DIRECTION('',(0.,-2.77555756156289E-16,1.));
#2993=DIRECTION('',(0.,-1.,-2.77555756156289E-16));
#2994=DIRECTION('',(0.,2.08166817117217E-16,-1.));
#2995=DIRECTION('',(0.,1.,2.08166817117217E-16));
#2996=DIRECTION('',(0.,0.,1.));
#2997=DIRECTION('',(0.,-1.,0.));
#2998=DIRECTION('',(-1.,0.,0.));
#2999=DIRECTION('',(0.,1.,0.));
#3000=DIRECTION('',(-1.,0.,0.));
#3001=DIRECTION('',(0.,1.,0.));
#3002=DIRECTION('',(-1.,0.,0.));
#3003=DIRECTION('',(0.,1.,0.));
#3004=DIRECTION('',(-1.,0.,0.));
#3005=DIRECTION('',(0.,1.,0.));
#3006=DIRECTION('',(0.,0.,1.));
#3007=DIRECTION('',(0.,-1.,0.));
#3008=DIRECTION('',(0.,0.,1.));
#3009=DIRECTION('',(0.,-1.,0.));
#3010=DIRECTION('',(0.,0.,1.));
#3011=DIRECTION('',(0.,-1.,0.));
#3012=DIRECTION('',(0.,0.,1.));
#3013=DIRECTION('',(0.,-1.,0.));
#3014=DIRECTION('',(0.,0.,1.));
#3015=DIRECTION('',(0.,-1.,0.));
#3016=DIRECTION('',(0.,0.,1.));
#3017=DIRECTION('',(0.,-1.,0.));
#3018=CARTESIAN_POINT('',(0.,0.,0.));
#3019=CARTESIAN_POINT('',(0.096,0.0175,-0.0115));
#3020=CARTESIAN_POINT('',(0.096,0.0175,-0.0115));
#3021=CARTESIAN_POINT('',(0.096,0.01586904935697,-0.0115));
#3022=CARTESIAN_POINT('',(0.096,0.005,-0.0115));
#3023=CARTESIAN_POINT('',(0.09625,0.0175,-0.0115));
#3024=CARTESIAN_POINT('',(0.096,0.01913095064303,-0.0115));
#3025=CARTESIAN_POINT('',(0.096,0.0175,-0.0115));
#3026=CARTESIAN_POINT('',(0.096,0.035,-0.0115));
#3027=CARTESIAN_POINT('',(-1.38777878078145E-17,0.035,-0.0115));
#3028=CARTESIAN_POINT('',(0.1,0.035,-0.0115));
#3029=CARTESIAN_POINT('',(0.1,0.0175,-0.0115));
#3030=CARTESIAN_POINT('',(0.1,0.005,-0.0115));
#3031=CARTESIAN_POINT('',(0.096,0.005,-0.0115));
#3032=CARTESIAN_POINT('',(-1.38777878078145E-17,0.035,0.));
#3033=CARTESIAN_POINT('',(-1.38777878078145E-17,0.035,-0.0115));
#3034=CARTESIAN_POINT('',(-0.1,0.035,-0.0115));
#3035=CARTESIAN_POINT('',(-0.096,0.035,-0.0115));
#3036=CARTESIAN_POINT('',(-0.1,0.035,-0.058));
#3037=CARTESIAN_POINT('',(-0.1,0.035,0.00142058619073867));
#3038=CARTESIAN_POINT('',(-1.38777878078145E-17,0.035,0.00142058619073867));
#3039=CARTESIAN_POINT('',(-0.0925,0.035,0.00142058619073867));
#3040=CARTESIAN_POINT('',(-0.0925,0.035,-0.0574234539782031));
#3041=CARTESIAN_POINT('',(-0.0925,0.035,-0.1425));
#3042=CARTESIAN_POINT('',(0.,0.035,-0.1425));
#3043=CARTESIAN_POINT('',(0.0925,0.035,-0.1425));
#3044=CARTESIAN_POINT('',(0.0925,0.035,-0.0574234539782031));
#3045=CARTESIAN_POINT('',(0.0925,0.035,0.00142058619073867));
#3046=CARTESIAN_POINT('',(-1.38777878078145E-17,0.035,0.00142058619073867));
#3047=CARTESIAN_POINT('',(0.1,0.035,0.00142058619073867));
#3048=CARTESIAN_POINT('',(0.1,0.035,-0.058));
#3049=CARTESIAN_POINT('',(0.096,0.035,0.));
#3050=CARTESIAN_POINT('',(0.096,0.035,-0.0625));
#3051=CARTESIAN_POINT('',(-1.38777878078145E-17,0.035,-0.0625));
#3052=CARTESIAN_POINT('',(0.1,0.035,-0.0625));
#3053=CARTESIAN_POINT('',(0.1,0.035,-0.058));
#3054=CARTESIAN_POINT('',(0.1,0.035,-0.146));
#3055=CARTESIAN_POINT('',(0.096,0.035,-0.146));
#3056=CARTESIAN_POINT('',(0.096,0.035,-0.15));
#3057=CARTESIAN_POINT('',(0.,0.035,-0.15));
#3058=CARTESIAN_POINT('',(-0.096,0.035,-0.15));
#3059=CARTESIAN_POINT('',(-0.096,0.035,-0.146));
#3060=CARTESIAN_POINT('',(-0.1,0.035,-0.146));
#3061=CARTESIAN_POINT('',(-0.1,0.035,-0.058));
#3062=CARTESIAN_POINT('',(-0.1,0.035,-0.0625));
#3063=CARTESIAN_POINT('',(-1.38777878078145E-17,0.035,-0.0625));
#3064=CARTESIAN_POINT('',(-0.096,0.035,-0.0625));
#3065=CARTESIAN_POINT('',(-0.096,0.035,0.));
#3066=CARTESIAN_POINT('',(0.0956643028458098,0.035,-0.14566430284581));
#3067=CARTESIAN_POINT('',(0.0973143028458098,0.035,-0.14566430284581));
#3068=CARTESIAN_POINT('',(-0.0956643028458098,0.035,-0.14566430284581));
#3069=CARTESIAN_POINT('',(-0.0940143028458098,0.035,-0.14566430284581));
#3070=CARTESIAN_POINT('',(0.1,0.005,-0.058));
#3071=CARTESIAN_POINT('',(0.1,0.00875,-0.082));
#3072=CARTESIAN_POINT('',(0.1,0.0071,-0.082));
#3073=CARTESIAN_POINT('',(0.1,0.02625,-0.082));
#3074=CARTESIAN_POINT('',(0.1,0.0246,-0.082));
#3075=CARTESIAN_POINT('',(0.1,0.005,0.00142058619073867));
#3076=CARTESIAN_POINT('',(0.1,0.00250000000000084,0.00142058619073867));
#3077=CARTESIAN_POINT('',(0.1,0.00250000000000084,-0.00857941380926133));
#3078=CARTESIAN_POINT('',(0.1,0.00250000000000084,-0.00857941380926133));
#3079=CARTESIAN_POINT('',(0.1,0.005,-0.00857941380926133));
#3080=CARTESIAN_POINT('',(0.1,0.,-0.00857941380926133));
#3081=CARTESIAN_POINT('',(0.1,0.,-0.058));
#3082=CARTESIAN_POINT('',(0.1,0.,-0.146));
#3083=CARTESIAN_POINT('',(0.1,0.005,-0.146));
#3084=CARTESIAN_POINT('',(0.1,0.0175,-0.0625));
#3085=CARTESIAN_POINT('',(0.1,0.005,-0.0625));
#3086=CARTESIAN_POINT('',(0.1,0.005,-0.037));
#3087=CARTESIAN_POINT('',(-0.1,0.005,-0.058));
#3088=CARTESIAN_POINT('',(-0.1,0.00875,-0.082));
#3089=CARTESIAN_POINT('',(-0.1,0.0071,-0.082));
#3090=CARTESIAN_POINT('',(-0.1,0.02625,-0.082));
#3091=CARTESIAN_POINT('',(-0.1,0.0246,-0.082));
#3092=CARTESIAN_POINT('',(-0.1,0.0175,-0.0115));
#3093=CARTESIAN_POINT('',(-0.1,0.005,-0.0115));
#3094=CARTESIAN_POINT('',(-0.1,0.005,-0.037));
#3095=CARTESIAN_POINT('',(-0.1,0.005,-0.0625));
#3096=CARTESIAN_POINT('',(-0.1,0.0175,-0.0625));
#3097=CARTESIAN_POINT('',(-0.1,0.005,-0.146));
#3098=CARTESIAN_POINT('',(-0.1,0.,-0.146));
#3099=CARTESIAN_POINT('',(-0.1,0.,-0.058));
#3100=CARTESIAN_POINT('',(-0.1,0.,-0.00857941380926133));
#3101=CARTESIAN_POINT('',(-0.1,0.005,-0.00857941380926133));
#3102=CARTESIAN_POINT('',(-0.1,0.0025,-0.00857941380926133));
#3103=CARTESIAN_POINT('',(-0.1,0.0025,-0.00857941380926133));
#3104=CARTESIAN_POINT('',(-0.1,0.0025,0.00142058619073867));
#3105=CARTESIAN_POINT('',(-0.1,0.005,0.00142058619073867));
#3106=CARTESIAN_POINT('',(-0.119,0.00675,-0.037));
#3107=CARTESIAN_POINT('',(-0.096,0.00675,-0.058));
#3108=CARTESIAN_POINT('',(-0.096,0.00675,-0.042));
#3109=CARTESIAN_POINT('',(-0.096,0.00675,-0.032));
#3110=CARTESIAN_POINT('',(-0.119,0.00675,-0.032));
#3111=CARTESIAN_POINT('',(-0.0925,0.00675,-0.032));
#3112=CARTESIAN_POINT('',(-0.0925,0.00675,-0.0574234539782031));
#3113=CARTESIAN_POINT('',(-0.0925,0.00675,-0.042));
#3114=CARTESIAN_POINT('',(-0.119,0.00675,-0.042));
#3115=CARTESIAN_POINT('',(-0.119,0.0175,-0.042));
#3116=CARTESIAN_POINT('',(-0.119,0.02825,-0.042));
#3117=CARTESIAN_POINT('',(-0.096,0.02825,-0.042));
#3118=CARTESIAN_POINT('',(-0.0925,0.02825,-0.042));
#3119=CARTESIAN_POINT('',(-0.096,0.0175,-0.042));
#3120=CARTESIAN_POINT('',(-0.0925,0.035,-0.042));
#3121=CARTESIAN_POINT('',(-0.119,0.02825,-0.037));
#3122=CARTESIAN_POINT('',(-0.119,0.02825,-0.032));
#3123=CARTESIAN_POINT('',(-0.096,0.02825,-0.032));
#3124=CARTESIAN_POINT('',(-0.0925,0.02825,-0.032));
#3125=CARTESIAN_POINT('',(-0.096,0.02825,-0.058));
#3126=CARTESIAN_POINT('',(-0.0925,0.02825,-0.0574234539782031));
#3127=CARTESIAN_POINT('',(-0.119,0.0175,-0.032));
#3128=CARTESIAN_POINT('',(-0.096,0.0175,-0.032));
#3129=CARTESIAN_POINT('',(-0.0925,0.035,-0.032));
#3130=CARTESIAN_POINT('',(-0.09,0.07,0.00142058619073867));
#3131=CARTESIAN_POINT('',(-0.09625,0.0175,0.00142058619073867));
#3132=CARTESIAN_POINT('',(-0.09625,0.01585,0.00142058619073867));
#3133=CARTESIAN_POINT('',(0.09625,0.0175,0.00142058619073867));
#3134=CARTESIAN_POINT('',(0.09625,0.01585,0.00142058619073867));
#3135=CARTESIAN_POINT('',(-0.032,0.00375,0.00142058619073867));
#3136=CARTESIAN_POINT('',(-0.032,0.005,0.00142058619073867));
#3137=CARTESIAN_POINT('',(-0.032,0.0025,0.00142058619073867));
#3138=CARTESIAN_POINT('',(-1.38777878078145E-17,0.005,0.00142058619073867));
#3139=CARTESIAN_POINT('',(-0.0925,0.005,0.00142058619073867));
#3140=CARTESIAN_POINT('',(-0.0925,0.035,0.00142058619073867));
#3141=CARTESIAN_POINT('',(-0.06875,0.0025,0.00142058619073867));
#3142=CARTESIAN_POINT('',(-0.0365,0.0025,0.00142058619073867));
#3143=CARTESIAN_POINT('',(-0.0365,0.00125,0.00142058619073867));
#3144=CARTESIAN_POINT('',(-0.0365,0.,0.00142058619073867));
#3145=CARTESIAN_POINT('',(-1.38777878078145E-17,0.,0.00142058619073867));
#3146=CARTESIAN_POINT('',(0.0365,0.,0.00142058619073867));
#3147=CARTESIAN_POINT('',(0.0365,0.00125000000000032,0.00142058619073867));
#3148=CARTESIAN_POINT('',(0.0365,0.00250000000000031,0.00142058619073867));
#3149=CARTESIAN_POINT('',(0.06875,0.00250000000000058,0.00142058619073867));
#3150=CARTESIAN_POINT('',(0.0925,0.035,0.00142058619073867));
#3151=CARTESIAN_POINT('',(0.0925,0.005,0.00142058619073867));
#3152=CARTESIAN_POINT('',(-1.38777878078145E-17,0.005,0.00142058619073867));
#3153=CARTESIAN_POINT('',(0.032,0.005,0.00142058619073867));
#3154=CARTESIAN_POINT('',(0.032,0.00375,0.00142058619073867));
#3155=CARTESIAN_POINT('',(0.032,0.0025,0.00142058619073867));
#3156=CARTESIAN_POINT('',(0.,0.0025,0.00142058619073867));
#3157=CARTESIAN_POINT('',(-1.38777878078145E-17,0.005,0.));
#3158=CARTESIAN_POINT('',(-0.06225,0.005,-0.00357941380926133));
#3159=CARTESIAN_POINT('',(-0.0639,0.005,-0.00357941380926133));
#3160=CARTESIAN_POINT('',(0.06225,0.005,-0.00357941380926133));
#3161=CARTESIAN_POINT('',(0.0606,0.005,-0.00357941380926133));
#3162=CARTESIAN_POINT('',(-0.032,0.005,-0.00857941380926133));
#3163=CARTESIAN_POINT('',(-0.032,0.005,-0.00857941380926133));
#3164=CARTESIAN_POINT('',(-1.38777878078145E-17,0.005,-0.00857941380926133));
#3165=CARTESIAN_POINT('',(0.032,0.005,-0.00857941380926133));
#3166=CARTESIAN_POINT('',(0.032,0.005,-0.00857941380926133));
#3167=CARTESIAN_POINT('',(0.0925,0.005,0.));
#3168=CARTESIAN_POINT('',(0.0925,0.005,-0.148));
#3169=CARTESIAN_POINT('',(-1.38777878078145E-17,0.005,-0.148));
#3170=CARTESIAN_POINT('',(0.0495,0.005,-0.148));
#3171=CARTESIAN_POINT('',(0.0495,0.005,-0.148));
#3172=CARTESIAN_POINT('',(0.0495,0.005,-0.1425));
#3173=CARTESIAN_POINT('',(-1.38777878078145E-17,0.005,-0.1425));
#3174=CARTESIAN_POINT('',(-0.0925,0.005,-0.1425));
#3175=CARTESIAN_POINT('',(-0.0925,0.005,0.));
#3176=CARTESIAN_POINT('',(-1.38777878078145E-17,0.,0.));
#3177=CARTESIAN_POINT('',(0.,0.,-0.00357941380926133));
#3178=CARTESIAN_POINT('',(0.00165,0.,-0.00357941380926133));
#3179=CARTESIAN_POINT('',(-0.0956643028458098,0.,-0.14566430284581));
#3180=CARTESIAN_POINT('',(-0.0940143028458098,0.,-0.14566430284581));
#3181=CARTESIAN_POINT('',(0.0956643028458098,0.,-0.14566430284581));
#3182=CARTESIAN_POINT('',(0.0973143028458098,0.,-0.14566430284581));
#3183=CARTESIAN_POINT('',(-1.38777878078145E-17,0.,-0.00857941380926133));
#3184=CARTESIAN_POINT('',(0.0365,0.,-0.00857941380926133));
#3185=CARTESIAN_POINT('',(0.0365,0.,-0.00857941380926133));
#3186=CARTESIAN_POINT('',(-0.0365,0.,-0.00857941380926133));
#3187=CARTESIAN_POINT('',(-0.0365,0.,-0.00857941380926133));
#3188=CARTESIAN_POINT('',(-1.38777878078145E-17,0.,-0.00857941380926133));
#3189=CARTESIAN_POINT('',(-0.096,0.,-0.146));
#3190=CARTESIAN_POINT('',(-0.096,0.,-0.15));
#3191=CARTESIAN_POINT('',(0.,0.,-0.15));
#3192=CARTESIAN_POINT('',(0.096,0.,-0.15));
#3193=CARTESIAN_POINT('',(0.096,0.,-0.146));
#3194=CARTESIAN_POINT('',(0.,0.035,-0.1425));
#3195=CARTESIAN_POINT('',(0.02135,0.007875,-0.1425));
#3196=CARTESIAN_POINT('',(0.02135,0.00865,-0.1425));
#3197=CARTESIAN_POINT('',(0.,0.035,-0.1425));
#3198=CARTESIAN_POINT('',(-0.02135,0.007875,-0.1425));
#3199=CARTESIAN_POINT('',(-0.02135,0.00865,-0.1425));
#3200=CARTESIAN_POINT('',(0.,0.035,-0.1425));
#3201=CARTESIAN_POINT('',(-0.02135,0.027125,-0.1425));
#3202=CARTESIAN_POINT('',(-0.02135,0.0279,-0.1425));
#3203=CARTESIAN_POINT('',(0.,0.035,-0.1425));
#3204=CARTESIAN_POINT('',(0.02135,0.027125,-0.1425));
#3205=CARTESIAN_POINT('',(0.02135,0.0279,-0.1425));
#3206=CARTESIAN_POINT('',(0.02135,0.007875,-0.139));
#3207=CARTESIAN_POINT('',(0.02135,0.007875,-0.139));
#3208=CARTESIAN_POINT('',(0.02135,0.00865,-0.139));
#3209=CARTESIAN_POINT('',(-0.02135,0.007875,-0.139));
#3210=CARTESIAN_POINT('',(-0.02135,0.007875,-0.139));
#3211=CARTESIAN_POINT('',(-0.02135,0.00865,-0.139));
#3212=CARTESIAN_POINT('',(-0.02135,0.027125,-0.139));
#3213=CARTESIAN_POINT('',(-0.02135,0.027125,-0.139));
#3214=CARTESIAN_POINT('',(-0.02135,0.0279,-0.139));
#3215=CARTESIAN_POINT('',(-0.0195360679672415,0.0257119757977752,-0.139));
#3216=CARTESIAN_POINT('',(-0.0195360679672415,0.0257119757977752,-0.1425));
#3217=CARTESIAN_POINT('',(-0.0201506013601017,0.0249230849884361,-0.1425));
#3218=CARTESIAN_POINT('',(-0.0189215345743812,0.0265008666071143,-0.1425));
#3219=CARTESIAN_POINT('',(-0.0189215345743812,0.0265008666071143,-0.139));
#3220=CARTESIAN_POINT('',(-0.0189215345743812,0.0265008666071143,-0.139));
#3221=CARTESIAN_POINT('',(-0.0195360679672415,0.0257119757977752,-0.139));
#3222=CARTESIAN_POINT('',(-0.0201506013601017,0.0249230849884361,-0.139));
#3223=CARTESIAN_POINT('',(-0.0201506013601017,0.0249230849884361,-0.139));
#3224=CARTESIAN_POINT('',(-0.0195360679672415,0.00928802420222481,-0.139));
#3225=CARTESIAN_POINT('',(-0.0195360679672415,0.00928802420222481,-0.1425));
#3226=CARTESIAN_POINT('',(-0.0201506013601017,0.0100769150115639,-0.1425));
#3227=CARTESIAN_POINT('',(-0.0189215345743812,0.00849913339288569,-0.1425));
#3228=CARTESIAN_POINT('',(-0.0201506013601017,0.0100769150115639,-0.139));
#3229=CARTESIAN_POINT('',(-0.0201506013601017,0.0100769150115639,-0.139));
#3230=CARTESIAN_POINT('',(-0.0195360679672415,0.00928802420222481,-0.139));
#3231=CARTESIAN_POINT('',(-0.0189215345743812,0.00849913339288569,-0.139));
#3232=CARTESIAN_POINT('',(-0.0189215345743812,0.00849913339288569,-0.139));
#3233=CARTESIAN_POINT('',(0.0195360679672415,0.00928802420222481,-0.139));
#3234=CARTESIAN_POINT('',(0.0195360679672415,0.00928802420222481,-0.1425));
#3235=CARTESIAN_POINT('',(0.0201506013601017,0.0100769150115639,-0.1425));
#3236=CARTESIAN_POINT('',(0.0189215345743812,0.00849913339288569,-0.1425));
#3237=CARTESIAN_POINT('',(0.0189215345743812,0.00849913339288569,-0.139));
#3238=CARTESIAN_POINT('',(0.0189215345743812,0.00849913339288569,-0.139));
#3239=CARTESIAN_POINT('',(0.0195360679672415,0.00928802420222481,-0.139));
#3240=CARTESIAN_POINT('',(0.0201506013601017,0.0100769150115639,-0.139));
#3241=CARTESIAN_POINT('',(0.0201506013601017,0.0100769150115639,-0.139));
#3242=CARTESIAN_POINT('',(0.02135,0.027125,-0.139));
#3243=CARTESIAN_POINT('',(0.02135,0.027125,-0.139));
#3244=CARTESIAN_POINT('',(0.02135,0.0279,-0.139));
#3245=CARTESIAN_POINT('',(0.0195360679672415,0.0257119757977752,-0.139));
#3246=CARTESIAN_POINT('',(0.0195360679672415,0.0257119757977752,-0.1425));
#3247=CARTESIAN_POINT('',(0.0201506013601017,0.024923084988436,-0.1425));
#3248=CARTESIAN_POINT('',(0.0189215345743812,0.0265008666071143,-0.1425));
#3249=CARTESIAN_POINT('',(0.0201506013601017,0.0249230849884361,-0.139));
#3250=CARTESIAN_POINT('',(0.0201506013601017,0.0249230849884361,-0.139));
#3251=CARTESIAN_POINT('',(0.0195360679672415,0.0257119757977752,-0.139));
#3252=CARTESIAN_POINT('',(0.0189215345743812,0.0265008666071143,-0.139));
#3253=CARTESIAN_POINT('',(0.0189215345743812,0.0265008666071143,-0.139));
#3254=CARTESIAN_POINT('',(0.,0.0175,-0.1475));
#3255=CARTESIAN_POINT('',(-0.01275,0.0175,-0.1475));
#3256=CARTESIAN_POINT('',(-0.0196793656262884,0.00974475067988064,-0.1475));
#3257=CARTESIAN_POINT('',(-0.00254411934226154,0.0155,-0.1475));
#3258=CARTESIAN_POINT('',(-0.02135,0.007875,-0.1475));
#3259=CARTESIAN_POINT('',(-0.0190616901836638,0.00685,-0.1475));
#3260=CARTESIAN_POINT('',(0.,0.00685,-0.1475));
#3261=CARTESIAN_POINT('',(0.0190616901836638,0.00685,-0.1475));
#3262=CARTESIAN_POINT('',(0.02135,0.007875,-0.1475));
#3263=CARTESIAN_POINT('',(0.0196793656262884,0.00974475067988064,-0.1475));
#3264=CARTESIAN_POINT('',(0.01275,0.0175,-0.1475));
#3265=CARTESIAN_POINT('',(0.00254411934226154,0.0155,-0.1475));
#3266=CARTESIAN_POINT('',(0.,0.0155,-0.1475));
#3267=CARTESIAN_POINT('',(0.02135,0.007875,-0.1475));
#3268=CARTESIAN_POINT('',(0.0190616901836638,0.00685,-0.1475));
#3269=CARTESIAN_POINT('',(0.0190616901836638,0.00685,-0.139));
#3270=CARTESIAN_POINT('',(0.02135,0.007875,-0.139));
#3271=CARTESIAN_POINT('',(0.02135,0.007875,-0.1425));
#3272=CARTESIAN_POINT('',(0.0196793656262884,0.00974475067988064,-0.1425));
#3273=CARTESIAN_POINT('',(0.0196793656262884,0.00974475067988064,-0.1475));
#3274=CARTESIAN_POINT('',(0.,0.0175,-0.139));
#3275=CARTESIAN_POINT('',(0.02135,0.00685,-0.139));
#3276=CARTESIAN_POINT('',(0.0236383098163362,0.00685,-0.139));
#3277=CARTESIAN_POINT('',(0.02135,0.007875,-0.139));
#3278=CARTESIAN_POINT('',(0.02135,0.007875,-0.139));
#3279=CARTESIAN_POINT('',(0.02135,0.007875,-0.1425));
#3280=CARTESIAN_POINT('',(0.0236383098163362,0.00685,-0.1425));
#3281=CARTESIAN_POINT('',(0.0236383098163362,0.00685,-0.139));
#3282=CARTESIAN_POINT('',(-0.02135,0.007875,-0.139));
#3283=CARTESIAN_POINT('',(-0.02135,0.007875,-0.1425));
#3284=CARTESIAN_POINT('',(-0.0236383098163362,0.00685,-0.1425));
#3285=CARTESIAN_POINT('',(-0.0236383098163362,0.00685,-0.139));
#3286=CARTESIAN_POINT('',(-0.0236383098163362,0.00685,-0.139));
#3287=CARTESIAN_POINT('',(-0.02135,0.007875,-0.139));
#3288=CARTESIAN_POINT('',(0.,0.0175,-0.139));
#3289=CARTESIAN_POINT('',(-0.02135,0.00685,-0.139));
#3290=CARTESIAN_POINT('',(-0.0190616901836638,0.00685,-0.139));
#3291=CARTESIAN_POINT('',(-0.02135,0.007875,-0.139));
#3292=CARTESIAN_POINT('',(-0.02135,0.007875,-0.1475));
#3293=CARTESIAN_POINT('',(-0.02135,0.007875,-0.1425));
#3294=CARTESIAN_POINT('',(-0.0196793656262884,0.00974475067988064,-0.1425));
#3295=CARTESIAN_POINT('',(-0.0190616901836638,0.00685,-0.1475));
#3296=CARTESIAN_POINT('',(-0.0196793656262884,0.00974475067988064,-0.1475));
#3297=CARTESIAN_POINT('',(-0.02135,0.027125,-0.1475));
#3298=CARTESIAN_POINT('',(-0.0190616901836638,0.02815,-0.1475));
#3299=CARTESIAN_POINT('',(-0.0190616901836638,0.02815,-0.1475));
#3300=CARTESIAN_POINT('',(-0.0190616901836638,0.02815,-0.139));
#3301=CARTESIAN_POINT('',(-0.02135,0.027125,-0.139));
#3302=CARTESIAN_POINT('',(-0.02135,0.027125,-0.1425));
#3303=CARTESIAN_POINT('',(-0.0196793656262884,0.0252552493201194,-0.1425));
#3304=CARTESIAN_POINT('',(-0.0196793656262884,0.0252552493201194,-0.1475));
#3305=CARTESIAN_POINT('',(-0.0196793656262884,0.0252552493201194,-0.1475));
#3306=CARTESIAN_POINT('',(-0.02135,0.027125,-0.1475));
#3307=CARTESIAN_POINT('',(0.,0.0175,-0.139));
#3308=CARTESIAN_POINT('',(-0.02135,0.02815,-0.139));
#3309=CARTESIAN_POINT('',(-0.0236383098163362,0.02815,-0.139));
#3310=CARTESIAN_POINT('',(-0.02135,0.027125,-0.139));
#3311=CARTESIAN_POINT('',(-0.02135,0.027125,-0.139));
#3312=CARTESIAN_POINT('',(-0.02135,0.027125,-0.1425));
#3313=CARTESIAN_POINT('',(-0.0236383098163362,0.02815,-0.1425));
#3314=CARTESIAN_POINT('',(-0.0236383098163362,0.02815,-0.139));
#3315=CARTESIAN_POINT('',(0.,0.035,-0.1425));
#3316=CARTESIAN_POINT('',(0.,0.02815,-0.1425));
#3317=CARTESIAN_POINT('',(-0.02415,0.02815,-0.1425));
#3318=CARTESIAN_POINT('',(-0.02415,0.035,-0.1425));
#3319=CARTESIAN_POINT('',(-0.02415,0.00685,-0.1425));
#3320=CARTESIAN_POINT('',(0.,0.00685,-0.1425));
#3321=CARTESIAN_POINT('',(-0.01275,0.0175,-0.1425));
#3322=CARTESIAN_POINT('',(0.,0.035,-0.1425));
#3323=CARTESIAN_POINT('',(0.,0.02815,-0.1425));
#3324=CARTESIAN_POINT('',(0.0236383098163362,0.02815,-0.1425));
#3325=CARTESIAN_POINT('',(0.02415,0.02815,-0.1425));
#3326=CARTESIAN_POINT('',(0.02135,0.027125,-0.1425));
#3327=CARTESIAN_POINT('',(0.02135,0.027125,-0.1425));
#3328=CARTESIAN_POINT('',(0.0196793656262884,0.0252552493201194,-0.1425));
#3329=CARTESIAN_POINT('',(0.01275,0.0175,-0.1425));
#3330=CARTESIAN_POINT('',(0.,0.00685,-0.1425));
#3331=CARTESIAN_POINT('',(0.02415,0.00685,-0.1425));
#3332=CARTESIAN_POINT('',(0.02415,0.035,-0.1425));
#3333=CARTESIAN_POINT('',(0.02135,0.027125,-0.139));
#3334=CARTESIAN_POINT('',(0.0236383098163362,0.02815,-0.139));
#3335=CARTESIAN_POINT('',(0.0236383098163362,0.02815,-0.139));
#3336=CARTESIAN_POINT('',(0.02135,0.027125,-0.139));
#3337=CARTESIAN_POINT('',(0.,0.0175,-0.139));
#3338=CARTESIAN_POINT('',(0.02135,0.02815,-0.139));
#3339=CARTESIAN_POINT('',(0.0190616901836638,0.02815,-0.139));
#3340=CARTESIAN_POINT('',(0.02135,0.027125,-0.139));
#3341=CARTESIAN_POINT('',(0.02135,0.027125,-0.1475));
#3342=CARTESIAN_POINT('',(0.0190616901836638,0.02815,-0.1475));
#3343=CARTESIAN_POINT('',(0.0190616901836638,0.02815,-0.1475));
#3344=CARTESIAN_POINT('',(0.02135,0.027125,-0.1475));
#3345=CARTESIAN_POINT('',(0.0196793656262884,0.0252552493201194,-0.1475));
#3346=CARTESIAN_POINT('',(0.0196793656262884,0.0252552493201194,-0.1475));
#3347=CARTESIAN_POINT('',(0.,0.0175,-0.1475));
#3348=CARTESIAN_POINT('',(-5.20417042793042E-18,0.02815,-0.1475));
#3349=CARTESIAN_POINT('',(-0.01275,0.0175,-0.1475));
#3350=CARTESIAN_POINT('',(-0.00254411934226154,0.0195,-0.1475));
#3351=CARTESIAN_POINT('',(4.33680868994202E-19,0.0195,-0.1475));
#3352=CARTESIAN_POINT('',(0.00254411934226154,0.0195,-0.1475));
#3353=CARTESIAN_POINT('',(0.01275,0.0175,-0.1475));
#3354=CARTESIAN_POINT('',(4.33680868994202E-19,0.0195,-0.142));
#3355=CARTESIAN_POINT('',(0.00254411934226154,0.0195,-0.142));
#3356=CARTESIAN_POINT('',(0.00254411934226154,0.0195,-0.142));
#3357=CARTESIAN_POINT('',(-0.00254411934226154,0.0195,-0.142));
#3358=CARTESIAN_POINT('',(-0.00254411934226154,0.0195,-0.142));
#3359=CARTESIAN_POINT('',(4.33680868994202E-19,0.0195,-0.142));
#3360=CARTESIAN_POINT('',(0.01275,0.0175,-0.142));
#3361=CARTESIAN_POINT('',(0.01275,0.0175,-0.142));
#3362=CARTESIAN_POINT('',(0.00254411934226154,0.0155,-0.142));
#3363=CARTESIAN_POINT('',(0.00254411934226154,0.0155,-0.142));
#3364=CARTESIAN_POINT('',(0.,0.0155,-0.142));
#3365=CARTESIAN_POINT('',(-0.00254411934226154,0.0155,-0.142));
#3366=CARTESIAN_POINT('',(-0.00254411934226154,0.0155,-0.142));
#3367=CARTESIAN_POINT('',(0.,0.0155,-0.142));
#3368=CARTESIAN_POINT('',(-0.01275,0.0175,-0.142));
#3369=CARTESIAN_POINT('',(-0.01275,0.0175,-0.142));
#3370=CARTESIAN_POINT('',(-0.02415,0.0175,-0.132));
#3371=CARTESIAN_POINT('',(-0.02415,0.02815,-0.132));
#3372=CARTESIAN_POINT('',(-0.02415,0.02815,-0.132));
#3373=CARTESIAN_POINT('',(-0.02415,0.0175,-0.132));
#3374=CARTESIAN_POINT('',(-0.02415,0.00685,-0.132));
#3375=CARTESIAN_POINT('',(-0.02415,0.00685,-0.132));
#3376=CARTESIAN_POINT('',(0.,0.00685,-0.1475));
#3377=CARTESIAN_POINT('',(-0.0238941549081681,0.00685,-0.132));
#3378=CARTESIAN_POINT('',(0.02415,0.00685,-0.132));
#3379=CARTESIAN_POINT('',(0.02415,0.00685,-0.132));
#3380=CARTESIAN_POINT('',(0.02415,0.0175,-0.132));
#3381=CARTESIAN_POINT('',(0.02415,0.02815,-0.132));
#3382=CARTESIAN_POINT('',(0.02415,0.02815,-0.132));
#3383=CARTESIAN_POINT('',(0.02415,0.0175,-0.132));
#3384=CARTESIAN_POINT('',(-5.20417042793042E-18,0.02815,-0.1475));
#3385=CARTESIAN_POINT('',(0.0124058450918319,0.02815,-0.132));
#3386=CARTESIAN_POINT('',(0.00575,0.02815,-0.132));
#3387=CARTESIAN_POINT('',(0.00575,0.02815,-0.132));
#3388=CARTESIAN_POINT('',(0.00575,0.02815,-0.136));
#3389=CARTESIAN_POINT('',(-5.20417042793042E-18,0.02815,-0.136));
#3390=CARTESIAN_POINT('',(-0.00575,0.02815,-0.136));
#3391=CARTESIAN_POINT('',(-0.00575,0.02815,-0.132));
#3392=CARTESIAN_POINT('',(-0.00575,0.02815,-0.132));
#3393=CARTESIAN_POINT('',(-0.0124058450918319,0.02815,-0.132));
#3394=CARTESIAN_POINT('',(0.,0.0175,-0.142));
#3395=CARTESIAN_POINT('',(0.01275,0.0175,-0.142));
#3396=CARTESIAN_POINT('',(0.01275,0.0259,-0.142));
#3397=CARTESIAN_POINT('',(-0.01275,0.0175,-0.142));
#3398=CARTESIAN_POINT('',(-0.01275,0.0259,-0.142));
#3399=CARTESIAN_POINT('',(0.00575,0.02905,-0.132));
#3400=CARTESIAN_POINT('',(0.00575,0.02995,-0.132));
#3401=CARTESIAN_POINT('',(0.00575,0.02995,-0.132));
#3402=CARTESIAN_POINT('',(0.00575,0.02995,-0.136));
#3403=CARTESIAN_POINT('',(0.00575,0.02905,-0.136));
#3404=CARTESIAN_POINT('',(0.00575,0.02905,-0.132));
#3405=CARTESIAN_POINT('',(0.,0.0175,-0.136));
#3406=CARTESIAN_POINT('',(-5.20417042793042E-18,0.02995,-0.136));
#3407=CARTESIAN_POINT('',(-0.00575,0.02995,-0.136));
#3408=CARTESIAN_POINT('',(-0.00575,0.02905,-0.136));
#3409=CARTESIAN_POINT('',(-0.00575,0.02905,-0.132));
#3410=CARTESIAN_POINT('',(-0.00575,0.02995,-0.132));
#3411=CARTESIAN_POINT('',(-0.00575,0.02995,-0.132));
#3412=CARTESIAN_POINT('',(-0.00575,0.02905,-0.132));
#3413=CARTESIAN_POINT('',(0.,0.0175,-0.132));
#3414=CARTESIAN_POINT('',(-0.01485,0.02995,-0.132));
#3415=CARTESIAN_POINT('',(-0.02395,0.02995,-0.132));
#3416=CARTESIAN_POINT('',(-0.02395,0.02795,-0.132));
#3417=CARTESIAN_POINT('',(-0.02595,0.02795,-0.132));
#3418=CARTESIAN_POINT('',(-0.02595,0.0175,-0.132));
#3419=CARTESIAN_POINT('',(-0.02595,0.00704999999999989,-0.132));
#3420=CARTESIAN_POINT('',(-0.02395,0.00704999999999989,-0.132));
#3421=CARTESIAN_POINT('',(-0.02395,0.00504999999999989,-0.132));
#3422=CARTESIAN_POINT('',(-1.38777878078145E-17,0.00504999999999989,-0.132));
#3423=CARTESIAN_POINT('',(0.02395,0.00504999999999988,-0.132));
#3424=CARTESIAN_POINT('',(0.02395,0.0070499999999999,-0.132));
#3425=CARTESIAN_POINT('',(0.02595,0.00704999999999989,-0.132));
#3426=CARTESIAN_POINT('',(0.02595,0.0175,-0.132));
#3427=CARTESIAN_POINT('',(0.02595,0.02795,-0.132));
#3428=CARTESIAN_POINT('',(0.02395,0.02795,-0.132));
#3429=CARTESIAN_POINT('',(0.02395,0.02995,-0.132));
#3430=CARTESIAN_POINT('',(0.01485,0.02995,-0.132));
#3431=CARTESIAN_POINT('',(0.01275,0.0175,-0.082));
#3432=CARTESIAN_POINT('',(0.01275,0.0175,-0.15));
#3433=CARTESIAN_POINT('',(0.01275,0.0259,-0.15));
#3434=CARTESIAN_POINT('',(-0.01275,0.0175,-0.082));
#3435=CARTESIAN_POINT('',(-0.01275,0.0175,-0.15));
#3436=CARTESIAN_POINT('',(-0.01275,0.0259,-0.15));
#3437=CARTESIAN_POINT('',(-0.02595,0.0175,-0.132));
#3438=CARTESIAN_POINT('',(-0.02595,0.02795,-0.132));
#3439=CARTESIAN_POINT('',(-0.02595,0.02795,-0.1425));
#3440=CARTESIAN_POINT('',(-0.02595,0.035,-0.1425));
#3441=CARTESIAN_POINT('',(-0.02595,0.0070499999999999,-0.1425));
#3442=CARTESIAN_POINT('',(-0.02595,0.00704999999999989,-0.132));
#3443=CARTESIAN_POINT('',(-0.02395,0.00704999999999989,-0.132));
#3444=CARTESIAN_POINT('',(-0.02395,0.00704999999999989,-0.1425));
#3445=CARTESIAN_POINT('',(-0.02395,0.00504999999999988,-0.1425));
#3446=CARTESIAN_POINT('',(-0.02395,0.00504999999999989,-0.132));
#3447=CARTESIAN_POINT('',(-1.38777878078145E-17,0.00504999999999989,-0.132));
#3448=CARTESIAN_POINT('',(0.,0.0050499999999999,-0.1425));
#3449=CARTESIAN_POINT('',(0.02395,0.0050499999999999,-0.1425));
#3450=CARTESIAN_POINT('',(0.02395,0.00504999999999988,-0.132));
#3451=CARTESIAN_POINT('',(0.02395,0.0070499999999999,-0.132));
#3452=CARTESIAN_POINT('',(0.02395,0.0070499999999999,-0.1425));
#3453=CARTESIAN_POINT('',(0.02595,0.00704999999999989,-0.1425));
#3454=CARTESIAN_POINT('',(0.02595,0.00704999999999989,-0.132));
#3455=CARTESIAN_POINT('',(0.02595,0.0175,-0.132));
#3456=CARTESIAN_POINT('',(0.02595,0.035,-0.1425));
#3457=CARTESIAN_POINT('',(0.02595,0.02795,-0.1425));
#3458=CARTESIAN_POINT('',(0.02595,0.02795,-0.132));
#3459=CARTESIAN_POINT('',(0.02395,0.02795,-0.132));
#3460=CARTESIAN_POINT('',(0.02395,0.02795,-0.1425));
#3461=CARTESIAN_POINT('',(0.02395,0.02995,-0.1425));
#3462=CARTESIAN_POINT('',(0.02395,0.02995,-0.132));
#3463=CARTESIAN_POINT('',(0.01485,0.02995,-0.132));
#3464=CARTESIAN_POINT('',(0.,0.02995,-0.1425));
#3465=CARTESIAN_POINT('',(-0.02395,0.02995,-0.1425));
#3466=CARTESIAN_POINT('',(-0.02395,0.02995,-0.132));
#3467=CARTESIAN_POINT('',(-0.02395,0.02795,-0.132));
#3468=CARTESIAN_POINT('',(-0.02395,0.02795,-0.1425));
#3469=CARTESIAN_POINT('',(0.08175,0.0066,-0.1675));
#3470=CARTESIAN_POINT('',(0.076,0.0066,-0.1675));
#3471=CARTESIAN_POINT('',(0.076,0.0066,-0.15));
#3472=CARTESIAN_POINT('',(0.076,0.0066,-0.148));
#3473=CARTESIAN_POINT('',(0.08175,0.0066,-0.148));
#3474=CARTESIAN_POINT('',(0.0875,0.0066,-0.148));
#3475=CARTESIAN_POINT('',(0.0875,0.0066,-0.1675));
#3476=CARTESIAN_POINT('',(0.0875,0.0066,-0.15));
#3477=CARTESIAN_POINT('',(0.,0.0066,-0.15));
#3478=CARTESIAN_POINT('',(0.0875,0.00885,-0.1675));
#3479=CARTESIAN_POINT('',(0.0875,0.005,-0.15));
#3480=CARTESIAN_POINT('',(0.0875,0.0111,-0.15));
#3481=CARTESIAN_POINT('',(0.0875,0.00885,-0.148));
#3482=CARTESIAN_POINT('',(0.0875,0.0111,-0.148));
#3483=CARTESIAN_POINT('',(0.0875,0.0111,-0.1675));
#3484=CARTESIAN_POINT('',(0.08175,0.0111,-0.1675));
#3485=CARTESIAN_POINT('',(0.,0.0111,-0.15));
#3486=CARTESIAN_POINT('',(0.076,0.0111,-0.15));
#3487=CARTESIAN_POINT('',(0.08175,0.0111,-0.148));
#3488=CARTESIAN_POINT('',(0.076,0.0111,-0.148));
#3489=CARTESIAN_POINT('',(0.076,0.0111,-0.1675));
#3490=CARTESIAN_POINT('',(0.076,0.00885,-0.1675));
#3491=CARTESIAN_POINT('',(0.076,0.00885,-0.148));
#3492=CARTESIAN_POINT('',(0.076,0.005,-0.15));
#3493=CARTESIAN_POINT('',(0.06025,0.0111,-0.1675));
#3494=CARTESIAN_POINT('',(0.066,0.0111,-0.1675));
#3495=CARTESIAN_POINT('',(0.066,0.0111,-0.15));
#3496=CARTESIAN_POINT('',(0.066,0.0111,-0.148));
#3497=CARTESIAN_POINT('',(0.06025,0.0111,-0.148));
#3498=CARTESIAN_POINT('',(0.0545,0.0111,-0.148));
#3499=CARTESIAN_POINT('',(0.0545,0.0111,-0.1675));
#3500=CARTESIAN_POINT('',(0.0545,0.0111,-0.15));
#3501=CARTESIAN_POINT('',(9.2015766986596E-19,0.0111,-0.15));
#3502=CARTESIAN_POINT('',(0.0545,0.00885,-0.1675));
#3503=CARTESIAN_POINT('',(0.0545,0.00885,-0.148));
#3504=CARTESIAN_POINT('',(0.0545,0.0066,-0.148));
#3505=CARTESIAN_POINT('',(0.0545,0.0066,-0.1675));
#3506=CARTESIAN_POINT('',(0.0545,0.0066,-0.15));
#3507=CARTESIAN_POINT('',(0.0545,0.005,-0.15));
#3508=CARTESIAN_POINT('',(0.06025,0.0066,-0.1675));
#3509=CARTESIAN_POINT('',(2.41352831440253E-19,0.0066,-0.15));
#3510=CARTESIAN_POINT('',(0.066,0.0066,-0.15));
#3511=CARTESIAN_POINT('',(0.06025,0.0066,-0.148));
#3512=CARTESIAN_POINT('',(0.066,0.0066,-0.148));
#3513=CARTESIAN_POINT('',(0.066,0.0066,-0.1675));
#3514=CARTESIAN_POINT('',(0.066,0.00885,-0.1675));
#3515=CARTESIAN_POINT('',(0.066,0.005,-0.15));
#3516=CARTESIAN_POINT('',(0.066,0.00885,-0.148));
#3517=CARTESIAN_POINT('',(0.071,0.012,-0.148));
#3518=CARTESIAN_POINT('',(0.071,0.012,-0.1425));
#3519=CARTESIAN_POINT('',(0.0925,0.012,-0.1425));
#3520=CARTESIAN_POINT('',(0.0495,0.012,-0.1425));
#3521=CARTESIAN_POINT('',(0.0495,0.012,-0.148));
#3522=CARTESIAN_POINT('',(0.0495,0.012,-0.148));
#3523=CARTESIAN_POINT('',(0.071,0.012,-0.148));
#3524=CARTESIAN_POINT('',(0.0925,0.012,-0.148));
#3525=CARTESIAN_POINT('',(0.0925,0.012,-0.148));
#3526=CARTESIAN_POINT('',(0.119,0.00675,-0.037));
#3527=CARTESIAN_POINT('',(0.096,0.00675,-0.058));
#3528=CARTESIAN_POINT('',(0.096,0.00675,-0.042));
#3529=CARTESIAN_POINT('',(0.096,0.00675,-0.032));
#3530=CARTESIAN_POINT('',(0.119,0.00675,-0.042));
#3531=CARTESIAN_POINT('',(0.0925,0.00675,-0.042));
#3532=CARTESIAN_POINT('',(0.0925,0.00675,-0.0574234539782031));
#3533=CARTESIAN_POINT('',(0.0925,0.00675,-0.032));
#3534=CARTESIAN_POINT('',(0.119,0.00675,-0.032));
#3535=CARTESIAN_POINT('',(0.119,0.0175,-0.032));
#3536=CARTESIAN_POINT('',(0.096,0.0175,-0.032));
#3537=CARTESIAN_POINT('',(0.096,0.02825,-0.032));
#3538=CARTESIAN_POINT('',(0.0925,0.035,-0.032));
#3539=CARTESIAN_POINT('',(0.0925,0.02825,-0.032));
#3540=CARTESIAN_POINT('',(0.119,0.02825,-0.032));
#3541=CARTESIAN_POINT('',(0.119,0.02825,-0.037));
#3542=CARTESIAN_POINT('',(0.119,0.02825,-0.042));
#3543=CARTESIAN_POINT('',(0.096,0.02825,-0.042));
#3544=CARTESIAN_POINT('',(0.0925,0.02825,-0.042));
#3545=CARTESIAN_POINT('',(0.096,0.02825,-0.058));
#3546=CARTESIAN_POINT('',(0.0925,0.02825,-0.0574234539782031));
#3547=CARTESIAN_POINT('',(0.119,0.0175,-0.042));
#3548=CARTESIAN_POINT('',(0.096,0.0175,-0.042));
#3549=CARTESIAN_POINT('',(0.0925,0.035,-0.042));
#3550=CARTESIAN_POINT('',(-0.096,0.005,-0.146));
#3551=CARTESIAN_POINT('',(-0.096,0.005,-0.15));
#3552=CARTESIAN_POINT('',(0.,0.005,-0.15));
#3553=CARTESIAN_POINT('',(0.096,0.005,-0.15));
#3554=CARTESIAN_POINT('',(0.096,0.005,-0.146));
#3555=CARTESIAN_POINT('',(-0.0956643028458098,0.,-0.14566430284581));
#3556=CARTESIAN_POINT('',(0.0956643028458098,0.,-0.14566430284581));
#3557=CARTESIAN_POINT('',(0.,0.035,-0.1425));
#3558=CARTESIAN_POINT('',(0.0925,0.035,-0.1425));
#3559=CARTESIAN_POINT('',(-0.0925,0.035,-0.1425));
#3560=CARTESIAN_POINT('',(0.0495,0.0085,-0.1425));
#3561=CARTESIAN_POINT('',(0.0495,0.0085,-0.148));
#3562=CARTESIAN_POINT('',(0.0495,0.0085,-0.148));
#3563=CARTESIAN_POINT('',(0.,0.02,-0.148));
#3564=CARTESIAN_POINT('',(0.0925,0.035,-0.148));
#3565=CARTESIAN_POINT('',(0.0925,0.035,-0.0574234539782031));
#3566=CARTESIAN_POINT('',(0.0925,0.00875,-0.082));
#3567=CARTESIAN_POINT('',(0.0925,0.0071,-0.082));
#3568=CARTESIAN_POINT('',(0.0925,0.02625,-0.082));
#3569=CARTESIAN_POINT('',(0.0925,0.0246,-0.082));
#3570=CARTESIAN_POINT('',(-0.0925,0.035,-0.0574234539782031));
#3571=CARTESIAN_POINT('',(-0.0925,0.00875,-0.082));
#3572=CARTESIAN_POINT('',(-0.0925,0.0071,-0.082));
#3573=CARTESIAN_POINT('',(-0.0925,0.02625,-0.082));
#3574=CARTESIAN_POINT('',(-0.0925,0.0246,-0.082));
#3575=CARTESIAN_POINT('',(0.,0.0175,-0.00857941380926133));
#3576=CARTESIAN_POINT('',(0.,0.0025,-0.00857941380926133));
#3577=CARTESIAN_POINT('',(0.032,0.0025,-0.00857941380926133));
#3578=CARTESIAN_POINT('',(-0.032,0.0025,-0.00857941380926133));
#3579=CARTESIAN_POINT('',(0.032,0.00375,-0.00857941380926133));
#3580=CARTESIAN_POINT('',(-0.032,0.00375,-0.00857941380926133));
#3581=CARTESIAN_POINT('',(0.,0.0025,-0.00857941380926133));
#3582=CARTESIAN_POINT('',(0.,0.0025,-0.00357941380926133));
#3583=CARTESIAN_POINT('',(0.00165,0.0025,-0.00357941380926133));
#3584=CARTESIAN_POINT('',(0.032,0.0025,-0.00857941380926133));
#3585=CARTESIAN_POINT('',(-0.032,0.0025,-0.00857941380926133));
#3586=CARTESIAN_POINT('',(0.,0.0175,-0.00857941380926133));
#3587=CARTESIAN_POINT('',(-0.06875,0.0025,-0.00857941380926133));
#3588=CARTESIAN_POINT('',(-0.0365,0.0025,-0.00857941380926133));
#3589=CARTESIAN_POINT('',(-0.0365,0.00125,-0.00857941380926133));
#3590=CARTESIAN_POINT('',(-0.06875,0.0025,-0.00857941380926133));
#3591=CARTESIAN_POINT('',(-0.06225,0.0025,-0.00357941380926133));
#3592=CARTESIAN_POINT('',(-0.0639,0.0025,-0.00357941380926133));
#3593=CARTESIAN_POINT('',(-0.0365,0.0025,-0.00857941380926133));
#3594=CARTESIAN_POINT('',(0.06875,0.00250000000000058,-0.00857941380926133));
#3595=CARTESIAN_POINT('',(0.06225,0.00250000000000052,-0.00357941380926133));
#3596=CARTESIAN_POINT('',(0.0639,0.00250000000000053,-0.00357941380926133));
#3597=CARTESIAN_POINT('',(0.0365,0.00250000000000031,-0.00857941380926133));
#3598=CARTESIAN_POINT('',(0.0365,0.00250000000000031,-0.00857941380926133));
#3599=CARTESIAN_POINT('',(0.06875,0.00250000000000058,-0.00857941380926133));
#3600=CARTESIAN_POINT('',(0.,0.0175,-0.00857941380926133));
#3601=CARTESIAN_POINT('',(0.0365,0.00125000000000032,-0.00857941380926133));
#3602=CARTESIAN_POINT('',(0.032,0.00375,-0.00857941380926133));
#3603=CARTESIAN_POINT('',(-0.0365,0.00125,-0.00857941380926133));
#3604=CARTESIAN_POINT('',(0.0365,0.00125000000000032,-0.00857941380926133));
#3605=CARTESIAN_POINT('',(-0.032,0.00375,-0.00857941380926133));
#3606=CARTESIAN_POINT('',(0.06225,0.005,-0.00357941380926133));
#3607=CARTESIAN_POINT('',(-0.06225,0.005,-0.00357941380926133));
#3608=CARTESIAN_POINT('',(0.,0.005,-0.00357941380926133));
#3609=CARTESIAN_POINT('',(-0.096,0.005,-0.037));
#3610=CARTESIAN_POINT('',(-0.096,0.005,-0.0115));
#3611=CARTESIAN_POINT('',(-0.096,0.005,-0.0115));
#3612=CARTESIAN_POINT('',(-0.096,0.005,-0.037));
#3613=CARTESIAN_POINT('',(-0.096,0.005,-0.0625));
#3614=CARTESIAN_POINT('',(-0.096,0.005,-0.0625));
#3615=CARTESIAN_POINT('',(-0.096,0.0175,-0.037));
#3616=CARTESIAN_POINT('',(-0.096,0.0175,-0.0115));
#3617=CARTESIAN_POINT('',(-0.096,0.01586904935697,-0.0115));
#3618=CARTESIAN_POINT('',(-0.096,0.0175,-0.0115));
#3619=CARTESIAN_POINT('',(-0.096,0.01913095064303,-0.0115));
#3620=CARTESIAN_POINT('',(-0.096,0.0175,-0.0115));
#3621=CARTESIAN_POINT('',(-0.096,0.0175,-0.0625));
#3622=CARTESIAN_POINT('',(0.096,0.005,-0.037));
#3623=CARTESIAN_POINT('',(0.096,0.005,-0.0625));
#3624=CARTESIAN_POINT('',(0.096,0.005,-0.0625));
#3625=CARTESIAN_POINT('',(0.096,0.005,-0.037));
#3626=CARTESIAN_POINT('',(0.096,0.0175,-0.037));
#3627=CARTESIAN_POINT('',(0.096,0.0175,-0.0625));
#3628=CARTESIAN_POINT('',(0.096,0.0175,-0.0115));
#3629=CARTESIAN_POINT('',(-0.096,0.0175,-0.0625));
#3630=CARTESIAN_POINT('',(0.096,0.0175,-0.0625));
#3631=CARTESIAN_POINT('',(-0.096,0.0175,-0.0115));
#3632=CARTESIAN_POINT('',(-0.09625,0.0175,-0.0115));
#3633=CARTESIAN_POINT('',(0.103,0.02625,-0.082));
#3634=CARTESIAN_POINT('',(0.103,0.00875,-0.082));
#3635=CARTESIAN_POINT('',(0.103,0.02625,-0.082));
#3636=CARTESIAN_POINT('',(0.103,0.00875,-0.082));
#3637=CARTESIAN_POINT('',(0.09625,0.0175,-0.0115));
#3638=CARTESIAN_POINT('',(0.09625,0.0175,-0.0115));
#3639=CARTESIAN_POINT('',(0.09625,0.0175,-0.0115));
#3640=CARTESIAN_POINT('',(-0.09625,0.0175,-0.0115));
#3641=CARTESIAN_POINT('',(-0.09625,0.0175,-0.0115));
#3642=CARTESIAN_POINT('',(-0.09625,0.0175,-0.0115));
#3643=MECHANICAL_DESIGN_GEOMETRIC_PRESENTATION_REPRESENTATION('',(#2212),
#3644);
#3644=(
GEOMETRIC_REPRESENTATION_CONTEXT(3)
GLOBAL_UNCERTAINTY_ASSIGNED_CONTEXT((#3645))
GLOBAL_UNIT_ASSIGNED_CONTEXT((#3648,#3647,#3646))
REPRESENTATION_CONTEXT('Back Base','TOP_LEVEL_ASSEMBLY_PART')
);
#3645=UNCERTAINTY_MEASURE_WITH_UNIT(LENGTH_MEASURE(1.E-8),#3648,
'DISTANCE_ACCURACY_VALUE','Maximum Tolerance applied to model');
#3646=(
NAMED_UNIT(*)
SI_UNIT($,.STERADIAN.)
SOLID_ANGLE_UNIT()
);
#3647=(
NAMED_UNIT(*)
PLANE_ANGLE_UNIT()
SI_UNIT($,.RADIAN.)
);
#3648=(
LENGTH_UNIT()
NAMED_UNIT(*)
SI_UNIT($,.METRE.)
);
#3649=PRODUCT_DEFINITION_SHAPE('','',#3650);
#3650=PRODUCT_DEFINITION('','',#3652,#3651);
#3651=PRODUCT_DEFINITION_CONTEXT('',#3658,'design');
#3652=PRODUCT_DEFINITION_FORMATION_WITH_SPECIFIED_SOURCE('','',#3654,
 .NOT_KNOWN.);
#3653=PRODUCT_RELATED_PRODUCT_CATEGORY('','',(#3654));
#3654=PRODUCT('Back Base','Back Base','Back Base',(#3656));
#3655=PRODUCT_CATEGORY('','');
#3656=PRODUCT_CONTEXT('',#3658,'mechanical');
#3657=APPLICATION_PROTOCOL_DEFINITION('international standard',
'ap242_managed_model_based_3d_engineering',2020,#3658);
#3658=APPLICATION_CONTEXT('managed model based 3d engineering');
ENDSEC;
END-ISO-10303-21;
